Linea_id,Casa,Cantidad_asignada,Costo_asignado,Metodo,Confianza,Justificacion
1672,Casa 4,3.0,41652.21,Directo núcleo Casa 4,Alta,Núcleo convencional confirmado
1673,Casa 4,3.0,42812.399999999994,Directo núcleo Casa 4,Alta,Núcleo convencional confirmado
1674,Casa 4,3.0,41652.21,Directo núcleo Casa 4,Alta,Núcleo convencional confirmado
1675,Casa 4,60.0,136938.0,Directo núcleo Casa 4,Alta,Núcleo convencional confirmado
1676,Casa 4,200.0,254160.0,Directo núcleo Casa 4,Alta,Núcleo convencional confirmado
1685,Casa 4,3.0,42812.399999999994,Directo núcleo Casa 4,Alta,Núcleo convencional confirmado
1693,Casa 4,40.0,224778.80000000002,Directo núcleo Casa 4,Alta,Núcleo convencional confirmado
1705,Casa 4,300.0,136923.0,Directo núcleo Casa 4,Alta,Núcleo convencional confirmado
1716,Casa 4,200.0,91282.0,Directo núcleo Casa 4,Alta,Núcleo convencional confirmado
1717,Casa 4,300.0,136923.0,Directo núcleo Casa 4,Alta,Núcleo convencional confirmado
1718,Casa 4,3.0,42812.399999999994,Directo núcleo Casa 4,Alta,Núcleo convencional confirmado
1719,Casa 4,100.0,127080.0,Directo núcleo Casa 4,Alta,Núcleo convencional confirmado
1720,Casa 4,15.0,84292.05,Directo núcleo Casa 4,Alta,Núcleo convencional confirmado
1741,Casa 4,40.0,18265.6,Directo núcleo Casa 4,Alta,Núcleo convencional confirmado
1746,Casa 4,3.0,42811.56,Directo núcleo Casa 4,Alta,Núcleo convencional confirmado
1747,Casa 4,3.0,41651.01,Directo núcleo Casa 4,Alta,Núcleo convencional confirmado
1748,Casa 4,15.0,84288.3,Directo núcleo Casa 4,Alta,Núcleo convencional confirmado
1749,Casa 4,100.0,130385.99999999999,Directo núcleo Casa 4,Alta,Núcleo convencional confirmado
1767,Casa 4,50.0,280973.5,Directo núcleo Casa 4,Alta,Núcleo convencional confirmado
1768,Casa 4,3.0,41652.21,Directo núcleo Casa 4,Alta,Núcleo convencional confirmado
1769,Casa 4,3.0,41652.21,Directo núcleo Casa 4,Alta,Núcleo convencional confirmado
1770,Casa 4,3.0,42812.399999999994,Directo núcleo Casa 4,Alta,Núcleo convencional confirmado
1771,Casa 4,3.0,42812.399999999994,Directo núcleo Casa 4,Alta,Núcleo convencional confirmado
1779,Casa 4,20.0,26566.399999999998,Directo núcleo Casa 4,Alta,Núcleo convencional confirmado
1782,Casa 4,360.0,125208.0,Directo núcleo Casa 4,Alta,Núcleo convencional confirmado
1784,Casa 4,6.0,7969.92,Directo núcleo Casa 4,Alta,Núcleo convencional confirmado
1791,Casa 4,25.0,33208.0,Directo núcleo Casa 4,Alta,Núcleo convencional confirmado
1792,Casa 4,100.0,34779.0,Directo núcleo Casa 4,Alta,Núcleo convencional confirmado
1793,Casa 4,3.0,42812.399999999994,Directo núcleo Casa 4,Alta,Núcleo convencional confirmado
1794,Casa 4,20.0,117256.6,Directo núcleo Casa 4,Alta,Núcleo convencional confirmado
1795,Casa 4,100.0,34779.0,Directo núcleo Casa 4,Alta,Núcleo convencional confirmado
1796,Casa 4,3.0,42812.399999999994,Directo núcleo Casa 4,Alta,Núcleo convencional confirmado
1800,Casa 4,15.0,87945.0,Directo núcleo Casa 4,Alta,Núcleo convencional confirmado
1801,Casa 4,3.0,42811.56,Directo núcleo Casa 4,Alta,Núcleo convencional confirmado
1802,Casa 4,60.0,22536.600000000002,Directo núcleo Casa 4,Alta,Núcleo convencional confirmado
1806,Casa 4,60.0,22536.600000000002,Directo núcleo Casa 4,Alta,Núcleo convencional confirmado
1807,Casa 4,3.0,42510.899999999994,Directo núcleo Casa 4,Alta,Núcleo convencional confirmado
1819,Casa 4,60.0,22513.2,Directo núcleo Casa 4,Alta,Núcleo convencional confirmado
1820,Casa 4,220.0,82634.2,Directo núcleo Casa 4,Alta,Núcleo convencional confirmado
1823,Casa 4,60.0,22513.2,Directo núcleo Casa 4,Alta,Núcleo convencional confirmado
1825,Casa 4,180.0,67539.6,Directo núcleo Casa 4,Alta,Núcleo convencional confirmado
1826,Casa 4,60.0,22513.2,Directo núcleo Casa 4,Alta,Núcleo convencional confirmado
1829,Casa 4,3.0,42812.399999999994,Directo núcleo Casa 4,Alta,Núcleo convencional confirmado
1834,Casa 4,100.0,134071.0,Directo núcleo Casa 4,Alta,Núcleo convencional confirmado
1835,Casa 4,12.0,70353.95999999999,Directo núcleo Casa 4,Alta,Núcleo convencional confirmado
1859,Casa 4,3.0,41652.21,Directo núcleo Casa 4,Alta,Núcleo convencional confirmado
1867,Casa 4,25.0,146570.75,Directo núcleo Casa 4,Alta,Núcleo convencional confirmado
1868,Casa 4,300.0,112566.00000000001,Directo núcleo Casa 4,Alta,Núcleo convencional confirmado
1878,Casa 4,3.0,42812.399999999994,Directo núcleo Casa 4,Alta,Núcleo convencional confirmado
1887,Casa 4,50.0,67035.5,Directo núcleo Casa 4,Alta,Núcleo convencional confirmado
1889,Casa 4,50.0,67035.5,Directo núcleo Casa 4,Alta,Núcleo convencional confirmado
1894,Casa 4,10.0,58628.3,Directo núcleo Casa 4,Alta,Núcleo convencional confirmado
1915,Casa 4,17.0,99668.11,Directo núcleo Casa 4,Alta,Núcleo convencional confirmado
1917,Casa 4,3.0,41651.01,Directo núcleo Casa 4,Alta,Núcleo convencional confirmado
1918,Casa 4,3.0,42811.56,Directo núcleo Casa 4,Alta,Núcleo convencional confirmado
1979,Casa 4,4.0,23451.32,Directo núcleo Casa 4,Alta,Núcleo convencional confirmado
1981,Casa 4,3.0,41652.21,Directo núcleo Casa 4,Alta,Núcleo convencional confirmado
1994,Casa 4,3.0,42812.399999999994,Directo núcleo Casa 4,Alta,Núcleo convencional confirmado
2006,Casa 4,10.0,58628.3,Directo núcleo Casa 4,Alta,Núcleo convencional confirmado
2015,Casa 4,75.0,28141.500000000004,Directo núcleo Casa 4,Alta,Núcleo convencional confirmado
2016,Casa 4,75.0,28141.500000000004,Directo núcleo Casa 4,Alta,Núcleo convencional confirmado
2019,Casa 4,10.0,58628.3,Directo núcleo Casa 4,Alta,Núcleo convencional confirmado
2020,Casa 4,10.0,58628.3,Directo núcleo Casa 4,Alta,Núcleo convencional confirmado
2038,Casa 4,5.0,29314.15,Directo núcleo Casa 4,Alta,Núcleo convencional confirmado
2129,Casa 4,5.0,29314.15,Directo núcleo Casa 4,Alta,Núcleo convencional confirmado
2220,Casa 4,2.0,11725.66,Directo núcleo Casa 4,Alta,Núcleo convencional confirmado
2222,Casa 4,3.0,17588.489999999998,Directo núcleo Casa 4,Alta,Núcleo convencional confirmado
2275,Casa 4,4.0,23451.32,Directo núcleo Casa 4,Alta,Núcleo convencional confirmado
2368,Casa 1,2.0,4126952.0,Directo estructural,Alta,Factura estructural identificada
2369,Casa 1,2.0,150000.0,Directo estructural,Alta,Factura estructural identificada
2370,Casa 1,1.0,114184.07,Directo estructural,Alta,Factura estructural identificada
2371,Casa 1,1.0,33185.84,Directo estructural,Alta,Factura estructural identificada
2372,Casa 2,1.0,4825807.0,Directo estructural,Alta,Factura estructural identificada
2373,Casa 2,2.0,150000.0,Directo estructural,Alta,Factura estructural identificada
2374,Casa 2,1.0,37500.0,Directo estructural,Alta,Factura estructural identificada
2375,Casa 3,1.0,2110071.0,Directo estructural,Alta,Factura estructural identificada
2376,Casa 3,1.0,75000.0,Directo estructural,Alta,Factura estructural identificada
2377,Casa 3,1.0,2110340.0,Directo estructural,Alta,Factura estructural identificada
2378,Casa 3,1.0,75000.0,Directo estructural,Alta,Factura estructural identificada
2379,Casa 3,1.0,134018.58,Directo estructural,Alta,Factura estructural identificada
2380,Casa 4,1.0,150846.78,Directo estructural,Alta,Factura estructural identificada
2381,Casa 4,1.0,46750.0,Directo estructural,Alta,Factura estructural identificada
2382,Casa 4,1.0,160131.86,Directo estructural,Alta,Factura estructural identificada
1,Casa 1,0.25,553.0975,Reconstrucción analítica,Baja,Balance receta + etapa + fecha
1,Casa 2,0.25,553.0975,Reconstrucción analítica,Baja,Balance receta + etapa + fecha
1,Casa 3,0.25,553.0975,Reconstrucción analítica,Media,Balance receta + etapa + fecha
1,Casa 4,0.25,553.0975,Reconstrucción analítica,Baja,Balance receta + etapa + fecha
8,Casa 1,0.25,752.2125,Reconstrucción analítica,Baja,Balance receta + etapa + fecha
8,Casa 2,0.25,752.2125,Reconstrucción analítica,Baja,Balance receta + etapa + fecha
8,Casa 3,0.25,752.2125,Reconstrucción analítica,Media,Balance receta + etapa + fecha
8,Casa 4,0.25,752.2125,Reconstrucción analítica,Baja,Balance receta + etapa + fecha
9,Casa 1,0.5,442.48,Reconstrucción analítica,Baja,Balance receta + etapa + fecha
9,Casa 2,0.5,442.48,Reconstrucción analítica,Baja,Balance receta + etapa + fecha
10,Casa 3,0.5,442.48,Reconstrucción analítica,Media,Balance receta + etapa + fecha
10,Casa 4,0.5,442.48,Reconstrucción analítica,Baja,Balance receta + etapa + fecha
11,Casa 2,1.0,1084.07,Reconstrucción analítica,Baja,Balance receta + etapa + fecha
12,Casa 2,1.0,1084.07,Reconstrucción analítica,Baja,Balance receta + etapa + fecha
13,Casa 2,1.0,1084.07,Reconstrucción analítica,Baja,Balance receta + etapa + fecha
79,Casa 1,2.0,2532.74,Reconstrucción analítica,Media,Balance receta + etapa + fecha
80,Casa 1,2.0,1592.92,Reconstrucción analítica,Media,Balance receta + etapa + fecha
426,Casa 1,4.0,3876.12,Reconstrucción analítica,Alta,Balance receta + etapa + fecha
675,Casa 1,1.0,2345.13,Reconstrucción analítica,Baja,Balance receta + etapa + fecha
1057,Casa 1,2.5,3196.9,Reconstrucción analítica,Baja,Balance receta + etapa + fecha
1057,Casa 2,2.5,3196.9,Reconstrucción analítica,Baja,Balance receta + etapa + fecha
1246,Casa 2,4.0,26290.28,Reconstrucción analítica,Baja,Balance receta + etapa + fecha
1776,Casa 2,2.0,2592.92,Reconstrucción analítica,Baja,Balance receta + etapa + fecha
1776,Casa 3,11.5,14909.29,Reconstrucción analítica,Baja,Balance receta + etapa + fecha
1776,Casa 4,11.5,14909.29,Reconstrucción analítica,Media,Balance receta + etapa + fecha
14,Casa 1,0.25,1061.9475,Reconstrucción analítica,Baja,Balance receta + etapa + fecha
14,Casa 2,0.25,1061.9475,Reconstrucción analítica,Baja,Balance receta + etapa + fecha
14,Casa 3,0.25,1061.9475,Reconstrucción analítica,Media,Balance receta + etapa + fecha
14,Casa 4,0.25,1061.9475,Reconstrucción analítica,Baja,Balance receta + etapa + fecha
16,Casa 3,0.75,663.72,Reconstrucción analítica,Media,Balance receta + etapa + fecha
16,Casa 4,0.25,221.24,Reconstrucción analítica,Baja,Balance receta + etapa + fecha
17,Casa 4,1.0,884.96,Reconstrucción analítica,Baja,Balance receta + etapa + fecha
106,Casa 1,1.0,2965.35,Reconstrucción analítica,Media,Balance receta + etapa + fecha
305,Casa 1,1.25,3459.1625,Reconstrucción analítica,Media,Balance receta + etapa + fecha
305,Casa 2,0.75,2075.4975,Reconstrucción analítica,Media,Balance receta + etapa + fecha
429,Casa 2,1.5,4150.995,Reconstrucción analítica,Media,Balance receta + etapa + fecha
429,Casa 3,0.5,1383.665,Reconstrucción analítica,Baja,Balance receta + etapa + fecha
559,Casa 3,1.0,2601.29,Reconstrucción analítica,Baja,Balance receta + etapa + fecha
2101,Casa 4,1.0,3694.69,Reconstrucción analítica,Alta,Balance receta + etapa + fecha
18,Casa 1,1.0,2278.76,Reconstrucción analítica,Baja,Balance receta + etapa + fecha
399,Casa 1,1.0,929.2,Reconstrucción analítica,Alta,Balance receta + etapa + fecha
453,Casa 1,1.0,4592.92,Reconstrucción analítica,Alta,Balance receta + etapa + fecha
669,Casa 1,3.0,7035.39,Reconstrucción analítica,Baja,Balance receta + etapa + fecha
724,Casa 1,12.0,22810.56,Reconstrucción analítica,Baja,Balance receta + etapa + fecha
798,Casa 1,2.0,53207.08,Reconstrucción analítica,Baja,Balance receta + etapa + fecha
804,Casa 1,2.0,1212.38,Reconstrucción analítica,Baja,Balance receta + etapa + fecha
817,Casa 1,1.0,734.51,Reconstrucción analítica,Baja,Balance receta + etapa + fecha
831,Casa 1,2.0,2463.72,Reconstrucción analítica,Baja,Balance receta + etapa + fecha
862,Casa 1,1.0,563.72,Reconstrucción analítica,Baja,Balance receta + etapa + fecha
949,Casa 1,5.0,424.79999999999995,Reconstrucción analítica,Baja,Balance receta + etapa + fecha
961,Casa 1,1.0,30080.53,Reconstrucción analítica,Baja,Balance receta + etapa + fecha
1024,Casa 1,1.0,565.49,Reconstrucción analítica,Baja,Balance receta + etapa + fecha
1044,Casa 1,4.0,279.64,Reconstrucción analítica,Baja,Balance receta + etapa + fecha
1045,Casa 1,1.0,784.96,Reconstrucción analítica,Baja,Balance receta + etapa + fecha
1071,Casa 1,4.0,7713.28,Reconstrucción analítica,Baja,Balance receta + etapa + fecha
1083,Casa 1,2.0,40228.32,Reconstrucción analítica,Baja,Balance receta + etapa + fecha
1116,Casa 1,1.0,4944.25,Reconstrucción analítica,Baja,Balance receta + etapa + fecha
1130,Casa 1,1.0,4944.25,Reconstrucción analítica,Baja,Balance receta + etapa + fecha
1188,Casa 1,5.0,915.95,Reconstrucción analítica,Baja,Balance receta + etapa + fecha
1198,Casa 1,10.0,840.6999999999999,Reconstrucción analítica,Baja,Balance receta + etapa + fecha
1225,Casa 1,1.0,26603.54,Reconstrucción analítica,Baja,Balance receta + etapa + fecha
1244,Casa 1,4.0,8438.92,Reconstrucción analítica,Baja,Balance receta + etapa + fecha
1257,Casa 1,2.75,2097.7825000000003,Reconstrucción analítica,Baja,Balance receta + etapa + fecha
1257,Casa 2,0.25,190.7075,Reconstrucción analítica,Baja,Balance receta + etapa + fecha
1263,Casa 2,1.0,5948.67,Reconstrucción analítica,Baja,Balance receta + etapa + fecha
1322,Casa 2,1.0,2125.66,Reconstrucción analítica,Baja,Balance receta + etapa + fecha
1327,Casa 2,3.0,347.79,Reconstrucción analítica,Baja,Balance receta + etapa + fecha
1331,Casa 2,2.0,8076.1,Reconstrucción analítica,Baja,Balance receta + etapa + fecha
1383,Casa 2,1.0,5072.57,Reconstrucción analítica,Baja,Balance receta + etapa + fecha
1405,Casa 2,20.0,1681.3999999999999,Reconstrucción analítica,Baja,Balance receta + etapa + fecha
1409,Casa 2,12.0,828.36,Reconstrucción analítica,Baja,Balance receta + etapa + fecha
1410,Casa 2,5.0,579.6500000000001,Reconstrucción analítica,Baja,Balance receta + etapa + fecha
1419,Casa 2,10.0,840.6999999999999,Reconstrucción analítica,Baja,Balance receta + etapa + fecha
1422,Casa 2,1.0,8745.13,Reconstrucción analítica,Baja,Balance receta + etapa + fecha
1440,Casa 2,5.0,398.25,Reconstrucción analítica,Baja,Balance receta + etapa + fecha
1493,Casa 2,8.0,651.36,Reconstrucción analítica,Baja,Balance receta + etapa + fecha
1511,Casa 2,1.5,100.89000000000001,Reconstrucción analítica,Baja,Balance receta + etapa + fecha
1511,Casa 3,2.5,168.15,Reconstrucción analítica,Media,Balance receta + etapa + fecha
1518,Casa 3,6.0,2925.66,Reconstrucción analítica,Media,Balance receta + etapa + fecha
1524,Casa 3,1.0,31007.96,Reconstrucción analítica,Media,Balance receta + etapa + fecha
1530,Casa 3,6.0,1385.82,Reconstrucción analítica,Media,Balance receta + etapa + fecha
1533,Casa 3,4.0,325.68,Reconstrucción analítica,Media,Balance receta + etapa + fecha
1534,Casa 3,6.0,403.56000000000006,Reconstrucción analítica,Media,Balance receta + etapa + fecha
1544,Casa 3,1.0,4209.73,Reconstrucción analítica,Media,Balance receta + etapa + fecha
1554,Casa 3,1.0,4209.73,Reconstrucción analítica,Media,Balance receta + etapa + fecha
1578,Casa 3,5.0,407.1,Reconstrucción analítica,Media,Balance receta + etapa + fecha
1605,Casa 3,1.0,224.78,Reconstrucción analítica,Media,Balance receta + etapa + fecha
1606,Casa 3,1.0,112.39,Reconstrucción analítica,Media,Balance receta + etapa + fecha
1610,Casa 3,1.0,819.47,Reconstrucción analítica,Media,Balance receta + etapa + fecha
1612,Casa 3,1.0,1131.86,Reconstrucción analítica,Media,Balance receta + etapa + fecha
1614,Casa 3,3.0,6177.87,Reconstrucción analítica,Media,Balance receta + etapa + fecha
1640,Casa 3,1.0,1785.84,Reconstrucción analítica,Media,Balance receta + etapa + fecha
1654,Casa 3,1.0,3267.26,Reconstrucción analítica,Media,Balance receta + etapa + fecha
1666,Casa 3,4.0,923.88,Reconstrucción analítica,Media,Balance receta + etapa + fecha
1752,Casa 3,10.0,637.2,Reconstrucción analítica,Baja,Balance receta + etapa + fecha
1753,Casa 3,10.25,898.0024999999999,Reconstrucción analítica,Baja,Balance receta + etapa + fecha
1753,Casa 4,1.75,153.3175,Reconstrucción analítica,Media,Balance receta + etapa + fecha
1755,Casa 3,5.0,960.1999999999999,Reconstrucción analítica,Baja,Balance receta + etapa + fecha
1875,Casa 4,21.0,2731.89,Reconstrucción analítica,Alta,Balance receta + etapa + fecha
1876,Casa 4,8.0,2010.64,Reconstrucción analítica,Alta,Balance receta + etapa + fecha
1902,Casa 4,10.0,1424.8,Reconstrucción analítica,Alta,Balance receta + etapa + fecha
1903,Casa 4,1.0,8105.31,Reconstrucción analítica,Alta,Balance receta + etapa + fecha
2001,Casa 4,1.0,1064.6,Reconstrucción analítica,Alta,Balance receta + etapa + fecha
2064,Casa 4,1.0,8482.3,Reconstrucción analítica,Alta,Balance receta + etapa + fecha
2072,Casa 4,1.0,1436.28,Reconstrucción analítica,Alta,Balance receta + etapa + fecha
2093,Casa 4,4.0,1624.76,Reconstrucción analítica,Alta,Balance receta + etapa + fecha
2096,Casa 4,1.0,5072.57,Reconstrucción analítica,Alta,Balance receta + etapa + fecha
2100,Casa 4,5.0,685.8499999999999,Reconstrucción analítica,Alta,Balance receta + etapa + fecha
2114,Casa 4,1.0,2230.09,Reconstrucción analítica,Alta,Balance receta + etapa + fecha
2125,Casa 4,1.0,7.96,Reconstrucción analítica,Alta,Balance receta + etapa + fecha
2138,Casa 4,2.0,224523.9,Reconstrucción analítica,Alta,Balance receta + etapa + fecha
2147,Casa 4,1.0,5072.57,Reconstrucción analítica,Alta,Balance receta + etapa + fecha
2186,Casa 4,2.0,41067.26,Reconstrucción analítica,Alta,Balance receta + etapa + fecha
2237,Casa 4,5.0,685.8499999999999,Reconstrucción analítica,Media,Balance receta + etapa + fecha
2252,Casa 4,1.0,3303.54,Reconstrucción analítica,Media,Balance receta + etapa + fecha
2257,Casa 4,1.0,664.6,Reconstrucción analítica,Media,Balance receta + etapa + fecha
2259,Casa 4,1.0,248.67,Reconstrucción analítica,Media,Balance receta + etapa + fecha
2260,Casa 4,1.0,99.12,Reconstrucción analítica,Media,Balance receta + etapa + fecha
2316,Casa 1,1.0,117.7,Reconstrucción analítica,Baja,Balance receta + etapa + fecha
2319,Casa 1,1.0,3049.56,Reconstrucción analítica,Baja,Balance receta + etapa + fecha
19,Casa 3,1.0,1061.95,Reconstrucción analítica,Alta,Balance receta + etapa + fecha
21,Casa 2,1.0,1061.95,Reconstrucción analítica,Baja,Balance receta + etapa + fecha
22,Casa 3,1.0,1061.95,Reconstrucción analítica,Alta,Balance receta + etapa + fecha
23,Casa 2,1.0,1061.95,Reconstrucción analítica,Baja,Balance receta + etapa + fecha
898,Casa 1,2.0,4840.7,Reconstrucción analítica,Baja,Balance receta + etapa + fecha
1073,Casa 1,1.5,2863.2749999999996,Reconstrucción analítica,Baja,Balance receta + etapa + fecha
1073,Casa 2,1.5,2863.2749999999996,Reconstrucción analítica,Baja,Balance receta + etapa + fecha
1259,Casa 3,1.0,3900.0,Reconstrucción analítica,Alta,Balance receta + etapa + fecha
1320,Casa 3,0.5,1952.21,Reconstrucción analítica,Media,Balance receta + etapa + fecha
1320,Casa 4,0.5,1952.21,Reconstrucción analítica,Baja,Balance receta + etapa + fecha
1333,Casa 4,2.0,6893.8,Reconstrucción analítica,Baja,Balance receta + etapa + fecha
2256,Casa 4,1.0,4214.16,Reconstrucción analítica,Media,Balance receta + etapa + fecha
24,Casa 4,1.0,398.23,Reconstrucción analítica,Alta,Balance receta + etapa + fecha
25,Casa 4,1.0,265.49,Reconstrucción analítica,Alta,Balance receta + etapa + fecha
29,Casa 4,1.0,1460.18,Reconstrucción analítica,Alta,Balance receta + etapa + fecha
30,Casa 4,1.0,884.96,Reconstrucción analítica,Alta,Balance receta + etapa + fecha
92,Casa 1,2.0,6557.52,Reconstrucción analítica,Media,Balance receta + etapa + fecha
191,Casa 1,1.0,3672.57,Reconstrucción analítica,Media,Balance receta + etapa + fecha
631,Casa 1,1.0,3982.3,Reconstrucción analítica,Baja,Balance receta + etapa + fecha
714,Casa 1,1.0,2845.13,Reconstrucción analítica,Baja,Balance receta + etapa + fecha
722,Casa 1,1.0,5088.5,Reconstrucción analítica,Baja,Balance receta + etapa + fecha
781,Casa 1,1.0,31848.67,Reconstrucción analítica,Baja,Balance receta + etapa + fecha
783,Casa 1,2.0,8739.82,Reconstrucción analítica,Baja,Balance receta + etapa + fecha
786,Casa 1,1.0,8060.18,Reconstrucción analítica,Baja,Balance receta + etapa + fecha
866,Casa 1,1.0,3903.54,Reconstrucción analítica,Baja,Balance receta + etapa + fecha
875,Casa 1,1.0,2330.09,Reconstrucción analítica,Baja,Balance receta + etapa + fecha
880,Casa 1,1.0,3907.08,Reconstrucción analítica,Baja,Balance receta + etapa + fecha
881,Casa 1,1.0,11592.92,Reconstrucción analítica,Baja,Balance receta + etapa + fecha
882,Casa 1,1.0,341.59,Reconstrucción analítica,Baja,Balance receta + etapa + fecha
908,Casa 1,1.0,11702.65,Reconstrucción analítica,Baja,Balance receta + etapa + fecha
976,Casa 1,2.0,21258.4,Reconstrucción analítica,Baja,Balance receta + etapa + fecha
1149,Casa 1,1.0,3021.24,Reconstrucción analítica,Baja,Balance receta + etapa + fecha
1186,Casa 1,1.0,10301.77,Reconstrucción analítica,Baja,Balance receta + etapa + fecha
1433,Casa 1,0.5,134.515,Reconstrucción analítica,Baja,Balance receta + etapa + fecha
1433,Casa 2,3.5,941.6049999999999,Reconstrucción analítica,Baja,Balance receta + etapa + fecha
1465,Casa 2,10.0,2637.2000000000003,Reconstrucción analítica,Baja,Balance receta + etapa + fecha
1495,Casa 2,6.0,1582.3200000000002,Reconstrucción analítica,Baja,Balance receta + etapa + fecha
1507,Casa 2,1.0,289.38000000000005,Reconstrucción analítica,Baja,Balance receta + etapa + fecha
1507,Casa 3,4.0,1157.5200000000002,Reconstrucción analítica,Media,Balance receta + etapa + fecha
1510,Casa 3,2.0,555.76,Reconstrucción analítica,Media,Balance receta + etapa + fecha
1581,Casa 3,5.0,1513.25,Reconstrucción analítica,Media,Balance receta + etapa + fecha
1730,Casa 3,1.0,5792.23,Reconstrucción analítica,Baja,Balance receta + etapa + fecha
1815,Casa 3,1.0,1502.65,Reconstrucción analítica,Baja,Balance receta + etapa + fecha
1816,Casa 3,1.0,1045.13,Reconstrucción analítica,Baja,Balance receta + etapa + fecha
1860,Casa 3,1.0,2767.26,Reconstrucción analítica,Baja,Balance receta + etapa + fecha
1973,Casa 3,5.5,2287.6150000000002,Reconstrucción analítica,Baja,Balance receta + etapa + fecha
1973,Casa 4,10.5,4367.265,Reconstrucción analítica,Media,Balance receta + etapa + fecha
2180,Casa 4,6.0,2697.36,Reconstrucción analítica,Alta,Balance receta + etapa + fecha
26,Casa 1,0.25,658.185,Reconstrucción analítica,Baja,Balance receta + etapa + fecha
26,Casa 2,0.25,658.185,Reconstrucción analítica,Baja,Balance receta + etapa + fecha
26,Casa 3,0.25,658.185,Reconstrucción analítica,Baja,Balance receta + etapa + fecha
26,Casa 4,0.25,658.185,Reconstrucción analítica,Media,Balance receta + etapa + fecha
27,Casa 1,0.25,326.3275,Reconstrucción analítica,Baja,Balance receta + etapa + fecha
27,Casa 2,0.25,326.3275,Reconstrucción analítica,Baja,Balance receta + etapa + fecha
27,Casa 3,0.25,326.3275,Reconstrucción analítica,Baja,Balance receta + etapa + fecha
27,Casa 4,0.25,326.3275,Reconstrucción analítica,Media,Balance receta + etapa + fecha
28,Casa 1,0.25,33.185,Reconstrucción analítica,Baja,Balance receta + etapa + fecha
28,Casa 2,0.25,33.185,Reconstrucción analítica,Baja,Balance receta + etapa + fecha
28,Casa 3,0.25,33.185,Reconstrucción analítica,Baja,Balance receta + etapa + fecha
28,Casa 4,0.25,33.185,Reconstrucción analítica,Media,Balance receta + etapa + fecha
31,Casa 3,1.0,398.23,Reconstrucción analítica,Baja,Balance receta + etapa + fecha; Casa 4 excluida: puertas/ventanas pendiente
32,Casa 3,1.0,398.23,Reconstrucción analítica,Baja,Balance receta + etapa + fecha; Casa 4 excluida: puertas/ventanas pendiente
33,Casa 2,1.0,398.23,Reconstrucción analítica,Baja,Balance receta + etapa + fecha; Casa 4 excluida: puertas/ventanas pendiente
34,Casa 1,0.33333333333333304,132.74333333333323,Reconstrucción analítica,Baja,Balance receta + etapa + fecha; Casa 4 excluida: puertas/ventanas pendiente
34,Casa 3,0.666666666666667,265.4866666666668,Reconstrucción analítica,Baja,Balance receta + etapa + fecha; Casa 4 excluida: puertas/ventanas pendiente
641,Casa 1,1.0,4823.01,Reconstrucción analítica,Baja,Balance receta + etapa + fecha; Casa 4 excluida: puertas/ventanas pendiente
1337,Casa 2,1.0,1198.23,Reconstrucción analítica,Baja,Balance receta + etapa + fecha; Casa 4 excluida: puertas/ventanas pendiente
1361,Casa 1,0.3333333333333335,399.4100000000002,Reconstrucción analítica,Baja,Balance receta + etapa + fecha; Casa 4 excluida: puertas/ventanas pendiente
1361,Casa 2,0.6666666666666665,798.8199999999998,Reconstrucción analítica,Baja,Balance receta + etapa + fecha; Casa 4 excluida: puertas/ventanas pendiente
1653,Casa 1,1.0,872.57,Reconstrucción analítica,Baja,Balance receta + etapa + fecha; Casa 4 excluida: puertas/ventanas pendiente
36,Casa 1,1.0,18701.0,Reconstrucción analítica,Alta,Balance receta + etapa + fecha
37,Casa 1,1.0,18701.0,Reconstrucción analítica,Media,Balance receta + etapa + fecha
38,Casa 1,0.25,4675.0,Reconstrucción analítica,Media,Balance receta + etapa + fecha
38,Casa 2,0.75,14025.0,Reconstrucción analítica,Media,Balance receta + etapa + fecha
42,Casa 2,1.0,18700.5,Reconstrucción analítica,Media,Balance receta + etapa + fecha
43,Casa 2,0.5,9350.0,Reconstrucción analítica,Baja,Balance receta + etapa + fecha
43,Casa 3,0.5,9350.0,Reconstrucción analítica,Media,Balance receta + etapa + fecha
51,Casa 4,1.0,37000.0,Reconstrucción analítica,Media,Balance receta + etapa + fecha
1914,Casa 3,1.0,2976.99,Reconstrucción analítica,Media,Balance receta + etapa + fecha
2049,Casa 3,0.75,9805.087500000001,Reconstrucción analítica,Baja,Balance receta + etapa + fecha
2049,Casa 4,1.25,16341.8125,Reconstrucción analítica,Media,Balance receta + etapa + fecha
39,Casa 2,10.0,5650.0,Reconstrucción analítica,Alta,Balance receta + etapa + fecha
45,Casa 3,2.0,1130.0,Reconstrucción analítica,Media,Balance receta + etapa + fecha
49,Casa 3,6.5,3445.0,Reconstrucción analítica,Media,Balance receta + etapa + fecha
49,Casa 4,1.5,795.0,Reconstrucción analítica,Baja,Balance receta + etapa + fecha
351,Casa 1,1.0,376.11,Reconstrucción analítica,Media,Balance receta + etapa + fecha
352,Casa 1,2.0,814.16,Reconstrucción analítica,Media,Balance receta + etapa + fecha
404,Casa 1,20.0,10442.4,Reconstrucción analítica,Media,Balance receta + etapa + fecha
592,Casa 1,30.0,14601.900000000001,Reconstrucción analítica,Alta,Balance receta + etapa + fecha
593,Casa 1,24.5,12791.94,Reconstrucción analítica,Media,Balance receta + etapa + fecha
593,Casa 2,5.5,2871.66,Reconstrucción analítica,Media,Balance receta + etapa + fecha
625,Casa 2,10.0,2289.7999999999997,Reconstrucción analítica,Alta,Balance receta + etapa + fecha
626,Casa 2,10.0,3053.1,Reconstrucción analítica,Alta,Balance receta + etapa + fecha
683,Casa 3,2.0,619.46,Reconstrucción analítica,Media,Balance receta + etapa + fecha
837,Casa 2,15.0,4964.55,Reconstrucción analítica,Alta,Balance receta + etapa + fecha
838,Casa 2,11.0,3348.6200000000003,Reconstrucción analítica,Alta,Balance receta + etapa + fecha
844,Casa 2,5.0,1522.1000000000001,Reconstrucción analítica,Alta,Balance receta + etapa + fecha
907,Casa 2,10.0,2088.5,Reconstrucción analítica,Alta,Balance receta + etapa + fecha
942,Casa 2,1.0,238.05,Reconstrucción analítica,Media,Balance receta + etapa + fecha
942,Casa 3,11.0,2618.55,Reconstrucción analítica,Baja,Balance receta + etapa + fecha
952,Casa 3,5.0,1539.8,Reconstrucción analítica,Baja,Balance receta + etapa + fecha
1223,Casa 3,5.0,951.35,Reconstrucción analítica,Media,Balance receta + etapa + fecha
1224,Casa 3,5.0,1654.8500000000001,Reconstrucción analítica,Media,Balance receta + etapa + fecha
1242,Casa 3,2.0,323.9,Reconstrucción analítica,Media,Balance receta + etapa + fecha
1243,Casa 3,2.0,476.1,Reconstrucción analítica,Media,Balance receta + etapa + fecha
1317,Casa 3,1.0,1250.44,Reconstrucción analítica,Media,Balance receta + etapa + fecha
1318,Casa 3,1.0,876.99,Reconstrucción analítica,Media,Balance receta + etapa + fecha
1319,Casa 3,1.0,349.56,Reconstrucción analítica,Media,Balance receta + etapa + fecha
1362,Casa 3,2.0,1008.84,Reconstrucción analítica,Media,Balance receta + etapa + fecha
1363,Casa 3,1.0,509.73,Reconstrucción analítica,Media,Balance receta + etapa + fecha
1364,Casa 3,1.0,333.63,Reconstrucción analítica,Media,Balance receta + etapa + fecha
1365,Casa 3,1.0,213.27,Reconstrucción analítica,Media,Balance receta + etapa + fecha
1625,Casa 3,3.0,446.01,Reconstrucción analítica,Alta,Balance receta + etapa + fecha
1626,Casa 3,5.0,1672.55,Reconstrucción analítica,Alta,Balance receta + etapa + fecha
1627,Casa 3,5.0,1442.5,Reconstrucción analítica,Alta,Balance receta + etapa + fecha
1646,Casa 3,1.0,281.42,Reconstrucción analítica,Alta,Balance receta + etapa + fecha
1647,Casa 3,1.0,210.62,Reconstrucción analítica,Alta,Balance receta + etapa + fecha
1648,Casa 3,1.0,141.59,Reconstrucción analítica,Alta,Balance receta + etapa + fecha
1667,Casa 3,5.0,898.25,Reconstrucción analítica,Alta,Balance receta + etapa + fecha
1668,Casa 3,8.0,1564.64,Reconstrucción analítica,Alta,Balance receta + etapa + fecha
1743,Casa 4,1.0,350.44,Reconstrucción analítica,Baja,Balance receta + etapa + fecha
1744,Casa 4,1.0,322.12,Reconstrucción analítica,Baja,Balance receta + etapa + fecha
1745,Casa 4,1.0,304.42,Reconstrucción analítica,Baja,Balance receta + etapa + fecha
1787,Casa 4,1.0,281.42,Reconstrucción analítica,Baja,Balance receta + etapa + fecha
1788,Casa 4,1.0,281.42,Reconstrucción analítica,Baja,Balance receta + etapa + fecha
1789,Casa 4,2.0,584.08,Reconstrucción analítica,Baja,Balance receta + etapa + fecha
1790,Casa 4,1.0,283.19,Reconstrucción analítica,Baja,Balance receta + etapa + fecha
1943,Casa 4,10.0,1796.5,Reconstrucción analítica,Media,Balance receta + etapa + fecha
2169,Casa 4,8.0,3150.48,Reconstrucción analítica,Alta,Balance receta + etapa + fecha
2191,Casa 4,6.0,2060.16,Reconstrucción analítica,Alta,Balance receta + etapa + fecha
2192,Casa 4,7.0,2713.27,Reconstrucción analítica,Alta,Balance receta + etapa + fecha
2218,Casa 4,8.0,1415.92,Reconstrucción analítica,Alta,Balance receta + etapa + fecha
2219,Casa 4,7.0,1307.11,Reconstrucción analítica,Alta,Balance receta + etapa + fecha
2239,Casa 4,12.0,2187.6000000000004,Reconstrucción analítica,Alta,Balance receta + etapa + fecha
2267,Casa 4,10.0,3867.3,Reconstrucción analítica,Alta,Balance receta + etapa + fecha
40,Casa 2,5.0,8000.0,Reconstrucción analítica,Alta,Balance receta + etapa + fecha
41,Casa 1,4.5,8100.0,Reconstrucción analítica,Baja,Balance receta + etapa + fecha
41,Casa 3,0.5,900.0,Reconstrucción analítica,Baja,Balance receta + etapa + fecha
46,Casa 3,2.0,9600.0,Reconstrucción analítica,Media,Balance receta + etapa + fecha
622,Casa 1,2.0,6570.8,Reconstrucción analítica,Alta,Balance receta + etapa + fecha
832,Casa 1,0.75,2037.6075,Reconstrucción analítica,Media,Balance receta + etapa + fecha
832,Casa 2,2.25,6112.8225,Reconstrucción analítica,Media,Balance receta + etapa + fecha
928,Casa 3,1.0,2217.7,Reconstrucción analítica,Baja,Balance receta + etapa + fecha
929,Casa 3,0.75,831.6374999999999,Reconstrucción analítica,Baja,Balance receta + etapa + fecha
929,Casa 4,0.25,277.2125,Reconstrucción analítica,Baja,Balance receta + etapa + fecha
939,Casa 3,2.0,3180.54,Reconstrucción analítica,Baja,Balance receta + etapa + fecha
1104,Casa 3,1.0,1152.21,Reconstrucción analítica,Baja,Balance receta + etapa + fecha
1350,Casa 4,1.0,1149.56,Reconstrucción analítica,Baja,Balance receta + etapa + fecha
1635,Casa 4,1.0,5291.15,Reconstrucción analítica,Baja,Balance receta + etapa + fecha
1704,Casa 4,2.0,1812.38,Reconstrucción analítica,Baja,Balance receta + etapa + fecha
2031,Casa 4,3.0,16144.26,Reconstrucción analítica,Media,Balance receta + etapa + fecha
44,Casa 1,1.0,6450.0,Reconstrucción analítica,Baja,Balance receta + etapa + fecha
684,Casa 2,1.0,1991.15,Reconstrucción analítica,Baja,Balance receta + etapa + fecha
687,Casa 1,0.25,1825.22,Reconstrucción analítica,Baja,Balance receta + etapa + fecha
687,Casa 2,0.75,5475.66,Reconstrucción analítica,Baja,Balance receta + etapa + fecha
869,Casa 1,1.0,1512.39,Reconstrucción analítica,Media,Balance receta + etapa + fecha
1374,Casa 2,0.5,1283.185,Reconstrucción analítica,Baja,Balance receta + etapa + fecha
1374,Casa 3,1.5,3849.555,Reconstrucción analítica,Media,Balance receta + etapa + fecha
1618,Casa 3,0.75,5232.0824999999995,Reconstrucción analítica,Media,Balance receta + etapa + fecha
1618,Casa 4,0.25,1744.0275,Reconstrucción analítica,Baja,Balance receta + etapa + fecha
1708,Casa 4,1.0,1619.47,Reconstrucción analítica,Baja,Balance receta + etapa + fecha
1709,Casa 4,1.0,1490.27,Reconstrucción analítica,Baja,Balance receta + etapa + fecha
47,Casa 1,0.25,1500.0,Reconstrucción analítica,Baja,Balance receta + etapa + fecha
47,Casa 2,0.25,1500.0,Reconstrucción analítica,Baja,Balance receta + etapa + fecha
47,Casa 3,0.25,1500.0,Reconstrucción analítica,Media,Balance receta + etapa + fecha
47,Casa 4,0.25,1500.0,Reconstrucción analítica,Baja,Balance receta + etapa + fecha
48,Casa 1,0.25,737.5,Reconstrucción analítica,Baja,Balance receta + etapa + fecha
48,Casa 2,0.25,737.5,Reconstrucción analítica,Baja,Balance receta + etapa + fecha
48,Casa 3,0.25,737.5,Reconstrucción analítica,Media,Balance receta + etapa + fecha
48,Casa 4,0.25,737.5,Reconstrucción analítica,Baja,Balance receta + etapa + fecha
50,Casa 3,0.75,6144.525000000001,Reconstrucción analítica,Baja,Balance receta + etapa + fecha
50,Casa 4,1.25,10240.875,Reconstrucción analítica,Media,Balance receta + etapa + fecha
183,Casa 1,1.0,3938.05,Reconstrucción analítica,Baja,Balance receta + etapa + fecha
371,Casa 1,0.25,3307.5225,Reconstrucción analítica,Media,Balance receta + etapa + fecha
371,Casa 2,0.75,9922.567500000001,Reconstrucción analítica,Baja,Balance receta + etapa + fecha
1639,Casa 2,0.5,2343.365,Reconstrucción analítica,Baja,Balance receta + etapa + fecha
1639,Casa 3,0.5,2343.365,Reconstrucción analítica,Media,Balance receta + etapa + fecha
52,Casa 1,4.0,15192.0,Reconstrucción analítica,Media,Balance receta + etapa + fecha
127,Casa 1,2.0,13207.08,Reconstrucción analítica,Media,Balance receta + etapa + fecha
130,Casa 1,5.0,4831.85,Reconstrucción analítica,Media,Balance receta + etapa + fecha
131,Casa 1,5.0,5234.5,Reconstrucción analítica,Media,Balance receta + etapa + fecha
173,Casa 1,2.0,9824.78,Reconstrucción analítica,Media,Balance receta + etapa + fecha
197,Casa 1,5.0,5752.200000000001,Reconstrucción analítica,Media,Balance receta + etapa + fecha
263,Casa 1,3.25,5507.742499999999,Reconstrucción analítica,Media,Balance receta + etapa + fecha
263,Casa 2,2.25,3813.0525,Reconstrucción analítica,Baja,Balance receta + etapa + fecha
263,Casa 4,0.5,847.3449999999999,Reconstrucción analítica,Baja,Balance receta + etapa + fecha
268,Casa 1,2.0,15486.72,Reconstrucción analítica,Alta,Balance receta + etapa + fecha
280,Casa 2,10.0,12256.6,Reconstrucción analítica,Baja,Balance receta + etapa + fecha
281,Casa 4,4.0,22831.84,Reconstrucción analítica,Baja,Balance receta + etapa + fecha
282,Casa 4,4.0,30973.44,Reconstrucción analítica,Baja,Balance receta + etapa + fecha
318,Casa 3,2.25,6122.789999999999,Reconstrucción analítica,Baja,Balance receta + etapa + fecha
318,Casa 4,0.75,2040.9299999999998,Reconstrucción analítica,Baja,Balance receta + etapa + fecha
319,Casa 2,4.0,22637.16,Reconstrucción analítica,Media,Balance receta + etapa + fecha
355,Casa 4,5.0,3163.7,Reconstrucción analítica,Baja,Balance receta + etapa + fecha
360,Casa 2,8.0,5663.68,Reconstrucción analítica,Media,Balance receta + etapa + fecha
385,Casa 3,6.0,3451.32,Reconstrucción analítica,Baja,Balance receta + etapa + fecha
410,Casa 2,4.0,7610.6,Reconstrucción analítica,Media,Balance receta + etapa + fecha
485,Casa 3,6.0,3451.32,Reconstrucción analítica,Baja,Balance receta + etapa + fecha
517,Casa 3,6.0,4077.8999999999996,Reconstrucción analítica,Baja,Balance receta + etapa + fecha
519,Casa 4,4.0,3907.96,Reconstrucción analítica,Baja,Balance receta + etapa + fecha
520,Casa 3,2.0,1444.24,Reconstrucción analítica,Baja,Balance receta + etapa + fecha
549,Casa 3,1.0,3008.85,Reconstrucción analítica,Baja,Balance receta + etapa + fecha
554,Casa 3,2.0,1504.42,Reconstrucción analítica,Baja,Balance receta + etapa + fecha
556,Casa 4,2.0,1414.16,Reconstrucción analítica,Baja,Balance receta + etapa + fecha
671,Casa 3,1.0,575.22,Reconstrucción analítica,Baja,Balance receta + etapa + fecha
773,Casa 3,2.0,1113.28,Reconstrucción analítica,Baja,Balance receta + etapa + fecha
1735,Casa 4,6.0,2526.84,Reconstrucción analítica,Media,Balance receta + etapa + fecha
1736,Casa 4,2.0,2557.84,Reconstrucción analítica,Media,Balance receta + etapa + fecha
53,Casa 1,2.0,9184.24,Reconstrucción analítica,Media,Balance receta + etapa + fecha
56,Casa 1,2.0,11188.08,Reconstrucción analítica,Media,Balance receta + etapa + fecha
93,Casa 1,2.0,4423.0,Reconstrucción analítica,Media,Balance receta + etapa + fecha
152,Casa 1,1.0,4716.81,Reconstrucción analítica,Media,Balance receta + etapa + fecha
168,Casa 1,1.0,2211.5,Reconstrucción analítica,Media,Balance receta + etapa + fecha
313,Casa 1,1.0,11557.52,Reconstrucción analítica,Alta,Balance receta + etapa + fecha
338,Casa 1,5.75,26943.58,Reconstrucción analítica,Media,Balance receta + etapa + fecha
338,Casa 2,8.25,38658.18000000001,Reconstrucción analítica,Media,Balance receta + etapa + fecha
534,Casa 2,6.5,30457.96,Reconstrucción analítica,Media,Balance receta + etapa + fecha
534,Casa 3,5.5,25772.12,Reconstrucción analítica,Baja,Balance receta + etapa + fecha
1078,Casa 3,2.0,5539.82,Reconstrucción analítica,Media,Balance receta + etapa + fecha
1429,Casa 3,7.25,20421.872499999998,Reconstrucción analítica,Media,Balance receta + etapa + fecha
1429,Casa 4,4.75,13379.8475,Reconstrucción analítica,Baja,Balance receta + etapa + fecha
1446,Casa 4,2.0,5377.0,Reconstrucción analítica,Baja,Balance receta + etapa + fecha
1512,Casa 4,1.0,4860.18,Reconstrucción analítica,Baja,Balance receta + etapa + fecha
1608,Casa 4,1.0,195.58,Reconstrucción analítica,Baja,Balance receta + etapa + fecha
1613,Casa 4,2.0,1690.26,Reconstrucción analítica,Baja,Balance receta + etapa + fecha
2065,Casa 4,4.0,10800.0,Reconstrucción analítica,Alta,Balance receta + etapa + fecha
54,Casa 1,2.0,4414.16,Reconstrucción analítica,Baja,Balance receta + etapa + fecha; Casa 4 excluida: puertas/ventanas pendiente
712,Casa 1,2.0,4753.98,Reconstrucción analítica,Alta,Balance receta + etapa + fecha; Casa 4 excluida: puertas/ventanas pendiente
730,Casa 1,1.0,2907.08,Reconstrucción analítica,Media,Balance receta + etapa + fecha; Casa 4 excluida: puertas/ventanas pendiente
754,Casa 1,19.000000000000007,26734.520000000008,Reconstrucción analítica,Media,Balance receta + etapa + fecha; Casa 4 excluida: puertas/ventanas pendiente
814,Casa 1,3.0,2575.23,Reconstrucción analítica,Media,Balance receta + etapa + fecha; Casa 4 excluida: puertas/ventanas pendiente
840,Casa 2,1.0,62787.61,Reconstrucción analítica,Alta,Balance receta + etapa + fecha; Casa 4 excluida: puertas/ventanas pendiente
849,Casa 2,1.0,1551.33,Reconstrucción analítica,Alta,Balance receta + etapa + fecha; Casa 4 excluida: puertas/ventanas pendiente
850,Casa 2,5.0,11893.800000000001,Reconstrucción analítica,Alta,Balance receta + etapa + fecha; Casa 4 excluida: puertas/ventanas pendiente
919,Casa 2,5.0,38221.25,Reconstrucción analítica,Alta,Balance receta + etapa + fecha; Casa 4 excluida: puertas/ventanas pendiente
954,Casa 2,5.0,2473.45,Reconstrucción analítica,Media,Balance receta + etapa + fecha; Casa 4 excluida: puertas/ventanas pendiente
968,Casa 1,4.333333333333329,2948.96333333333,Reconstrucción analítica,Baja,Balance receta + etapa + fecha; Casa 4 excluida: puertas/ventanas pendiente
968,Casa 2,1.6666666666666714,1134.2166666666699,Reconstrucción analítica,Media,Balance receta + etapa + fecha; Casa 4 excluida: puertas/ventanas pendiente
1042,Casa 2,5.0,3411.5,Reconstrucción analítica,Media,Balance receta + etapa + fecha; Casa 4 excluida: puertas/ventanas pendiente
1055,Casa 2,12.0,8187.599999999999,Reconstrucción analítica,Media,Balance receta + etapa + fecha; Casa 4 excluida: puertas/ventanas pendiente
1160,Casa 1,5.0,3411.5,Reconstrucción analítica,Baja,Balance receta + etapa + fecha; Casa 4 excluida: puertas/ventanas pendiente
1282,Casa 3,4.0,5628.32,Reconstrucción analítica,Media,Balance receta + etapa + fecha; Casa 4 excluida: puertas/ventanas pendiente
1284,Casa 2,0.6666666666666643,682.0066666666643,Reconstrucción analítica,Baja,Balance receta + etapa + fecha; Casa 4 excluida: puertas/ventanas pendiente
1284,Casa 3,3.3333333333333357,3410.0333333333356,Reconstrucción analítica,Media,Balance receta + etapa + fecha; Casa 4 excluida: puertas/ventanas pendiente
1321,Casa 3,1.0,7621.24,Reconstrucción analítica,Media,Balance receta + etapa + fecha; Casa 4 excluida: puertas/ventanas pendiente
1368,Casa 3,1.0,1407.08,Reconstrucción analítica,Media,Balance receta + etapa + fecha; Casa 4 excluida: puertas/ventanas pendiente
1472,Casa 3,1.0,880.53,Reconstrucción analítica,Alta,Balance receta + etapa + fecha; Casa 4 excluida: puertas/ventanas pendiente
2036,Casa 3,1.0,45625.66,Reconstrucción analítica,Baja,Balance receta + etapa + fecha; Casa 4 excluida: puertas/ventanas pendiente
2042,Casa 3,5.0,39840.700000000004,Reconstrucción analítica,Baja,Balance receta + etapa + fecha; Casa 4 excluida: puertas/ventanas pendiente
2060,Casa 3,1.0,60071.68,Reconstrucción analítica,Baja,Balance receta + etapa + fecha; Casa 4 excluida: puertas/ventanas pendiente
2106,Casa 3,12.0,10279.68,Reconstrucción analítica,Baja,Balance receta + etapa + fecha; Casa 4 excluida: puertas/ventanas pendiente
2153,Casa 3,6.0,5139.84,Reconstrucción analítica,Baja,Balance receta + etapa + fecha; Casa 4 excluida: puertas/ventanas pendiente
2198,Casa 3,1.0,3387.61,Reconstrucción analítica,Baja,Balance receta + etapa + fecha; Casa 4 excluida: puertas/ventanas pendiente
55,Casa 1,1.0,275.82,Reconstrucción analítica,Media,Balance receta + etapa + fecha
107,Casa 1,1.0,277.52,Reconstrucción analítica,Media,Balance receta + etapa + fecha
210,Casa 1,3.75,1061.9625,Reconstrucción analítica,Media,Balance receta + etapa + fecha
210,Casa 2,0.25,70.7975,Reconstrucción analítica,Baja,Balance receta + etapa + fecha
275,Casa 2,2.0,566.38,Reconstrucción analítica,Baja,Balance receta + etapa + fecha
311,Casa 2,1.0,150.44,Reconstrucción analítica,Media,Balance receta + etapa + fecha
337,Casa 2,2.0,566.38,Reconstrucción analítica,Media,Balance receta + etapa + fecha
533,Casa 2,0.5,141.59499999999997,Reconstrucción analítica,Media,Balance receta + etapa + fecha
533,Casa 3,2.5,707.975,Reconstrucción analítica,Baja,Balance receta + etapa + fecha
822,Casa 3,2.0,398.24,Reconstrucción analítica,Baja,Balance receta + etapa + fecha
1122,Casa 3,1.0,1292.04,Reconstrucción analítica,Alta,Balance receta + etapa + fecha
1136,Casa 3,0.25,323.01,Reconstrucción analítica,Media,Balance receta + etapa + fecha
1136,Casa 4,0.75,969.03,Reconstrucción analítica,Baja,Balance receta + etapa + fecha
1535,Casa 4,1.0,1114.16,Reconstrucción analítica,Baja,Balance receta + etapa + fecha
2069,Casa 4,3.0,597.36,Reconstrucción analítica,Alta,Balance receta + etapa + fecha
2244,Casa 4,1.0,199.12,Reconstrucción analítica,Media,Balance receta + etapa + fecha
59,Casa 1,5.0,1076.4,Reconstrucción analítica,Media,Balance receta + etapa + fecha
60,Casa 1,5.0,677.75,Reconstrucción analítica,Media,Balance receta + etapa + fecha
62,Casa 1,5.0,21960.0,Reconstrucción analítica,Media,Balance receta + etapa + fecha
137,Casa 1,4.0,19005.32,Reconstrucción analítica,Media,Balance receta + etapa + fecha
169,Casa 1,5.0,845.6,Reconstrucción analítica,Media,Balance receta + etapa + fecha
214,Casa 1,10.0,2389.4,Reconstrucción analítica,Media,Balance receta + etapa + fecha
216,Casa 1,10.0,1504.4,Reconstrucción analítica,Media,Balance receta + etapa + fecha
217,Casa 1,10.0,1415.9,Reconstrucción analítica,Media,Balance receta + etapa + fecha
226,Casa 2,4.0,14690.28,Reconstrucción analítica,Baja,Balance receta + etapa + fecha
228,Casa 1,2.75,389.37250000000006,Reconstrucción analítica,Media,Balance receta + etapa + fecha
228,Casa 2,7.25,1026.5275000000001,Reconstrucción analítica,Baja,Balance receta + etapa + fecha
234,Casa 2,5.0,26106.199999999997,Reconstrucción analítica,Baja,Balance receta + etapa + fecha
235,Casa 2,15.0,2787.6,Reconstrucción analítica,Baja,Balance receta + etapa + fecha
290,Casa 2,15.0,2256.6,Reconstrucción analítica,Baja,Balance receta + etapa + fecha
335,Casa 2,4.0,16106.2,Reconstrucción analítica,Media,Balance receta + etapa + fecha
471,Casa 2,5.0,20132.75,Reconstrucción analítica,Alta,Balance receta + etapa + fecha
540,Casa 2,1.5,265.485,Reconstrucción analítica,Media,Balance receta + etapa + fecha
540,Casa 3,8.5,1504.415,Reconstrucción analítica,Baja,Balance receta + etapa + fecha
553,Casa 3,20.0,2654.8,Reconstrucción analítica,Baja,Balance receta + etapa + fecha
582,Casa 3,4.0,16106.2,Reconstrucción analítica,Baja,Balance receta + etapa + fecha
654,Casa 3,2.0,265.48,Reconstrucción analítica,Media,Balance receta + etapa + fecha
659,Casa 3,5.0,884.95,Reconstrucción analítica,Media,Balance receta + etapa + fecha
662,Casa 3,3.0,16712.4,Reconstrucción analítica,Media,Balance receta + etapa + fecha
672,Casa 3,6.0,3053.1000000000004,Reconstrucción analítica,Baja,Balance receta + etapa + fecha
1119,Casa 3,2.25,5840.055,Reconstrucción analítica,Media,Balance receta + etapa + fecha
1119,Casa 4,3.75,9733.425,Reconstrucción analítica,Baja,Balance receta + etapa + fecha
1133,Casa 3,6.0,15573.48,Reconstrucción analítica,Alta,Balance receta + etapa + fecha
1404,Casa 4,12.0,1115.04,Reconstrucción analítica,Baja,Balance receta + etapa + fecha
1453,Casa 4,2.0,2722.12,Reconstrucción analítica,Baja,Balance receta + etapa + fecha
1489,Casa 4,1.0,1361.06,Reconstrucción analítica,Baja,Balance receta + etapa + fecha
1496,Casa 4,5.0,451.34999999999997,Reconstrucción analítica,Baja,Balance receta + etapa + fecha
1680,Casa 4,5.0,12376.099999999999,Reconstrucción analítica,Media,Balance receta + etapa + fecha
1754,Casa 4,8.0,785.84,Reconstrucción analítica,Media,Balance receta + etapa + fecha
1910,Casa 4,2.0,6180.54,Reconstrucción analítica,Alta,Balance receta + etapa + fecha
2009,Casa 4,4.0,12361.08,Reconstrucción analítica,Alta,Balance receta + etapa + fecha
2099,Casa 4,10.0,1380.5,Reconstrucción analítica,Alta,Balance receta + etapa + fecha
2148,Casa 4,2.0,5681.42,Reconstrucción analítica,Alta,Balance receta + etapa + fecha
2235,Casa 4,2.0,254.86,Reconstrucción analítica,Media,Balance receta + etapa + fecha
61,Casa 1,5.0,837.2,Reconstrucción analítica,Media,Balance receta + etapa + fecha
133,Casa 1,10.0,1208.0,Reconstrucción analítica,Media,Balance receta + etapa + fecha
135,Casa 1,10.0,4429.2,Reconstrucción analítica,Media,Balance receta + etapa + fecha
136,Casa 1,10.0,1691.2,Reconstrucción analítica,Media,Balance receta + etapa + fecha
199,Casa 1,20.0,9734.6,Reconstrucción analítica,Media,Balance receta + etapa + fecha
200,Casa 1,14.5,2694.68,Reconstrucción analítica,Media,Balance receta + etapa + fecha
200,Casa 2,5.5,1022.1200000000001,Reconstrucción analítica,Baja,Balance receta + etapa + fecha
215,Casa 2,10.0,1858.4,Reconstrucción analítica,Baja,Balance receta + etapa + fecha
237,Casa 2,15.0,2787.6,Reconstrucción analítica,Baja,Balance receta + etapa + fecha
238,Casa 2,15.0,7300.950000000001,Reconstrucción analítica,Baja,Balance receta + etapa + fecha
245,Casa 3,20.0,15929.2,Reconstrucción analítica,Baja,Balance receta + etapa + fecha
246,Casa 2,4.0,1345.12,Reconstrucción analítica,Baja,Balance receta + etapa + fecha
246,Casa 3,16.0,5380.48,Reconstrucción analítica,Baja,Balance receta + etapa + fecha
288,Casa 2,20.0,2831.8,Reconstrucción analítica,Baja,Balance receta + etapa + fecha
539,Casa 3,2.5,442.475,Reconstrucción analítica,Baja,Balance receta + etapa + fecha
539,Casa 4,22.5,3982.275,Reconstrucción analítica,Baja,Balance receta + etapa + fecha
563,Casa 3,20.0,9150.4,Reconstrucción analítica,Baja,Balance receta + etapa + fecha
577,Casa 3,10.0,4867.3,Reconstrucción analítica,Baja,Balance receta + etapa + fecha
652,Casa 3,1.0,1221.24,Reconstrucción analítica,Baja,Balance receta + etapa + fecha
656,Casa 4,10.0,1769.9,Reconstrucción analítica,Baja,Balance receta + etapa + fecha
657,Casa 4,10.0,4867.3,Reconstrucción analítica,Baja,Balance receta + etapa + fecha
1532,Casa 4,4.0,251.32,Reconstrucción analítica,Baja,Balance receta + etapa + fecha
1750,Casa 4,4.0,495.56,Reconstrucción analítica,Media,Balance receta + etapa + fecha
1751,Casa 4,4.0,272.56,Reconstrucción analítica,Media,Balance receta + etapa + fecha
2144,Casa 4,10.0,1008.8,Reconstrucción analítica,Alta,Balance receta + etapa + fecha
2238,Casa 4,5.0,504.4,Reconstrucción analítica,Media,Balance receta + etapa + fecha
63,Casa 1,1.0,13365.27,Reconstrucción analítica,Media,Balance receta + etapa + fecha
208,Casa 1,0.75,10280.97,Reconstrucción analítica,Media,Balance receta + etapa + fecha
208,Casa 2,0.25,3426.99,Reconstrucción analítica,Baja,Balance receta + etapa + fecha
278,Casa 2,0.5,6853.98,Reconstrucción analítica,Baja,Balance receta + etapa + fecha
278,Casa 3,0.5,6853.98,Reconstrucción analítica,Baja,Balance receta + etapa + fecha
358,Casa 2,1.0,13707.96,Reconstrucción analítica,Media,Balance receta + etapa + fecha
438,Casa 3,1.0,13707.96,Reconstrucción analítica,Baja,Balance receta + etapa + fecha
658,Casa 3,0.25,716.815,Reconstrucción analítica,Media,Balance receta + etapa + fecha
658,Casa 4,0.75,2150.445,Reconstrucción analítica,Baja,Balance receta + etapa + fecha
1734,Casa 4,1.0,8745.28,Reconstrucción analítica,Media,Balance receta + etapa + fecha
64,Casa 1,1.0,13618.0,Reconstrucción analítica,Media,Balance receta + etapa + fecha
138,Casa 1,2.0,30118.58,Reconstrucción analítica,Media,Balance receta + etapa + fecha
244,Casa 1,4.0,70619.48,Reconstrucción analítica,Media,Balance receta + etapa + fecha
244,Casa 2,1.0,17654.87,Reconstrucción analítica,Baja,Balance receta + etapa + fecha
388,Casa 2,2.0,26902.66,Reconstrucción analítica,Media,Balance receta + etapa + fecha
521,Casa 2,1.0,12913.27,Reconstrucción analítica,Alta,Balance receta + etapa + fecha
585,Casa 2,3.0,40353.99,Reconstrucción analítica,Media,Balance receta + etapa + fecha
585,Casa 3,3.0,40353.99,Reconstrucción analítica,Baja,Balance receta + etapa + fecha
1421,Casa 3,4.0,31185.84,Reconstrucción analítica,Alta,Balance receta + etapa + fecha
1838,Casa 4,4.0,36849.56,Reconstrucción analítica,Alta,Balance receta + etapa + fecha
2004,Casa 4,3.0,28436.28,Reconstrucción analítica,Alta,Balance receta + etapa + fecha
65,Casa 1,4.0,18689.76,Reconstrucción analítica,Media,Balance receta + etapa + fecha
184,Casa 1,1.25,2660.4,Reconstrucción analítica,Media,Balance receta + etapa + fecha
184,Casa 2,2.5,5320.8,Reconstrucción analítica,Baja,Balance receta + etapa + fecha
184,Casa 4,0.25,532.08,Reconstrucción analítica,Baja,Balance receta + etapa + fecha
185,Casa 2,2.75,9795.3625,Reconstrucción analítica,Baja,Balance receta + etapa + fecha
185,Casa 3,5.25,18700.2375,Reconstrucción analítica,Baja,Balance receta + etapa + fecha
383,Casa 4,5.0,23893.800000000003,Reconstrucción analítica,Baja,Balance receta + etapa + fecha
66,Casa 1,60.0,88740.0,Reconstrucción analítica,Alta,Balance receta + etapa + fecha
76,Casa 1,40.0,141920.0,Reconstrucción analítica,Alta,Balance receta + etapa + fecha
109,Casa 1,60.0,67539.6,Reconstrucción analítica,Alta,Balance receta + etapa + fecha
110,Casa 1,25.0,41841.0,Reconstrucción analítica,Alta,Balance receta + etapa + fecha
151,Casa 1,15.0,94500.0,Reconstrucción analítica,Alta,Balance receta + etapa + fecha
167,Casa 2,8.0,26407.12,Reconstrucción analítica,Media,Balance receta + etapa + fecha
170,Casa 1,13.0,20707.960000000003,Reconstrucción analítica,Media,Balance receta + etapa + fecha
170,Casa 2,7.0,11150.44,Reconstrucción analítica,Media,Balance receta + etapa + fecha
174,Casa 2,15.0,94513.35,Reconstrucción analítica,Media,Balance receta + etapa + fecha
177,Casa 2,84.0,123026.4,Reconstrucción analítica,Media,Balance receta + etapa + fecha
178,Casa 2,14.0,66159.23999999999,Reconstrucción analítica,Media,Balance receta + etapa + fecha
188,Casa 2,25.0,39823.0,Reconstrucción analítica,Media,Balance receta + etapa + fecha
195,Casa 2,10.0,47256.6,Reconstrucción analítica,Media,Balance receta + etapa + fecha
196,Casa 2,7.0,11150.44,Reconstrucción analítica,Media,Balance receta + etapa + fecha
255,Casa 2,5.0,8407.1,Reconstrucción analítica,Media,Balance receta + etapa + fecha
328,Casa 2,10.0,16814.2,Reconstrucción analítica,Alta,Balance receta + etapa + fecha
329,Casa 2,10.0,66371.7,Reconstrucción analítica,Alta,Balance receta + etapa + fecha
412,Casa 2,18.0,30265.56,Reconstrucción analítica,Media,Balance receta + etapa + fecha
412,Casa 3,22.0,36991.240000000005,Reconstrucción analítica,Baja,Balance receta + etapa + fecha
413,Casa 3,120.0,116283.59999999999,Reconstrucción analítica,Baja,Balance receta + etapa + fecha
414,Casa 3,30.0,199115.1,Reconstrucción analítica,Baja,Balance receta + etapa + fecha
496,Casa 3,8.0,53097.36,Reconstrucción analítica,Baja,Balance receta + etapa + fecha
691,Casa 4,40.0,23008.800000000003,Reconstrucción analítica,Media,Balance receta + etapa + fecha
1111,Casa 3,4.0,13716.8,Reconstrucción analítica,Alta,Balance receta + etapa + fecha
1123,Casa 3,4.0,13716.8,Reconstrucción analítica,Alta,Balance receta + etapa + fecha
1167,Casa 3,20.0,107451.4,Reconstrucción analítica,Alta,Balance receta + etapa + fecha
1168,Casa 3,5.0,6734.5,Reconstrucción analítica,Media,Balance receta + etapa + fecha
1168,Casa 4,25.0,33672.5,Reconstrucción analítica,Baja,Balance receta + etapa + fecha
1179,Casa 4,25.0,134314.25,Reconstrucción analítica,Baja,Balance receta + etapa + fecha
1185,Casa 4,15.0,20176.95,Reconstrucción analítica,Baja,Balance receta + etapa + fecha
1566,Casa 4,15.0,20203.5,Reconstrucción analítica,Media,Balance receta + etapa + fecha
1729,Casa 4,40.0,51147.200000000004,Reconstrucción analítica,Alta,Balance receta + etapa + fecha
1742,Casa 4,25.0,135279.75,Reconstrucción analítica,Alta,Balance receta + etapa + fecha
1765,Casa 4,10.0,12787.6,Reconstrucción analítica,Alta,Balance receta + etapa + fecha
1766,Casa 4,18.0,97407.0,Reconstrucción analítica,Alta,Balance receta + etapa + fecha
67,Casa 1,23.0,17123.73,Reconstrucción analítica,Baja,Balance receta + etapa + fecha
108,Casa 1,250.0,7062.5,Reconstrucción analítica,Media,Balance receta + etapa + fecha
186,Casa 1,23.0,18216.92,Reconstrucción analítica,Media,Balance receta + etapa + fecha
187,Casa 1,250.0,9292.5,Reconstrucción analítica,Media,Balance receta + etapa + fecha
209,Casa 1,250.0,9292.5,Reconstrucción analítica,Media,Balance receta + etapa + fecha
252,Casa 1,79.25,2945.7225,Reconstrucción analítica,Media,Balance receta + etapa + fecha
252,Casa 2,75.25,2797.0425,Reconstrucción analítica,Baja,Balance receta + etapa + fecha
252,Casa 3,345.5,12842.234999999999,Reconstrucción analítica,Baja,Balance receta + etapa + fecha
327,Casa 2,500.0,18585.0,Reconstrucción analítica,Baja,Balance receta + etapa + fecha
332,Casa 2,200.0,5310.0,Reconstrucción analítica,Media,Balance receta + etapa + fecha
354,Casa 2,100.0,2655.0,Reconstrucción analítica,Media,Balance receta + etapa + fecha
416,Casa 4,100.0,2301.0,Reconstrucción analítica,Baja,Balance receta + etapa + fecha
441,Casa 3,23.0,18216.92,Reconstrucción analítica,Baja,Balance receta + etapa + fecha
442,Casa 3,256.75,9543.3975,Reconstrucción analítica,Baja,Balance receta + etapa + fecha
442,Casa 4,243.25,9041.602499999999,Reconstrucción analítica,Baja,Balance receta + etapa + fecha
482,Casa 3,250.0,9292.5,Reconstrucción analítica,Baja,Balance receta + etapa + fecha
508,Casa 4,400.0,9204.0,Reconstrucción analítica,Baja,Balance receta + etapa + fecha
581,Casa 4,100.0,2301.0,Reconstrucción analítica,Baja,Balance receta + etapa + fecha
674,Casa 4,2.0,1415.92,Reconstrucción analítica,Baja,Balance receta + etapa + fecha
1117,Casa 4,2.0,12769.92,Reconstrucción analítica,Baja,Balance receta + etapa + fecha
1131,Casa 4,2.0,12769.92,Reconstrucción analítica,Baja,Balance receta + etapa + fecha
1170,Casa 4,1.0,18282.3,Reconstrucción analítica,Baja,Balance receta + etapa + fecha
1210,Casa 4,1.0,269.91,Reconstrucción analítica,Baja,Balance receta + etapa + fecha
1212,Casa 4,2.0,539.82,Reconstrucción analítica,Baja,Balance receta + etapa + fecha
1456,Casa 4,1.0,6463.72,Reconstrucción analítica,Baja,Balance receta + etapa + fecha
1545,Casa 4,1.0,6463.72,Reconstrucción analítica,Baja,Balance receta + etapa + fecha
1549,Casa 4,2.0,1996.46,Reconstrucción analítica,Baja,Balance receta + etapa + fecha
1555,Casa 4,1.0,6463.72,Reconstrucción analítica,Baja,Balance receta + etapa + fecha
1559,Casa 4,2.0,1996.46,Reconstrucción analítica,Baja,Balance receta + etapa + fecha
1577,Casa 4,3.0,6387.599999999999,Reconstrucción analítica,Baja,Balance receta + etapa + fecha
1683,Casa 4,1.0,18282.3,Reconstrucción analítica,Media,Balance receta + etapa + fecha
1684,Casa 4,2.0,12927.44,Reconstrucción analítica,Media,Balance receta + etapa + fecha
1885,Casa 4,1.0,6463.72,Reconstrucción analítica,Alta,Balance receta + etapa + fecha
1886,Casa 4,5.0,4991.15,Reconstrucción analítica,Alta,Balance receta + etapa + fecha
1927,Casa 4,1.0,1519.47,Reconstrucción analítica,Alta,Balance receta + etapa + fecha
2143,Casa 4,2.0,2881.42,Reconstrucción analítica,Alta,Balance receta + etapa + fecha
68,Casa 1,25.0,30854.000000000004,Reconstrucción analítica,Baja,Balance receta + etapa + fecha; Casa 4 excluida: policarbonato pendiente
70,Casa 1,1.0,739.82,Reconstrucción analítica,Baja,Balance receta + etapa + fecha; Casa 4 excluida: policarbonato pendiente
259,Casa 1,6.0,10353.960000000001,Reconstrucción analítica,Media,Balance receta + etapa + fecha; Casa 4 excluida: policarbonato pendiente
342,Casa 1,10.0,4823.0,Reconstrucción analítica,Alta,Balance receta + etapa + fecha; Casa 4 excluida: policarbonato pendiente
349,Casa 1,2.0,876.1,Reconstrucción analítica,Alta,Balance receta + etapa + fecha; Casa 4 excluida: policarbonato pendiente
350,Casa 1,2.0,876.1,Reconstrucción analítica,Alta,Balance receta + etapa + fecha; Casa 4 excluida: policarbonato pendiente
356,Casa 1,1.0,438.05,Reconstrucción analítica,Alta,Balance receta + etapa + fecha; Casa 4 excluida: policarbonato pendiente
401,Casa 1,4.0,1752.2,Reconstrucción analítica,Alta,Balance receta + etapa + fecha; Casa 4 excluida: policarbonato pendiente
406,Casa 1,3.0,1314.15,Reconstrucción analítica,Alta,Balance receta + etapa + fecha; Casa 4 excluida: policarbonato pendiente
417,Casa 1,1.0,482.3,Reconstrucción analítica,Alta,Balance receta + etapa + fecha; Casa 4 excluida: policarbonato pendiente
419,Casa 1,2.0,876.1,Reconstrucción analítica,Alta,Balance receta + etapa + fecha; Casa 4 excluida: policarbonato pendiente
428,Casa 1,1.0,482.3,Reconstrucción analítica,Alta,Balance receta + etapa + fecha; Casa 4 excluida: policarbonato pendiente
478,Casa 1,1.0,438.05,Reconstrucción analítica,Alta,Balance receta + etapa + fecha; Casa 4 excluida: policarbonato pendiente
509,Casa 1,6.0,2628.3,Reconstrucción analítica,Alta,Balance receta + etapa + fecha; Casa 4 excluida: policarbonato pendiente
510,Casa 1,6.0,2628.3,Reconstrucción analítica,Alta,Balance receta + etapa + fecha; Casa 4 excluida: policarbonato pendiente
524,Casa 1,10.0,4380.5,Reconstrucción analítica,Media,Balance receta + etapa + fecha; Casa 4 excluida: policarbonato pendiente
635,Casa 1,1.0,3008.85,Reconstrucción analítica,Media,Balance receta + etapa + fecha; Casa 4 excluida: policarbonato pendiente
667,Casa 1,1.0,530.97,Reconstrucción analítica,Media,Balance receta + etapa + fecha; Casa 4 excluida: policarbonato pendiente
673,Casa 1,7.0,247.79999999999998,Reconstrucción analítica,Media,Balance receta + etapa + fecha; Casa 4 excluida: policarbonato pendiente
673,Casa 2,3.0,106.2,Reconstrucción analítica,Media,Balance receta + etapa + fecha; Casa 4 excluida: policarbonato pendiente
692,Casa 2,15.0,464.55,Reconstrucción analítica,Baja,Balance receta + etapa + fecha; Casa 4 excluida: policarbonato pendiente
692,Casa 3,115.0,3561.5499999999997,Reconstrucción analítica,Media,Balance receta + etapa + fecha; Casa 4 excluida: policarbonato pendiente
697,Casa 2,10.0,121.0,Reconstrucción analítica,Baja,Balance receta + etapa + fecha; Casa 4 excluida: policarbonato pendiente
698,Casa 2,10.0,70.0,Reconstrucción analítica,Baja,Balance receta + etapa + fecha; Casa 4 excluida: policarbonato pendiente
742,Casa 2,28.0,22053.08,Reconstrucción analítica,Alta,Balance receta + etapa + fecha; Casa 4 excluida: policarbonato pendiente
758,Casa 1,9.0,8354.880000000001,Reconstrucción analítica,Baja,Balance receta + etapa + fecha; Casa 4 excluida: policarbonato pendiente
790,Casa 2,7.0,3450.44,Reconstrucción analítica,Media,Balance receta + etapa + fecha; Casa 4 excluida: policarbonato pendiente
963,Casa 2,3.0,1324.77,Reconstrucción analítica,Baja,Balance receta + etapa + fecha; Casa 4 excluida: policarbonato pendiente
984,Casa 2,2.0,800.0,Reconstrucción analítica,Baja,Balance receta + etapa + fecha; Casa 4 excluida: policarbonato pendiente
1005,Casa 2,1.0,492.92,Reconstrucción analítica,Baja,Balance receta + etapa + fecha; Casa 4 excluida: policarbonato pendiente
1015,Casa 2,1.0,365.49,Reconstrucción analítica,Baja,Balance receta + etapa + fecha; Casa 4 excluida: policarbonato pendiente
1021,Casa 2,1.0,400.0,Reconstrucción analítica,Baja,Balance receta + etapa + fecha; Casa 4 excluida: policarbonato pendiente
1046,Casa 2,5.0,4473.450000000001,Reconstrucción analítica,Baja,Balance receta + etapa + fecha; Casa 4 excluida: policarbonato pendiente
1077,Casa 2,3.0,1478.76,Reconstrucción analítica,Baja,Balance receta + etapa + fecha; Casa 4 excluida: policarbonato pendiente
1081,Casa 2,1.0,492.92,Reconstrucción analítica,Baja,Balance receta + etapa + fecha; Casa 4 excluida: policarbonato pendiente
1108,Casa 2,3.0,496.47,Reconstrucción analítica,Baja,Balance receta + etapa + fecha; Casa 4 excluida: policarbonato pendiente
1233,Casa 2,2.0,810.62,Reconstrucción analítica,Baja,Balance receta + etapa + fecha; Casa 4 excluida: policarbonato pendiente
1287,Casa 2,2.0,895.58,Reconstrucción analítica,Baja,Balance receta + etapa + fecha; Casa 4 excluida: policarbonato pendiente
1312,Casa 2,1.0,439.82,Reconstrucción analítica,Baja,Balance receta + etapa + fecha; Casa 4 excluida: policarbonato pendiente
1336,Casa 2,1.0,406.19,Reconstrucción analítica,Baja,Balance receta + etapa + fecha; Casa 4 excluida: policarbonato pendiente
1516,Casa 3,2.0,812.38,Reconstrucción analítica,Alta,Balance receta + etapa + fecha; Casa 4 excluida: policarbonato pendiente
1517,Casa 3,2.0,897.34,Reconstrucción analítica,Alta,Balance receta + etapa + fecha; Casa 4 excluida: policarbonato pendiente
1521,Casa 3,2.0,1001.76,Reconstrucción analítica,Alta,Balance receta + etapa + fecha; Casa 4 excluida: policarbonato pendiente
1574,Casa 3,2.0,3077.88,Reconstrucción analítica,Media,Balance receta + etapa + fecha; Casa 4 excluida: policarbonato pendiente
1712,Casa 3,2.0,325.66,Reconstrucción analítica,Media,Balance receta + etapa + fecha; Casa 4 excluida: policarbonato pendiente
1924,Casa 3,1.0,1517.7,Reconstrucción analítica,Baja,Balance receta + etapa + fecha; Casa 4 excluida: policarbonato pendiente
1962,Casa 3,1.0,96.46,Reconstrucción analítica,Baja,Balance receta + etapa + fecha; Casa 4 excluida: policarbonato pendiente
1997,Casa 3,2.0,192.92,Reconstrucción analítica,Baja,Balance receta + etapa + fecha; Casa 4 excluida: policarbonato pendiente
2066,Casa 3,5.0,2504.4,Reconstrucción analítica,Baja,Balance receta + etapa + fecha; Casa 4 excluida: policarbonato pendiente
2076,Casa 3,1.0,167.26,Reconstrucción analítica,Baja,Balance receta + etapa + fecha; Casa 4 excluida: policarbonato pendiente
2081,Casa 3,33.0,25377.989999999998,Reconstrucción analítica,Baja,Balance receta + etapa + fecha; Casa 4 excluida: policarbonato pendiente
2103,Casa 3,2.0,1465.48,Reconstrucción analítica,Baja,Balance receta + etapa + fecha; Casa 4 excluida: policarbonato pendiente
2118,Casa 3,5.0,2243.35,Reconstrucción analítica,Baja,Balance receta + etapa + fecha; Casa 4 excluida: policarbonato pendiente
2121,Casa 3,1.0,732.74,Reconstrucción analítica,Baja,Balance receta + etapa + fecha; Casa 4 excluida: policarbonato pendiente
2154,Casa 3,3.0,1502.6399999999999,Reconstrucción analítica,Baja,Balance receta + etapa + fecha; Casa 4 excluida: policarbonato pendiente
2156,Casa 3,2.0,1465.48,Reconstrucción analítica,Baja,Balance receta + etapa + fecha; Casa 4 excluida: policarbonato pendiente
2163,Casa 3,4.0,707.68,Reconstrucción analítica,Baja,Balance receta + etapa + fecha; Casa 4 excluida: policarbonato pendiente
2164,Casa 3,4.0,701.0,Reconstrucción analítica,Baja,Balance receta + etapa + fecha; Casa 4 excluida: policarbonato pendiente
2171,Casa 3,2.0,1509.74,Reconstrucción analítica,Baja,Balance receta + etapa + fecha; Casa 4 excluida: policarbonato pendiente
2224,Casa 3,4.0,1336.32,Reconstrucción analítica,Baja,Balance receta + etapa + fecha; Casa 4 excluida: policarbonato pendiente
2325,Casa 3,2.0,18150.44,Reconstrucción analítica,Baja,Balance receta + etapa + fecha; Casa 4 excluida: policarbonato pendiente
2326,Casa 3,2.0,18150.44,Reconstrucción analítica,Baja,Balance receta + etapa + fecha; Casa 4 excluida: policarbonato pendiente
2338,Casa 1,100.0,7273.999999999999,Reconstrucción analítica,Baja,Balance receta + etapa + fecha; Casa 4 excluida: policarbonato pendiente
2339,Casa 2,100.0,16974.0,Reconstrucción analítica,Alta,Balance receta + etapa + fecha; Casa 4 excluida: policarbonato pendiente
2346,Casa 1,50.0,3622.0,Reconstrucción analítica,Baja,Balance receta + etapa + fecha; Casa 4 excluida: policarbonato pendiente
2347,Casa 1,50.0,6035.0,Reconstrucción analítica,Baja,Balance receta + etapa + fecha; Casa 4 excluida: policarbonato pendiente
2349,Casa 2,50.0,3812.5,Reconstrucción analítica,Baja,Balance receta + etapa + fecha; Casa 4 excluida: policarbonato pendiente
2350,Casa 2,50.0,6354.0,Reconstrucción analítica,Baja,Balance receta + etapa + fecha; Casa 4 excluida: policarbonato pendiente
2354,Casa 3,50.0,3562.5,Reconstrucción analítica,Baja,Balance receta + etapa + fecha; Casa 4 excluida: policarbonato pendiente
2355,Casa 3,50.0,5937.5,Reconstrucción analítica,Baja,Balance receta + etapa + fecha; Casa 4 excluida: policarbonato pendiente
69,Casa 1,24.999999999999993,110508.74999999997,Reconstrucción analítica,Media,Balance receta + etapa + fecha; Casa 4 excluida: policarbonato pendiente
257,Casa 1,2.0,12442.48,Reconstrucción analítica,Alta,Balance receta + etapa + fecha; Casa 4 excluida: policarbonato pendiente
258,Casa 1,17.0,142920.36,Reconstrucción analítica,Alta,Balance receta + etapa + fecha; Casa 4 excluida: policarbonato pendiente
274,Casa 1,1.0,6327.43,Reconstrucción analítica,Alta,Balance receta + etapa + fecha; Casa 4 excluida: policarbonato pendiente
307,Casa 1,1.0,4203.54,Reconstrucción analítica,Alta,Balance receta + etapa + fecha; Casa 4 excluida: policarbonato pendiente
475,Casa 2,2.0,12442.48,Reconstrucción analítica,Alta,Balance receta + etapa + fecha; Casa 4 excluida: policarbonato pendiente
476,Casa 1,15.666666666666671,149387.93333333338,Reconstrucción analítica,Media,Balance receta + etapa + fecha; Casa 4 excluida: policarbonato pendiente
476,Casa 2,4.333333333333329,41320.06666666662,Reconstrucción analítica,Media,Balance receta + etapa + fecha; Casa 4 excluida: policarbonato pendiente
480,Casa 2,7.0,20163.710000000003,Reconstrucción analítica,Alta,Balance receta + etapa + fecha; Casa 4 excluida: policarbonato pendiente
481,Casa 2,5.0,8495.599999999999,Reconstrucción analítica,Alta,Balance receta + etapa + fecha; Casa 4 excluida: policarbonato pendiente
623,Casa 2,8.0,10895.6,Reconstrucción analítica,Alta,Balance receta + etapa + fecha; Casa 4 excluida: policarbonato pendiente
624,Casa 2,5.0,8240.7,Reconstrucción analítica,Alta,Balance receta + etapa + fecha; Casa 4 excluida: policarbonato pendiente
920,Casa 2,12.0,14548.68,Reconstrucción analítica,Baja,Balance receta + etapa + fecha; Casa 4 excluida: policarbonato pendiente
1254,Casa 2,3.0,4632.75,Reconstrucción analítica,Baja,Balance receta + etapa + fecha; Casa 4 excluida: policarbonato pendiente
1258,Casa 2,4.0,4849.56,Reconstrucción analítica,Baja,Balance receta + etapa + fecha; Casa 4 excluida: policarbonato pendiente
1450,Casa 2,11.333333333333336,86955.79333333335,Reconstrucción analítica,Baja,Balance receta + etapa + fecha; Casa 4 excluida: policarbonato pendiente
1450,Casa 3,4.666666666666664,35805.326666666646,Reconstrucción analítica,Media,Balance receta + etapa + fecha; Casa 4 excluida: policarbonato pendiente
1479,Casa 3,8.0,18456.64,Reconstrucción analítica,Media,Balance receta + etapa + fecha; Casa 4 excluida: policarbonato pendiente
1480,Casa 3,8.0,9699.12,Reconstrucción analítica,Media,Balance receta + etapa + fecha; Casa 4 excluida: policarbonato pendiente
1481,Casa 3,3.0,30562.83,Reconstrucción analítica,Media,Balance receta + etapa + fecha; Casa 4 excluida: policarbonato pendiente
1656,Casa 3,1.0,3840.71,Reconstrucción analítica,Media,Balance receta + etapa + fecha; Casa 4 excluida: policarbonato pendiente
1803,Casa 3,4.0,4941.6,Reconstrucción analítica,Baja,Balance receta + etapa + fecha; Casa 4 excluida: policarbonato pendiente
1881,Casa 3,25.0,254955.75,Reconstrucción analítica,Baja,Balance receta + etapa + fecha; Casa 4 excluida: policarbonato pendiente
1939,Casa 3,8.0,9883.2,Reconstrucción analítica,Baja,Balance receta + etapa + fecha; Casa 4 excluida: policarbonato pendiente
71,Casa 1,0.25,51.99,Reconstrucción analítica,Baja,Balance receta + etapa + fecha
71,Casa 2,0.25,51.99,Reconstrucción analítica,Baja,Balance receta + etapa + fecha
71,Casa 3,0.25,51.99,Reconstrucción analítica,Baja,Balance receta + etapa + fecha
71,Casa 4,0.25,51.99,Reconstrucción analítica,Baja,Balance receta + etapa + fecha
72,Casa 1,1.0,2510.71,Reconstrucción analítica,Baja,Balance receta + etapa + fecha; Casa 4 excluida: piso/sanitarios pendiente
74,Casa 1,1.0,39460.18,Reconstrucción analítica,Baja,Balance receta + etapa + fecha; Casa 4 excluida: piso/sanitarios pendiente
853,Casa 1,0.6666666666666665,31238.939999999995,Reconstrucción analítica,Media,Balance receta + etapa + fecha; Casa 4 excluida: piso/sanitarios pendiente
853,Casa 2,2.3333333333333335,109336.29000000001,Reconstrucción analítica,Media,Balance receta + etapa + fecha; Casa 4 excluida: piso/sanitarios pendiente
1858,Casa 2,0.33333333333333304,13841.59333333332,Reconstrucción analítica,Baja,Balance receta + etapa + fecha; Casa 4 excluida: piso/sanitarios pendiente
1858,Casa 3,2.666666666666667,110732.74666666667,Reconstrucción analítica,Media,Balance receta + etapa + fecha; Casa 4 excluida: piso/sanitarios pendiente
73,Casa 1,0.5,2124.78,Reconstrucción analítica,Media,Balance receta + etapa + fecha
73,Casa 2,0.5,2124.78,Reconstrucción analítica,Baja,Balance receta + etapa + fecha
1737,Casa 3,0.5,1950.44,Reconstrucción analítica,Baja,Balance receta + etapa + fecha
1737,Casa 4,0.5,1950.44,Reconstrucción analítica,Media,Balance receta + etapa + fecha
75,Casa 1,33.25,20597.377500000002,Reconstrucción analítica,Baja,Balance receta + etapa + fecha
75,Casa 2,33.25,20597.377500000002,Reconstrucción analítica,Baja,Balance receta + etapa + fecha
75,Casa 3,13.5,8362.845000000001,Reconstrucción analítica,Baja,Balance receta + etapa + fecha
1355,Casa 3,3.0,2739.81,Reconstrucción analítica,Alta,Balance receta + etapa + fecha
1572,Casa 3,16.75,15297.272500000001,Reconstrucción analítica,Media,Balance receta + etapa + fecha
1572,Casa 4,33.25,30366.2275,Reconstrucción analítica,Baja,Balance receta + etapa + fecha
77,Casa 1,1.0,0.01,Reconstrucción analítica,Baja,Balance receta + etapa + fecha
103,Casa 1,0.25,0.0025,Reconstrucción analítica,Media,Balance receta + etapa + fecha
103,Casa 2,0.75,0.0075,Reconstrucción analítica,Baja,Balance receta + etapa + fecha
124,Casa 1,1.0,0.01,Reconstrucción analítica,Media,Balance receta + etapa + fecha
164,Casa 1,1.0,34336.28,Reconstrucción analítica,Media,Balance receta + etapa + fecha
299,Casa 2,1.0,34336.28,Reconstrucción analítica,Baja,Balance receta + etapa + fecha
390,Casa 2,1.0,33982.3,Reconstrucción analítica,Media,Balance receta + etapa + fecha
425,Casa 2,0.5,18982.3,Reconstrucción analítica,Media,Balance receta + etapa + fecha
425,Casa 4,0.5,18982.3,Reconstrucción analítica,Baja,Balance receta + etapa + fecha
514,Casa 3,1.0,11681.42,Reconstrucción analítica,Baja,Balance receta + etapa + fecha
598,Casa 3,1.0,34336.28,Reconstrucción analítica,Baja,Balance receta + etapa + fecha
607,Casa 3,0.25,2411.505,Reconstrucción analítica,Baja,Balance receta + etapa + fecha
607,Casa 4,0.75,7234.515,Reconstrucción analítica,Baja,Balance receta + etapa + fecha
615,Casa 4,1.0,37964.6,Reconstrucción analítica,Baja,Balance receta + etapa + fecha
648,Casa 3,1.0,17168.14,Reconstrucción analítica,Baja,Balance receta + etapa + fecha
778,Casa 4,1.0,21942.48,Reconstrucción analítica,Baja,Balance receta + etapa + fecha
78,Casa 1,2.0,1927.44,Reconstrucción analítica,Media,Balance receta + etapa + fecha
81,Casa 1,3.0,1720.3500000000001,Reconstrucción analítica,Media,Balance receta + etapa + fecha
619,Casa 1,3.0,4880.04,Reconstrucción analítica,Baja,Balance receta + etapa + fecha
620,Casa 1,0.5,500.2200000000001,Reconstrucción analítica,Baja,Balance receta + etapa + fecha
620,Casa 2,9.5,9504.18,Reconstrucción analítica,Media,Balance receta + etapa + fecha
630,Casa 1,1.0,1508.85,Reconstrucción analítica,Baja,Balance receta + etapa + fecha
903,Casa 1,1.0,1678.76,Reconstrucción analítica,Baja,Balance receta + etapa + fecha
980,Casa 2,1.0,2118.58,Reconstrucción analítica,Baja,Balance receta + etapa + fecha
995,Casa 3,2.0,1384.08,Reconstrucción analítica,Media,Balance receta + etapa + fecha
1004,Casa 3,2.0,1384.08,Reconstrucción analítica,Media,Balance receta + etapa + fecha
1011,Casa 3,2.0,577.0,Reconstrucción analítica,Media,Balance receta + etapa + fecha
1022,Casa 3,1.0,2118.58,Reconstrucción analítica,Media,Balance receta + etapa + fecha
1093,Casa 3,3.0,5030.97,Reconstrucción analítica,Media,Balance receta + etapa + fecha
1285,Casa 3,0.5,1057.965,Reconstrucción analítica,Media,Balance receta + etapa + fecha
1285,Casa 4,0.5,1057.965,Reconstrucción analítica,Baja,Balance receta + etapa + fecha
1855,Casa 4,4.0,15175.24,Reconstrucción analítica,Alta,Balance receta + etapa + fecha
2104,Casa 4,1.0,1604.42,Reconstrucción analítica,Alta,Balance receta + etapa + fecha
2107,Casa 4,1.0,1604.42,Reconstrucción analítica,Alta,Balance receta + etapa + fecha
2178,Casa 4,1.0,29800.0,Reconstrucción analítica,Alta,Balance receta + etapa + fecha
2194,Casa 4,2.0,4177.0,Reconstrucción analítica,Alta,Balance receta + etapa + fecha
2203,Casa 4,1.0,1604.42,Reconstrucción analítica,Alta,Balance receta + etapa + fecha
82,Casa 1,0.75,325.22249999999997,Reconstrucción analítica,Media,Balance receta + etapa + fecha
82,Casa 2,0.75,325.22249999999997,Reconstrucción analítica,Baja,Balance receta + etapa + fecha
82,Casa 3,0.75,325.22249999999997,Reconstrucción analítica,Baja,Balance receta + etapa + fecha
82,Casa 4,0.75,325.22249999999997,Reconstrucción analítica,Baja,Balance receta + etapa + fecha
83,Casa 1,3.0,4054.5,Reconstrucción analítica,Media,Balance receta + etapa + fecha
125,Casa 1,1.0,27871.68,Reconstrucción analítica,Media,Balance receta + etapa + fecha
260,Casa 1,1.0,27292.04,Reconstrucción analítica,Alta,Balance receta + etapa + fecha
273,Casa 1,1.0,23283.19,Reconstrucción analítica,Alta,Balance receta + etapa + fecha
303,Casa 1,0.75,11415.93,Reconstrucción analítica,Media,Balance receta + etapa + fecha
303,Casa 2,0.25,3805.31,Reconstrucción analítica,Baja,Balance receta + etapa + fecha
427,Casa 2,4.0,7769.92,Reconstrucción analítica,Media,Balance receta + etapa + fecha
518,Casa 2,1.0,25482.48,Reconstrucción analítica,Alta,Balance receta + etapa + fecha
642,Casa 3,1.0,1469.03,Reconstrucción analítica,Baja,Balance receta + etapa + fecha
731,Casa 2,2.5,3909.3,Reconstrucción analítica,Media,Balance receta + etapa + fecha
731,Casa 3,1.5,2345.58,Reconstrucción analítica,Baja,Balance receta + etapa + fecha
732,Casa 3,3.0,12326.550000000001,Reconstrucción analítica,Baja,Balance receta + etapa + fecha
2045,Casa 3,2.25,2811.5099999999998,Reconstrucción analítica,Baja,Balance receta + etapa + fecha
2045,Casa 4,1.75,2186.73,Reconstrucción analítica,Media,Balance receta + etapa + fecha
2046,Casa 4,5.0,10044.25,Reconstrucción analítica,Alta,Balance receta + etapa + fecha
2058,Casa 4,1.0,1249.56,Reconstrucción analítica,Alta,Balance receta + etapa + fecha
2307,Casa 1,1.0,105500.88,Reconstrucción analítica,Alta,Balance receta + etapa + fecha
84,Casa 1,2.0,17748.68,Reconstrucción analítica,Alta,Balance receta + etapa + fecha
147,Casa 1,1.0,1805.31,Reconstrucción analítica,Media,Balance receta + etapa + fecha
147,Casa 2,1.0,1805.31,Reconstrucción analítica,Baja,Balance receta + etapa + fecha
320,Casa 2,2.0,1327.4400000000003,Reconstrucción analítica,Media,Balance receta + etapa + fecha
320,Casa 3,3.0,1991.16,Reconstrucción analítica,Baja,Balance receta + etapa + fecha
85,Casa 1,2.0,5161.06,Reconstrucción analítica,Media,Balance receta + etapa + fecha
120,Casa 1,2.0,2534.34,Reconstrucción analítica,Media,Balance receta + etapa + fecha
794,Casa 1,1.75,1212.61,Reconstrucción analítica,Baja,Balance receta + etapa + fecha
794,Casa 2,3.25,2251.9900000000002,Reconstrucción analítica,Media,Balance receta + etapa + fecha
910,Casa 1,1.0,12013.27,Reconstrucción analítica,Baja,Balance receta + etapa + fecha
1097,Casa 2,1.0,1365.49,Reconstrucción analítica,Baja,Balance receta + etapa + fecha
1773,Casa 3,2.0,2851.32,Reconstrucción analítica,Baja,Balance receta + etapa + fecha
1774,Casa 2,1.5,1331.415,Reconstrucción analítica,Baja,Balance receta + etapa + fecha
1774,Casa 3,3.5,3106.6349999999998,Reconstrucción analítica,Baja,Balance receta + etapa + fecha
1775,Casa 2,1.0,2184.07,Reconstrucción analítica,Baja,Balance receta + etapa + fecha
1817,Casa 3,1.25,3652.6499999999996,Reconstrucción analítica,Baja,Balance receta + etapa + fecha
1817,Casa 4,0.75,2191.59,Reconstrucción analítica,Media,Balance receta + etapa + fecha
1830,Casa 4,1.0,8050.44,Reconstrucción analítica,Alta,Balance receta + etapa + fecha
2245,Casa 4,5.0,5296.45,Reconstrucción analítica,Media,Balance receta + etapa + fecha
86,Casa 1,2.0,120796.46,Reconstrucción analítica,Media,Balance receta + etapa + fecha
874,Casa 1,1.0,55408.85,Reconstrucción analítica,Baja,Balance receta + etapa + fecha
1146,Casa 1,0.5,27834.07,Reconstrucción analítica,Baja,Balance receta + etapa + fecha
1146,Casa 2,0.5,27834.07,Reconstrucción analítica,Baja,Balance receta + etapa + fecha
1448,Casa 2,1.0,81678.76,Reconstrucción analítica,Baja,Balance receta + etapa + fecha
1497,Casa 2,0.5,13537.61,Reconstrucción analítica,Baja,Balance receta + etapa + fecha
1497,Casa 3,3.5,94763.27,Reconstrucción analítica,Media,Balance receta + etapa + fecha
1498,Casa 2,1.5,40612.83,Reconstrucción analítica,Baja,Balance receta + etapa + fecha
1498,Casa 4,2.5,67688.05,Reconstrucción analítica,Baja,Balance receta + etapa + fecha
1893,Casa 4,1.0,83366.37,Reconstrucción analítica,Alta,Balance receta + etapa + fecha
87,Casa 1,1.0,1477.88,Reconstrucción analítica,Media,Balance receta + etapa + fecha
487,Casa 1,2.0,2433.62,Reconstrucción analítica,Alta,Balance receta + etapa + fecha
1502,Casa 2,2.0,2391.16,Reconstrucción analítica,Baja,Balance receta + etapa + fecha
1502,Casa 3,1.0,1195.58,Reconstrucción analítica,Media,Balance receta + etapa + fecha
1503,Casa 2,1.0,1195.58,Reconstrucción analítica,Baja,Balance receta + etapa + fecha
1966,Casa 3,1.0,546.02,Reconstrucción analítica,Baja,Balance receta + etapa + fecha
2215,Casa 4,3.0,1245.1200000000001,Reconstrucción analítica,Alta,Balance receta + etapa + fecha
2216,Casa 3,1.0,538.94,Reconstrucción analítica,Baja,Balance receta + etapa + fecha
88,Casa 1,0.5,11061.945,Reconstrucción analítica,Baja,Balance receta + etapa + fecha
88,Casa 2,0.5,11061.945,Reconstrucción analítica,Baja,Balance receta + etapa + fecha
1084,Casa 3,0.5,53982.3,Reconstrucción analítica,Baja,Balance receta + etapa + fecha
1084,Casa 4,0.5,53982.3,Reconstrucción analítica,Baja,Balance receta + etapa + fecha
89,Casa 1,25.0,136615.0,Reconstrucción analítica,Alta,Balance receta + etapa + fecha
156,Casa 1,30.0,159291.9,Reconstrucción analítica,Alta,Balance receta + etapa + fecha
176,Casa 1,20.0,105088.4,Reconstrucción analítica,Alta,Balance receta + etapa + fecha
204,Casa 1,45.0,248893.65000000002,Reconstrucción analítica,Alta,Balance receta + etapa + fecha
224,Casa 1,10.0,59734.5,Reconstrucción analítica,Alta,Balance receta + etapa + fecha
241,Casa 1,20.0,119469.0,Reconstrucción analítica,Alta,Balance receta + etapa + fecha
251,Casa 1,10.0,59734.5,Reconstrucción analítica,Alta,Balance receta + etapa + fecha
262,Casa 1,10.0,59734.5,Reconstrucción analítica,Alta,Balance receta + etapa + fecha
298,Casa 1,22.0,131415.9,Reconstrucción analítica,Alta,Balance receta + etapa + fecha
315,Casa 1,15.0,78849.6,Reconstrucción analítica,Alta,Balance receta + etapa + fecha
368,Casa 1,33.0,197123.84999999998,Reconstrucción analítica,Media,Balance receta + etapa + fecha
368,Casa 2,7.0,41814.149999999994,Reconstrucción analítica,Media,Balance receta + etapa + fecha
391,Casa 2,10.0,59734.5,Reconstrucción analítica,Alta,Balance receta + etapa + fecha
392,Casa 2,10.0,59734.5,Reconstrucción analítica,Alta,Balance receta + etapa + fecha
418,Casa 2,10.0,59734.5,Reconstrucción analítica,Alta,Balance receta + etapa + fecha
424,Casa 2,50.0,298672.5,Reconstrucción analítica,Alta,Balance receta + etapa + fecha
439,Casa 2,15.0,89601.75,Reconstrucción analítica,Alta,Balance receta + etapa + fecha
444,Casa 2,20.0,112300.8,Reconstrucción analítica,Alta,Balance receta + etapa + fecha
458,Casa 2,10.0,59734.5,Reconstrucción analítica,Alta,Balance receta + etapa + fecha
474,Casa 2,20.0,119469.0,Reconstrucción analítica,Alta,Balance receta + etapa + fecha
493,Casa 2,20.0,119469.0,Reconstrucción analítica,Alta,Balance receta + etapa + fecha
522,Casa 2,20.0,112300.8,Reconstrucción analítica,Alta,Balance receta + etapa + fecha
570,Casa 2,5.0,28075.2,Reconstrucción analítica,Alta,Balance receta + etapa + fecha
591,Casa 2,16.0,95575.2,Reconstrucción analítica,Media,Balance receta + etapa + fecha
600,Casa 2,12.0,71681.4,Reconstrucción analítica,Media,Balance receta + etapa + fecha
771,Casa 2,13.0,73053.11,Reconstrucción analítica,Media,Balance receta + etapa + fecha
808,Casa 2,2.0,11238.94,Reconstrucción analítica,Baja,Balance receta + etapa + fecha
808,Casa 3,6.0,33716.82,Reconstrucción analítica,Media,Balance receta + etapa + fecha
872,Casa 3,4.0,22477.88,Reconstrucción analítica,Alta,Balance receta + etapa + fecha
893,Casa 3,10.0,56194.700000000004,Reconstrucción analítica,Alta,Balance receta + etapa + fecha
926,Casa 3,35.0,196681.45,Reconstrucción analítica,Alta,Balance receta + etapa + fecha
1150,Casa 3,5.0,28097.350000000002,Reconstrucción analítica,Alta,Balance receta + etapa + fecha
1151,Casa 3,5.0,28097.350000000002,Reconstrucción analítica,Alta,Balance receta + etapa + fecha
1154,Casa 3,5.0,28097.350000000002,Reconstrucción analítica,Alta,Balance receta + etapa + fecha
1166,Casa 3,10.0,56194.700000000004,Reconstrucción analítica,Alta,Balance receta + etapa + fecha
1171,Casa 3,10.0,56194.700000000004,Reconstrucción analítica,Alta,Balance receta + etapa + fecha
1177,Casa 3,40.0,224778.80000000002,Reconstrucción analítica,Alta,Balance receta + etapa + fecha
1201,Casa 3,5.0,28097.350000000002,Reconstrucción analítica,Alta,Balance receta + etapa + fecha
1307,Casa 3,1.0,5619.47,Reconstrucción analítica,Media,Balance receta + etapa + fecha
1376,Casa 3,10.0,56194.700000000004,Reconstrucción analítica,Media,Balance receta + etapa + fecha
1391,Casa 3,3.0,16858.41,Reconstrucción analítica,Media,Balance receta + etapa + fecha
1413,Casa 3,15.0,84292.05,Reconstrucción analítica,Media,Balance receta + etapa + fecha
1425,Casa 3,15.0,84292.05,Reconstrucción analítica,Media,Balance receta + etapa + fecha
1438,Casa 3,10.0,56194.700000000004,Reconstrucción analítica,Media,Balance receta + etapa + fecha
1451,Casa 3,5.0,28097.350000000002,Reconstrucción analítica,Media,Balance receta + etapa + fecha
1452,Casa 3,7.0,39336.29,Reconstrucción analítica,Media,Balance receta + etapa + fecha
1478,Casa 3,5.0,28097.350000000002,Reconstrucción analítica,Media,Balance receta + etapa + fecha
1487,Casa 3,10.0,56194.700000000004,Reconstrucción analítica,Media,Balance receta + etapa + fecha
1499,Casa 3,10.0,56194.700000000004,Reconstrucción analítica,Media,Balance receta + etapa + fecha
1501,Casa 3,4.0,22477.88,Reconstrucción analítica,Media,Balance receta + etapa + fecha
1527,Casa 3,5.0,28097.350000000002,Reconstrucción analítica,Baja,Balance receta + etapa + fecha
1528,Casa 3,5.0,28097.350000000002,Reconstrucción analítica,Baja,Balance receta + etapa + fecha
90,Casa 1,9.0,3823.0199999999995,Reconstrucción analítica,Media,Balance receta + etapa + fecha
90,Casa 2,9.0,3823.0199999999995,Reconstrucción analítica,Baja,Balance receta + etapa + fecha
90,Casa 3,2.0,849.56,Reconstrucción analítica,Baja,Balance receta + etapa + fecha
682,Casa 3,3.0,6637.17,Reconstrucción analítica,Alta,Balance receta + etapa + fecha
927,Casa 3,3.0,1595.58,Reconstrucción analítica,Media,Balance receta + etapa + fecha
1942,Casa 3,1.0,494.69,Reconstrucción analítica,Baja,Balance receta + etapa + fecha
1942,Casa 4,9.0,4452.21,Reconstrucción analítica,Media,Balance receta + etapa + fecha
91,Casa 1,20.000000000000014,26460.20000000002,Reconstrucción analítica,Alta,Balance receta + etapa + fecha
123,Casa 1,2.0,32325.14,Reconstrucción analítica,Alta,Balance receta + etapa + fecha
155,Casa 1,15.0,20113.95,Reconstrucción analítica,Alta,Balance receta + etapa + fecha
233,Casa 1,20.0,26991.199999999997,Reconstrucción analítica,Alta,Balance receta + etapa + fecha
316,Casa 1,15.666666666666657,21143.106666666652,Reconstrucción analítica,Media,Balance receta + etapa + fecha
316,Casa 2,9.333333333333343,12595.893333333346,Reconstrucción analítica,Media,Balance receta + etapa + fecha
470,Casa 2,30.0,40486.799999999996,Reconstrucción analítica,Alta,Balance receta + etapa + fecha
486,Casa 2,15.0,20243.399999999998,Reconstrucción analítica,Alta,Balance receta + etapa + fecha
495,Casa 2,15.0,20243.399999999998,Reconstrucción analítica,Alta,Balance receta + etapa + fecha
922,Casa 2,3.3333333333333286,4162.233333333328,Reconstrucción analítica,Baja,Balance receta + etapa + fecha
922,Casa 3,16.66666666666667,20811.166666666675,Reconstrucción analítica,Media,Balance receta + etapa + fecha
1120,Casa 3,8.0,9975.2,Reconstrucción analítica,Alta,Balance receta + etapa + fecha
1134,Casa 3,8.0,9975.2,Reconstrucción analítica,Alta,Balance receta + etapa + fecha
1176,Casa 3,20.0,24973.4,Reconstrucción analítica,Alta,Balance receta + etapa + fecha
1414,Casa 3,20.0,24743.4,Reconstrucción analítica,Media,Balance receta + etapa + fecha
94,Casa 1,19.999999999999986,11153.999999999993,Reconstrucción analítica,Alta,Balance receta + etapa + fecha
175,Casa 1,20.0,11858.4,Reconstrucción analítica,Alta,Balance receta + etapa + fecha
250,Casa 1,20.0,11858.4,Reconstrucción analítica,Alta,Balance receta + etapa + fecha
384,Casa 1,25.0,13606.25,Reconstrucción analítica,Media,Balance receta + etapa + fecha
469,Casa 1,6.333333333333343,3446.916666666672,Reconstrucción analítica,Media,Balance receta + etapa + fecha
469,Casa 2,13.666666666666657,7438.0833333333285,Reconstrucción analítica,Media,Balance receta + etapa + fecha
811,Casa 2,5.0,2592.9,Reconstrucción analítica,Baja,Balance receta + etapa + fecha
1118,Casa 2,15.0,7672.5,Reconstrucción analítica,Baja,Balance receta + etapa + fecha
1132,Casa 2,15.0,7672.5,Reconstrucción analítica,Baja,Balance receta + etapa + fecha
1178,Casa 2,20.0,10230.0,Reconstrucción analítica,Baja,Balance receta + etapa + fecha
1464,Casa 2,5.0,2553.1,Reconstrucción analítica,Baja,Balance receta + etapa + fecha
1541,Casa 2,4.0,2042.48,Reconstrucción analítica,Baja,Balance receta + etapa + fecha
1677,Casa 2,13.666666666666671,6978.473333333336,Reconstrucción analítica,Baja,Balance receta + etapa + fecha
1677,Casa 3,86.33333333333333,44083.526666666665,Reconstrucción analítica,Baja,Balance receta + etapa + fecha
2017,Casa 3,5.0,2553.1,Reconstrucción analítica,Baja,Balance receta + etapa + fecha
95,Casa 1,1.0,4844.25,Reconstrucción analítica,Baja,Balance receta + etapa + fecha; Casa 4 excluida: puertas/ventanas pendiente
393,Casa 3,1.0,3628.32,Reconstrucción analítica,Baja,Balance receta + etapa + fecha; Casa 4 excluida: puertas/ventanas pendiente
394,Casa 2,1.0,3451.33,Reconstrucción analítica,Baja,Balance receta + etapa + fecha; Casa 4 excluida: puertas/ventanas pendiente
99,Casa 1,1.0,26548.67,Reconstrucción analítica,Media,Balance receta + etapa + fecha
100,Casa 1,1.0,26548.67,Reconstrucción analítica,Media,Balance receta + etapa + fecha
111,Casa 1,10.0,8028.3,Reconstrucción analítica,Media,Balance receta + etapa + fecha
430,Casa 1,12.0,16938.0,Reconstrucción analítica,Alta,Balance receta + etapa + fecha
431,Casa 1,12.0,16938.0,Reconstrucción analítica,Alta,Balance receta + etapa + fecha
432,Casa 1,12.0,16938.0,Reconstrucción analítica,Alta,Balance receta + etapa + fecha
457,Casa 1,16.700000000000003,4433.683000000001,Reconstrucción analítica,Media,Balance receta + etapa + fecha
457,Casa 2,33.3,8840.817,Reconstrucción analítica,Media,Balance receta + etapa + fecha
560,Casa 2,20.0,24872.600000000002,Reconstrucción analítica,Alta,Balance receta + etapa + fecha
601,Casa 2,32.400000000000006,8601.876000000002,Reconstrucción analítica,Media,Balance receta + etapa + fecha
601,Casa 3,17.599999999999994,4672.623999999998,Reconstrucción analítica,Baja,Balance receta + etapa + fecha
700,Casa 1,21.0,27876.030000000002,Reconstrucción analítica,Alta,Balance receta + etapa + fecha
864,Casa 3,4.0,902.64,Reconstrucción analítica,Baja,Balance receta + etapa + fecha
889,Casa 3,12.0,8718.599999999999,Reconstrucción analítica,Media,Balance receta + etapa + fecha
890,Casa 4,12.0,8718.599999999999,Reconstrucción analítica,Baja,Balance receta + etapa + fecha
891,Casa 3,8.0,24623.04,Reconstrucción analítica,Media,Balance receta + etapa + fecha
892,Casa 3,1.0999999999999943,3460.621999999982,Reconstrucción analítica,Media,Balance receta + etapa + fecha
892,Casa 4,2.9000000000000057,9123.458000000019,Reconstrucción analítica,Baja,Balance receta + etapa + fecha
899,Casa 3,11.0,13861.980000000001,Reconstrucción analítica,Media,Balance receta + etapa + fecha
900,Casa 3,11.0,13803.57,Reconstrucción analítica,Media,Balance receta + etapa + fecha
901,Casa 3,11.0,13910.599999999999,Reconstrucción analítica,Media,Balance receta + etapa + fecha
977,Casa 4,10.0,12672.6,Reconstrucción analítica,Baja,Balance receta + etapa + fecha
978,Casa 3,10.0,12646.0,Reconstrucción analítica,Media,Balance receta + etapa + fecha
988,Casa 4,3.0,1555.7400000000002,Reconstrucción analítica,Baja,Balance receta + etapa + fecha
1851,Casa 4,1.0,7662.83,Reconstrucción analítica,Alta,Balance receta + etapa + fecha
1852,Casa 4,1.0,30576.11,Reconstrucción analítica,Alta,Balance receta + etapa + fecha
1955,Casa 4,13.0,11964.550000000001,Reconstrucción analítica,Alta,Balance receta + etapa + fecha
1956,Casa 4,10.0,5708.0,Reconstrucción analítica,Alta,Balance receta + etapa + fecha
2014,Casa 4,8.0,7362.8,Reconstrucción analítica,Alta,Balance receta + etapa + fecha
2051,Casa 4,12.0,10948.68,Reconstrucción analítica,Alta,Balance receta + etapa + fecha
2177,Casa 4,9.8,13286.35,Reconstrucción analítica,Alta,Balance receta + etapa + fecha
2242,Casa 4,1.0,1474.34,Reconstrucción analítica,Media,Balance receta + etapa + fecha
2243,Casa 4,2.0,4727.44,Reconstrucción analítica,Media,Balance receta + etapa + fecha
101,Casa 1,21.75,18285.4425,Reconstrucción analítica,Media,Balance receta + etapa + fecha
101,Casa 2,2.25,1891.5975,Reconstrucción analítica,Baja,Balance receta + etapa + fecha
194,Casa 2,1.0,17212.39,Reconstrucción analítica,Baja,Balance receta + etapa + fecha
448,Casa 2,1.0,2867.26,Reconstrucción analítica,Media,Balance receta + etapa + fecha
708,Casa 2,2.0,1619.46,Reconstrucción analítica,Alta,Balance receta + etapa + fecha
835,Casa 2,1.0,2708.85,Reconstrucción analítica,Media,Balance receta + etapa + fecha
1157,Casa 2,2.0,761.06,Reconstrucción analítica,Baja,Balance receta + etapa + fecha
1158,Casa 2,0.5,179.645,Reconstrucción analítica,Baja,Balance receta + etapa + fecha
1158,Casa 3,1.5,538.9350000000001,Reconstrucción analítica,Media,Balance receta + etapa + fecha
1159,Casa 2,2.0,715.04,Reconstrucción analítica,Baja,Balance receta + etapa + fecha
1214,Casa 3,1.0,357.52,Reconstrucción analítica,Alta,Balance receta + etapa + fecha
1603,Casa 3,2.0,4663.72,Reconstrucción analítica,Media,Balance receta + etapa + fecha
1611,Casa 3,1.0,2004.42,Reconstrucción analítica,Media,Balance receta + etapa + fecha
1615,Casa 3,1.0,1096.46,Reconstrucción analítica,Media,Balance receta + etapa + fecha
1620,Casa 3,1.0,790.27,Reconstrucción analítica,Media,Balance receta + etapa + fecha
1622,Casa 3,2.0,4003.54,Reconstrucción analítica,Media,Balance receta + etapa + fecha
1632,Casa 3,1.0,4687.61,Reconstrucción analítica,Media,Balance receta + etapa + fecha
1658,Casa 3,1.0,2331.86,Reconstrucción analítica,Media,Balance receta + etapa + fecha
1661,Casa 3,1.0,1096.46,Reconstrucción analítica,Media,Balance receta + etapa + fecha
1679,Casa 3,9.25,3307.06,Reconstrucción analítica,Media,Balance receta + etapa + fecha
1679,Casa 4,0.75,268.14,Reconstrucción analítica,Media,Balance receta + etapa + fecha
1845,Casa 4,2.0,876.1,Reconstrucción analítica,Media,Balance receta + etapa + fecha
1846,Casa 4,2.0,787.62,Reconstrucción analítica,Media,Balance receta + etapa + fecha
1847,Casa 4,2.0,787.62,Reconstrucción analítica,Media,Balance receta + etapa + fecha
1911,Casa 4,1.0,743.36,Reconstrucción analítica,Alta,Balance receta + etapa + fecha
2024,Casa 4,1.0,3712.39,Reconstrucción analítica,Alta,Balance receta + etapa + fecha
2056,Casa 4,1.0,2178.76,Reconstrucción analítica,Alta,Balance receta + etapa + fecha
2204,Casa 4,2.0,1762.84,Reconstrucción analítica,Alta,Balance receta + etapa + fecha
2205,Casa 4,1.0,1062.83,Reconstrucción analítica,Alta,Balance receta + etapa + fecha
2217,Casa 4,1.0,4820.35,Reconstrucción analítica,Alta,Balance receta + etapa + fecha
2341,Casa 2,5.0,969.95,Reconstrucción analítica,Alta,Balance receta + etapa + fecha
2342,Casa 2,5.0,1699.95,Reconstrucción analítica,Alta,Balance receta + etapa + fecha
2356,Casa 4,4.0,760.0,Reconstrucción analítica,Alta,Balance receta + etapa + fecha
2357,Casa 4,4.0,1330.0,Reconstrucción analítica,Alta,Balance receta + etapa + fecha
102,Casa 2,2.0,1681.42,Reconstrucción analítica,Baja,Balance receta + etapa + fecha
181,Casa 2,1.0,3274.34,Reconstrucción analítica,Baja,Balance receta + etapa + fecha
276,Casa 1,3.5,3097.36,Reconstrucción analítica,Media,Balance receta + etapa + fecha
276,Casa 2,0.5,442.48,Reconstrucción analítica,Baja,Balance receta + etapa + fecha
1702,Casa 4,1.0,6150.44,Reconstrucción analítica,Baja,Balance receta + etapa + fecha
2340,Casa 3,3.5,8232.279999999999,Reconstrucción analítica,Baja,Balance receta + etapa + fecha
2340,Casa 4,0.5,1176.04,Reconstrucción analítica,Baja,Balance receta + etapa + fecha
2353,Casa 4,2.0,4838.82,Reconstrucción analítica,Media,Balance receta + etapa + fecha
104,Casa 1,6.0,104601.78,Reconstrucción analítica,Alta,Balance receta + etapa + fecha
154,Casa 1,6.0,104601.78,Reconstrucción analítica,Alta,Balance receta + etapa + fecha
190,Casa 1,5.0,87168.15000000001,Reconstrucción analítica,Media,Balance receta + etapa + fecha
190,Casa 2,1.0,17433.629999999997,Reconstrucción analítica,Media,Balance receta + etapa + fecha
297,Casa 2,3.0,48318.57,Reconstrucción analítica,Media,Balance receta + etapa + fecha
422,Casa 2,3.0,47548.68,Reconstrucción analítica,Alta,Balance receta + etapa + fecha
588,Casa 2,3.0,47548.68,Reconstrucción analítica,Media,Balance receta + etapa + fecha
609,Casa 2,3.0,47548.68,Reconstrucción analítica,Media,Balance receta + etapa + fecha
918,Casa 2,3.0,44214.149999999994,Reconstrucción analítica,Baja,Balance receta + etapa + fecha
1110,Casa 2,1.0,13889.38,Reconstrucción analítica,Baja,Balance receta + etapa + fecha
1110,Casa 3,2.0,27778.76,Reconstrucción analítica,Media,Balance receta + etapa + fecha
1126,Casa 3,3.0,41668.14,Reconstrucción analítica,Alta,Balance receta + etapa + fecha
1174,Casa 3,3.0,41660.19,Reconstrucción analítica,Alta,Balance receta + etapa + fecha
1183,Casa 3,3.0,41660.19,Reconstrucción analítica,Alta,Balance receta + etapa + fecha
1416,Casa 3,3.0,47508.840000000004,Reconstrucción analítica,Media,Balance receta + etapa + fecha
1427,Casa 3,3.0,41652.21,Reconstrucción analítica,Media,Balance receta + etapa + fecha
105,Casa 1,6.0,107787.59999999999,Reconstrucción analítica,Alta,Balance receta + etapa + fecha
153,Casa 1,6.0,107787.59999999999,Reconstrucción analítica,Alta,Balance receta + etapa + fecha
163,Casa 1,6.0,133008.84,Reconstrucción analítica,Alta,Balance receta + etapa + fecha
189,Casa 1,6.0,107787.59999999999,Reconstrucción analítica,Alta,Balance receta + etapa + fecha
296,Casa 1,1.0,17964.6,Reconstrucción analítica,Media,Balance receta + etapa + fecha
296,Casa 2,2.0,35929.2,Reconstrucción analítica,Media,Balance receta + etapa + fecha
389,Casa 2,6.0,133008.84,Reconstrucción analítica,Alta,Balance receta + etapa + fecha
589,Casa 2,3.0,47362.83,Reconstrucción analítica,Media,Balance receta + etapa + fecha
610,Casa 2,3.0,47362.83,Reconstrucción analítica,Media,Balance receta + etapa + fecha
647,Casa 2,3.0,66504.42,Reconstrucción analítica,Baja,Balance receta + etapa + fecha
663,Casa 3,3.0,66504.42,Reconstrucción analítica,Alta,Balance receta + etapa + fecha
930,Casa 2,3.0,42812.399999999994,Reconstrucción analítica,Baja,Balance receta + etapa + fecha
931,Casa 2,3.0,42812.399999999994,Reconstrucción analítica,Baja,Balance receta + etapa + fecha
1125,Casa 2,2.0,28539.819999999996,Reconstrucción analítica,Baja,Balance receta + etapa + fecha
1125,Casa 3,1.0,14269.909999999998,Reconstrucción analítica,Media,Balance receta + etapa + fecha
1137,Casa 3,3.0,42809.729999999996,Reconstrucción analítica,Alta,Balance receta + etapa + fecha
1175,Casa 3,3.0,42868.14,Reconstrucción analítica,Alta,Balance receta + etapa + fecha
1182,Casa 3,3.0,42868.14,Reconstrucción analítica,Alta,Balance receta + etapa + fecha
1194,Casa 3,3.0,42820.350000000006,Reconstrucción analítica,Alta,Balance receta + etapa + fecha
1426,Casa 3,3.0,42812.399999999994,Reconstrucción analítica,Media,Balance receta + etapa + fecha
1457,Casa 3,3.0,41936.28,Reconstrucción analítica,Media,Balance receta + etapa + fecha
1474,Casa 3,3.0,41933.64,Reconstrucción analítica,Media,Balance receta + etapa + fecha
112,Casa 1,7.5,25422.975000000002,Reconstrucción analítica,Media,Balance receta + etapa + fecha
112,Casa 2,2.5,8474.325,Reconstrucción analítica,Baja,Balance receta + etapa + fecha
113,Casa 2,5.0,16948.65,Reconstrucción analítica,Baja,Balance receta + etapa + fecha
113,Casa 3,7.5,25422.975000000002,Reconstrucción analítica,Baja,Balance receta + etapa + fecha
113,Casa 4,7.5,25422.975000000002,Reconstrucción analítica,Baja,Balance receta + etapa + fecha
114,Casa 1,4.0,1115.04,Reconstrucción analítica,Media,Balance receta + etapa + fecha
115,Casa 1,2.0,1107.08,Reconstrucción analítica,Media,Balance receta + etapa + fecha
116,Casa 1,1.0,2566.37,Reconstrucción analítica,Media,Balance receta + etapa + fecha
117,Casa 1,4.0,1217.68,Reconstrucción analítica,Media,Balance receta + etapa + fecha
118,Casa 1,2.0,6240.7,Reconstrucción analítica,Media,Balance receta + etapa + fecha
119,Casa 1,4.0,1506.92,Reconstrucción analítica,Media,Balance receta + etapa + fecha
121,Casa 1,4.0,3622.64,Reconstrucción analítica,Media,Balance receta + etapa + fecha
122,Casa 1,2.0,19810.62,Reconstrucción analítica,Media,Balance receta + etapa + fecha
201,Casa 1,10.0,7079.6,Reconstrucción analítica,Media,Balance receta + etapa + fecha
229,Casa 1,10.0,5265.5,Reconstrucción analítica,Media,Balance receta + etapa + fecha
232,Casa 1,15.0,5442.45,Reconstrucción analítica,Media,Balance receta + etapa + fecha
279,Casa 1,50.0,4867.5,Reconstrucción analítica,Alta,Balance receta + etapa + fecha
285,Casa 1,5.0,2632.75,Reconstrucción analítica,Alta,Balance receta + etapa + fecha
286,Casa 1,1.0,703.54,Reconstrucción analítica,Media,Balance receta + etapa + fecha
286,Casa 2,4.0,2814.16,Reconstrucción analítica,Baja,Balance receta + etapa + fecha
287,Casa 1,10.0,3628.2999999999997,Reconstrucción analítica,Alta,Balance receta + etapa + fecha
304,Casa 2,15.0,5442.45,Reconstrucción analítica,Media,Balance receta + etapa + fecha
376,Casa 2,20.0,2389.4,Reconstrucción analítica,Media,Balance receta + etapa + fecha
377,Casa 2,15.0,2256.6,Reconstrucción analítica,Media,Balance receta + etapa + fecha
378,Casa 2,15.0,7898.249999999999,Reconstrucción analítica,Media,Balance receta + etapa + fecha
396,Casa 2,5.0,1327.45,Reconstrucción analítica,Media,Balance receta + etapa + fecha
464,Casa 2,30.0,10884.9,Reconstrucción analítica,Alta,Balance receta + etapa + fecha
558,Casa 2,10.0,6613.3,Reconstrucción analítica,Alta,Balance receta + etapa + fecha
586,Casa 2,10.0,3628.2999999999997,Reconstrucción analítica,Alta,Balance receta + etapa + fecha
587,Casa 3,12.0,318.6,Reconstrucción analítica,Baja,Balance receta + etapa + fecha
605,Casa 3,5.0,1814.1499999999999,Reconstrucción analítica,Baja,Balance receta + etapa + fecha
693,Casa 4,2.0,1946.9,Reconstrucción analítica,Media,Balance receta + etapa + fecha
819,Casa 3,1.0,239.82,Reconstrucción analítica,Baja,Balance receta + etapa + fecha
873,Casa 3,1.0,1064.6,Reconstrucción analítica,Media,Balance receta + etapa + fecha
876,Casa 3,1.0,1974.34,Reconstrucción analítica,Media,Balance receta + etapa + fecha
877,Casa 3,1.0,2086.73,Reconstrucción analítica,Media,Balance receta + etapa + fecha
878,Casa 3,1.0,4964.6,Reconstrucción analítica,Media,Balance receta + etapa + fecha
883,Casa 3,2.0,775.22,Reconstrucción analítica,Media,Balance receta + etapa + fecha
884,Casa 3,1.0,104.42,Reconstrucción analítica,Media,Balance receta + etapa + fecha
887,Casa 3,2.0,226.54,Reconstrucción analítica,Media,Balance receta + etapa + fecha
888,Casa 3,2.0,286.72,Reconstrucción analítica,Media,Balance receta + etapa + fecha
1023,Casa 3,1.0,150.44,Reconstrucción analítica,Media,Balance receta + etapa + fecha
1139,Casa 3,2.0,796.46,Reconstrucción analítica,Alta,Balance receta + etapa + fecha
1140,Casa 3,2.0,1571.68,Reconstrucción analítica,Alta,Balance receta + etapa + fecha
1141,Casa 3,2.0,286.72,Reconstrucción analítica,Alta,Balance receta + etapa + fecha
1144,Casa 3,1.0,946.9,Reconstrucción analítica,Alta,Balance receta + etapa + fecha
1147,Casa 3,1.0,2982.3,Reconstrucción analítica,Alta,Balance receta + etapa + fecha
1148,Casa 3,1.0,7394.69,Reconstrucción analítica,Alta,Balance receta + etapa + fecha
1402,Casa 3,2.0,523.9,Reconstrucción analítica,Alta,Balance receta + etapa + fecha
1411,Casa 3,10.0,3955.7999999999997,Reconstrucción analítica,Alta,Balance receta + etapa + fecha
1412,Casa 3,13.0,3405.35,Reconstrucción analítica,Alta,Balance receta + etapa + fecha
1415,Casa 3,13.0,4670.77,Reconstrucción analítica,Alta,Balance receta + etapa + fecha
1437,Casa 3,1.0,176.99,Reconstrucción analítica,Alta,Balance receta + etapa + fecha
1506,Casa 3,5.0,1969.05,Reconstrucción analítica,Media,Balance receta + etapa + fecha
1515,Casa 3,2.0,237.16,Reconstrucción analítica,Media,Balance receta + etapa + fecha
1551,Casa 3,16.0,268.96,Reconstrucción analítica,Media,Balance receta + etapa + fecha
1551,Casa 4,7.0,117.67,Reconstrucción analítica,Baja,Balance receta + etapa + fecha
1561,Casa 3,23.0,386.63,Reconstrucción analítica,Media,Balance receta + etapa + fecha
1691,Casa 4,1.0,4369.91,Reconstrucción analítica,Media,Balance receta + etapa + fecha
1726,Casa 4,1.0,1695.95,Reconstrucción analítica,Media,Balance receta + etapa + fecha
1728,Casa 4,1.0,254.87,Reconstrucción analítica,Media,Balance receta + etapa + fecha
1808,Casa 4,2.0,115.04,Reconstrucción analítica,Media,Balance receta + etapa + fecha
1810,Casa 4,1.0,4369.91,Reconstrucción analítica,Media,Balance receta + etapa + fecha
1811,Casa 4,1.0,1592.04,Reconstrucción analítica,Media,Balance receta + etapa + fecha
1812,Casa 4,4.0,1554.0,Reconstrucción analítica,Media,Balance receta + etapa + fecha
1813,Casa 4,1.0,108.85,Reconstrucción analítica,Media,Balance receta + etapa + fecha
1814,Casa 4,2.0,653.1,Reconstrucción analítica,Media,Balance receta + etapa + fecha
1818,Casa 4,1.0,19.47,Reconstrucción analítica,Media,Balance receta + etapa + fecha
1832,Casa 4,20.0,5805.4,Reconstrucción analítica,Alta,Balance receta + etapa + fecha
1849,Casa 4,2.0,302.66,Reconstrucción analítica,Alta,Balance receta + etapa + fecha
1850,Casa 4,2.0,948.68,Reconstrucción analítica,Alta,Balance receta + etapa + fecha
1872,Casa 4,7.0,2031.8899999999999,Reconstrucción analítica,Alta,Balance receta + etapa + fecha
1873,Casa 4,4.0,1897.36,Reconstrucción analítica,Alta,Balance receta + etapa + fecha
1874,Casa 4,4.0,1840.72,Reconstrucción analítica,Alta,Balance receta + etapa + fecha
1921,Casa 4,6.0,2846.04,Reconstrucción analítica,Alta,Balance receta + etapa + fecha
1931,Casa 4,6.0,907.98,Reconstrucción analítica,Alta,Balance receta + etapa + fecha
1932,Casa 4,6.0,950.46,Reconstrucción analítica,Alta,Balance receta + etapa + fecha
2055,Casa 4,4.0,555.76,Reconstrucción analítica,Alta,Balance receta + etapa + fecha
2122,Casa 4,15.0,4168.2,Reconstrucción analítica,Alta,Balance receta + etapa + fecha
2181,Casa 4,10.0,885.0,Reconstrucción analítica,Alta,Balance receta + etapa + fecha
2226,Casa 4,10.0,1463.4,Reconstrucción analítica,Alta,Balance receta + etapa + fecha
2229,Casa 4,4.0,1449.28,Reconstrucción analítica,Alta,Balance receta + etapa + fecha
126,Casa 1,2.0,7408.84,Reconstrucción analítica,Media,Balance receta + etapa + fecha
267,Casa 1,2.0,8053.1,Reconstrucción analítica,Alta,Balance receta + etapa + fecha
357,Casa 1,2.0,8053.1,Reconstrucción analítica,Alta,Balance receta + etapa + fecha
516,Casa 1,1.0,3825.22,Reconstrucción analítica,Media,Balance receta + etapa + fecha
548,Casa 1,1.0,1942.48,Reconstrucción analítica,Media,Balance receta + etapa + fecha
551,Casa 1,0.75,763.2750000000001,Reconstrucción analítica,Media,Balance receta + etapa + fecha
551,Casa 2,0.25,254.425,Reconstrucción analítica,Media,Balance receta + etapa + fecha
579,Casa 2,1.0,1061.95,Reconstrucción analítica,Alta,Balance receta + etapa + fecha
775,Casa 2,1.0,2015.93,Reconstrucción analítica,Alta,Balance receta + etapa + fecha
989,Casa 2,2.0,674.34,Reconstrucción analítica,Baja,Balance receta + etapa + fecha
1270,Casa 2,1.0,337.17,Reconstrucción analítica,Baja,Balance receta + etapa + fecha
1398,Casa 2,1.0,2025.66,Reconstrucción analítica,Baja,Balance receta + etapa + fecha
1399,Casa 2,2.0,2051.32,Reconstrucción analítica,Baja,Balance receta + etapa + fecha
1842,Casa 2,0.5,1419.025,Reconstrucción analítica,Baja,Balance receta + etapa + fecha
1842,Casa 3,1.5,4257.075000000001,Reconstrucción analítica,Baja,Balance receta + etapa + fecha
1870,Casa 3,3.0,4234.5,Reconstrucción analítica,Baja,Balance receta + etapa + fecha
1897,Casa 3,4.0,6258.4,Reconstrucción analítica,Baja,Balance receta + etapa + fecha
1898,Casa 3,0.25,763.7175,Reconstrucción analítica,Baja,Balance receta + etapa + fecha
1898,Casa 4,3.75,11455.762499999999,Reconstrucción analítica,Media,Balance receta + etapa + fecha
1923,Casa 4,4.0,5603.52,Reconstrucción analítica,Alta,Balance receta + etapa + fecha
2117,Casa 4,1.0,2959.29,Reconstrucción analítica,Alta,Balance receta + etapa + fecha
128,Casa 1,2.0,4670.8,Reconstrucción analítica,Baja,Balance receta + etapa + fecha; Casa 4 excluida: puertas/ventanas pendiente
1247,Casa 1,2.333333333333333,11059.579999999998,Reconstrucción analítica,Baja,Balance receta + etapa + fecha; Casa 4 excluida: puertas/ventanas pendiente
1247,Casa 2,0.666666666666667,3159.880000000001,Reconstrucción analítica,Baja,Balance receta + etapa + fecha; Casa 4 excluida: puertas/ventanas pendiente
1342,Casa 2,1.0,4739.82,Reconstrucción analítica,Baja,Balance receta + etapa + fecha; Casa 4 excluida: puertas/ventanas pendiente
1356,Casa 2,2.0,9483.18,Reconstrucción analítica,Baja,Balance receta + etapa + fecha; Casa 4 excluida: puertas/ventanas pendiente
2068,Casa 2,0.6666666666666661,1906.1933333333316,Reconstrucción analítica,Baja,Balance receta + etapa + fecha; Casa 4 excluida: puertas/ventanas pendiente
2068,Casa 3,0.3333333333333339,953.0966666666684,Reconstrucción analítica,Baja,Balance receta + etapa + fecha; Casa 4 excluida: puertas/ventanas pendiente
2088,Casa 3,3.0,8577.869999999999,Reconstrucción analítica,Baja,Balance receta + etapa + fecha; Casa 4 excluida: puertas/ventanas pendiente
2089,Casa 3,1.0,2859.29,Reconstrucción analítica,Baja,Balance receta + etapa + fecha; Casa 4 excluida: puertas/ventanas pendiente
129,Casa 1,5.0,35030.95,Reconstrucción analítica,Media,Balance receta + etapa + fecha
264,Casa 1,0.75,3613.935,Reconstrucción analítica,Media,Balance receta + etapa + fecha
264,Casa 2,0.25,1204.645,Reconstrucción analítica,Baja,Balance receta + etapa + fecha
638,Casa 2,1.0,4044.89,Reconstrucción analítica,Alta,Balance receta + etapa + fecha
800,Casa 2,1.0,4083.19,Reconstrucción analítica,Media,Balance receta + etapa + fecha
803,Casa 2,3.0,3329.19,Reconstrucción analítica,Media,Balance receta + etapa + fecha
863,Casa 2,0.5,560.62,Reconstrucción analítica,Media,Balance receta + etapa + fecha
863,Casa 3,0.5,560.62,Reconstrucción analítica,Baja,Balance receta + etapa + fecha
1025,Casa 3,1.0,1207.96,Reconstrucción analítica,Media,Balance receta + etapa + fecha
1067,Casa 3,3.0,3610.62,Reconstrucción analítica,Media,Balance receta + etapa + fecha
1486,Casa 3,1.0,4253.1,Reconstrucción analítica,Alta,Balance receta + etapa + fecha
1604,Casa 3,0.25,331.8575,Reconstrucción analítica,Media,Balance receta + etapa + fecha
1604,Casa 4,0.75,995.5725,Reconstrucción analítica,Baja,Balance receta + etapa + fecha
1980,Casa 4,1.0,4172.57,Reconstrucción analítica,Alta,Balance receta + etapa + fecha
2073,Casa 4,1.0,1417.7,Reconstrucción analítica,Alta,Balance receta + etapa + fecha
2095,Casa 4,1.0,1294.69,Reconstrucción analítica,Alta,Balance receta + etapa + fecha
2231,Casa 4,2.0,2637.16,Reconstrucción analítica,Alta,Balance receta + etapa + fecha
132,Casa 1,4.0,1739.48,Reconstrucción analítica,Media,Balance receta + etapa + fecha
134,Casa 1,6.0,64746.899999999994,Reconstrucción analítica,Media,Balance receta + etapa + fecha
212,Casa 1,10.0,5221.2,Reconstrucción analítica,Media,Balance receta + etapa + fecha
213,Casa 1,10.0,16814.2,Reconstrucción analítica,Media,Balance receta + etapa + fecha
227,Casa 1,10.0,4247.799999999999,Reconstrucción analítica,Media,Balance receta + etapa + fecha
236,Casa 1,15.0,9690.3,Reconstrucción analítica,Media,Balance receta + etapa + fecha
289,Casa 1,6.5,3106.2200000000003,Reconstrucción analítica,Media,Balance receta + etapa + fecha
289,Casa 2,13.5,6451.380000000001,Reconstrucción analítica,Baja,Balance receta + etapa + fecha
340,Casa 2,4.0,47433.64,Reconstrucción analítica,Media,Balance receta + etapa + fecha
552,Casa 2,20.0,10442.4,Reconstrucción analítica,Alta,Balance receta + etapa + fecha
583,Casa 2,4.0,47433.64,Reconstrucción analítica,Alta,Balance receta + etapa + fecha
655,Casa 2,2.0,849.56,Reconstrucción analítica,Baja,Balance receta + etapa + fecha
660,Casa 2,1.0,646.02,Reconstrucción analítica,Baja,Balance receta + etapa + fecha
661,Casa 2,3.0,35575.229999999996,Reconstrucción analítica,Baja,Balance receta + etapa + fecha
946,Casa 2,5.0,1115.05,Reconstrucción analítica,Baja,Balance receta + etapa + fecha
1195,Casa 2,2.0,9067.26,Reconstrucción analítica,Baja,Balance receta + etapa + fecha
1248,Casa 2,1.0,234.51,Reconstrucción analítica,Baja,Balance receta + etapa + fecha
1401,Casa 2,1.0,319.47,Reconstrucción analítica,Baja,Balance receta + etapa + fecha
1401,Casa 3,14.0,4472.58,Reconstrucción analítica,Media,Balance receta + etapa + fecha
1403,Casa 3,15.0,3345.1499999999996,Reconstrucción analítica,Alta,Balance receta + etapa + fecha
1407,Casa 2,5.0,969.05,Reconstrucción analítica,Baja,Balance receta + etapa + fecha
1417,Casa 3,3.0,13502.64,Reconstrucción analítica,Alta,Balance receta + etapa + fecha
1420,Casa 3,4.0,1210.6,Reconstrucción analítica,Alta,Balance receta + etapa + fecha
1441,Casa 3,5.0,1442.5,Reconstrucción analítica,Alta,Balance receta + etapa + fecha
1454,Casa 3,1.0,7156.64,Reconstrucción analítica,Alta,Balance receta + etapa + fecha
1531,Casa 3,4.0,863.72,Reconstrucción analítica,Media,Balance receta + etapa + fecha
1536,Casa 3,4.0,754.0,Reconstrucción analítica,Media,Balance receta + etapa + fecha
1638,Casa 3,1.0,2300.88,Reconstrucción analítica,Media,Balance receta + etapa + fecha
1758,Casa 4,8.0,2463.68,Reconstrucción analítica,Media,Balance receta + etapa + fecha
1759,Casa 4,8.0,1621.2,Reconstrucción analítica,Media,Balance receta + etapa + fecha
1760,Casa 3,5.5,1280.07,Reconstrucción analítica,Baja,Balance receta + etapa + fecha
1760,Casa 4,6.5,1512.81,Reconstrucción analítica,Media,Balance receta + etapa + fecha
1764,Casa 3,5.0,23460.2,Reconstrucción analítica,Baja,Balance receta + etapa + fecha
1877,Casa 4,20.0,6920.4,Reconstrucción analítica,Alta,Balance receta + etapa + fecha
1901,Casa 4,15.0,7154.85,Reconstrucción analítica,Alta,Balance receta + etapa + fecha
2003,Casa 4,4.0,31709.72,Reconstrucción analítica,Alta,Balance receta + etapa + fecha
139,Casa 1,2.0,14012.38,Reconstrucción analítica,Media,Balance receta + etapa + fecha
198,Casa 1,2.0,15398.24,Reconstrucción analítica,Media,Balance receta + etapa + fecha
266,Casa 1,3.0,24557.52,Reconstrucción analítica,Alta,Balance receta + etapa + fecha
339,Casa 1,0.25,1570.7975,Reconstrucción analítica,Media,Balance receta + etapa + fecha
339,Casa 2,2.75,17278.7725,Reconstrucción analítica,Media,Balance receta + etapa + fecha
386,Casa 3,3.0,29190.27,Reconstrucción analítica,Baja,Balance receta + etapa + fecha
387,Casa 2,4.0,25132.76,Reconstrucción analítica,Media,Balance receta + etapa + fecha
407,Casa 2,0.5,4865.045,Reconstrucción analítica,Media,Balance receta + etapa + fecha
407,Casa 4,3.5,34055.315,Reconstrucción analítica,Baja,Balance receta + etapa + fecha
584,Casa 3,3.25,31622.7925,Reconstrucción analítica,Baja,Balance receta + etapa + fecha
584,Casa 4,0.75,7297.5675,Reconstrucción analítica,Baja,Balance receta + etapa + fecha
596,Casa 3,1.0,6283.19,Reconstrucción analítica,Baja,Balance receta + etapa + fecha
772,Casa 4,1.0,3701.77,Reconstrucción analítica,Baja,Balance receta + etapa + fecha
1733,Casa 4,2.0,8317.28,Reconstrucción analítica,Media,Balance receta + etapa + fecha
140,Casa 1,3.0,1553.1,Reconstrucción analítica,Media,Balance receta + etapa + fecha
140,Casa 3,2.0,1035.4,Reconstrucción analítica,Baja,Balance receta + etapa + fecha
141,Casa 1,1.0,7200.0,Reconstrucción analítica,Media,Balance receta + etapa + fecha
141,Casa 2,4.0,28800.0,Reconstrucción analítica,Baja,Balance receta + etapa + fecha
161,Casa 1,2.0,6578.76,Reconstrucción analítica,Media,Balance receta + etapa + fecha
162,Casa 1,2.0,1895.58,Reconstrucción analítica,Media,Balance receta + etapa + fecha
324,Casa 3,2.0,7309.74,Reconstrucción analítica,Baja,Balance receta + etapa + fecha
325,Casa 2,4.0,32035.4,Reconstrucción analítica,Media,Balance receta + etapa + fecha
1723,Casa 3,4.0,1572.04,Reconstrucción analítica,Baja,Balance receta + etapa + fecha
1723,Casa 4,6.0,2358.06,Reconstrucción analítica,Media,Balance receta + etapa + fecha
1725,Casa 4,2.0,3236.88,Reconstrucción analítica,Media,Balance receta + etapa + fecha
142,Casa 1,10.0,3185.7999999999997,Reconstrucción analítica,Media,Balance receta + etapa + fecha
143,Casa 1,10.0,42132.700000000004,Reconstrucción analítica,Media,Balance receta + etapa + fecha
380,Casa 1,4.0,2584.08,Reconstrucción analítica,Alta,Balance receta + etapa + fecha
381,Casa 1,3.0,7592.91,Reconstrucción analítica,Alta,Balance receta + etapa + fecha
1114,Casa 1,20.0,8000.0,Reconstrucción analítica,Baja,Balance receta + etapa + fecha
1128,Casa 1,12.25,4900.0,Reconstrucción analítica,Baja,Balance receta + etapa + fecha
1128,Casa 2,7.75,3100.0,Reconstrucción analítica,Baja,Balance receta + etapa + fecha
1197,Casa 2,10.0,4000.0,Reconstrucción analítica,Baja,Balance receta + etapa + fecha
1380,Casa 2,10.0,3991.2,Reconstrucción analítica,Baja,Balance receta + etapa + fecha
1381,Casa 2,4.0,1961.08,Reconstrucción analítica,Baja,Balance receta + etapa + fecha
1406,Casa 2,10.0,4000.0,Reconstrucción analítica,Baja,Balance receta + etapa + fecha
1434,Casa 2,6.0,2946.8999999999996,Reconstrucción analítica,Baja,Balance receta + etapa + fecha
1442,Casa 2,11.5,5444.674999999999,Reconstrucción analítica,Baja,Balance receta + etapa + fecha
1442,Casa 3,8.5,4024.325,Reconstrucción analítica,Media,Balance receta + etapa + fecha
1492,Casa 3,8.0,3865.52,Reconstrucción analítica,Alta,Balance receta + etapa + fecha
1722,Casa 3,10.0,8399.199999999999,Reconstrucción analítica,Baja,Balance receta + etapa + fecha
1724,Casa 3,1.0,4232.71,Reconstrucción analítica,Baja,Balance receta + etapa + fecha
1727,Casa 3,3.0,3917.7300000000005,Reconstrucción analítica,Baja,Balance receta + etapa + fecha
1756,Casa 3,24.0,9833.52,Reconstrucción analítica,Baja,Balance receta + etapa + fecha
1757,Casa 3,4.75,2391.815,Reconstrucción analítica,Baja,Balance receta + etapa + fecha
1757,Casa 4,3.25,1636.505,Reconstrucción analítica,Media,Balance receta + etapa + fecha
1831,Casa 4,20.0,9132.8,Reconstrucción analítica,Alta,Balance receta + etapa + fecha
1904,Casa 4,8.0,4007.04,Reconstrucción analítica,Alta,Balance receta + etapa + fecha
1905,Casa 4,8.0,4927.44,Reconstrucción analítica,Alta,Balance receta + etapa + fecha
1928,Casa 4,20.0,10017.6,Reconstrucción analítica,Alta,Balance receta + etapa + fecha
144,Casa 1,10.0,1513.3000000000002,Reconstrucción analítica,Media,Balance receta + etapa + fecha
145,Casa 1,20.0,22938.0,Reconstrucción analítica,Media,Balance receta + etapa + fecha
171,Casa 1,10.0,5575.2,Reconstrucción analítica,Media,Balance receta + etapa + fecha
172,Casa 1,10.0,1412.4,Reconstrucción analítica,Media,Balance receta + etapa + fecha
202,Casa 1,10.0,1681.3999999999999,Reconstrucción analítica,Media,Balance receta + etapa + fecha
203,Casa 1,20.0,13274.400000000001,Reconstrucción analítica,Media,Balance receta + etapa + fecha
221,Casa 1,15.0,9557.55,Reconstrucción analítica,Media,Balance receta + etapa + fecha
222,Casa 1,20.0,3008.8,Reconstrucción analítica,Media,Balance receta + etapa + fecha
223,Casa 1,20.0,25663.800000000003,Reconstrucción analítica,Media,Balance receta + etapa + fecha
240,Casa 1,20.0,3716.8,Reconstrucción analítica,Media,Balance receta + etapa + fecha
247,Casa 4,20.0,3008.8,Reconstrucción analítica,Baja,Balance receta + etapa + fecha
248,Casa 2,20.0,3716.8,Reconstrucción analítica,Baja,Balance receta + etapa + fecha
249,Casa 1,15.75,10035.4275,Reconstrucción analítica,Media,Balance receta + etapa + fecha
249,Casa 2,4.25,2707.9725,Reconstrucción analítica,Baja,Balance receta + etapa + fecha
271,Casa 2,15.0,2787.6,Reconstrucción analítica,Baja,Balance receta + etapa + fecha
272,Casa 2,20.0,25663.800000000003,Reconstrucción analítica,Baja,Balance receta + etapa + fecha
306,Casa 2,20.0,12743.4,Reconstrucción analítica,Media,Balance receta + etapa + fecha
308,Casa 2,14.25,2648.22,Reconstrucción analítica,Media,Balance receta + etapa + fecha
308,Casa 3,30.75,5714.58,Reconstrucción analítica,Baja,Balance receta + etapa + fecha
310,Casa 2,30.0,38495.700000000004,Reconstrucción analítica,Media,Balance receta + etapa + fecha
359,Casa 2,4.25,789.82,Reconstrucción analítica,Media,Balance receta + etapa + fecha
359,Casa 4,35.75,6643.780000000001,Reconstrucción analítica,Baja,Balance receta + etapa + fecha
382,Casa 2,3.0,18172.56,Reconstrucción analítica,Media,Balance receta + etapa + fecha
408,Casa 2,20.0,12743.4,Reconstrucción analítica,Media,Balance receta + etapa + fecha
409,Casa 2,20.0,25398.2,Reconstrucción analítica,Media,Balance receta + etapa + fecha
463,Casa 4,30.0,19115.1,Reconstrucción analítica,Baja,Balance receta + etapa + fecha
465,Casa 3,20.0,3716.8,Reconstrucción analítica,Baja,Balance receta + etapa + fecha
466,Casa 3,20.0,25398.2,Reconstrucción analítica,Baja,Balance receta + etapa + fecha
472,Casa 3,20.0,12743.4,Reconstrucción analítica,Baja,Balance receta + etapa + fecha
490,Casa 3,30.0,5575.2,Reconstrucción analítica,Baja,Balance receta + etapa + fecha
506,Casa 3,20.0,19048.6,Reconstrucción analítica,Baja,Balance receta + etapa + fecha
541,Casa 4,10.0,12699.1,Reconstrucción analítica,Baja,Balance receta + etapa + fecha
550,Casa 4,20.0,3716.8,Reconstrucción analítica,Baja,Balance receta + etapa + fecha
555,Casa 3,30.0,5240.7,Reconstrucción analítica,Baja,Balance receta + etapa + fecha
564,Casa 4,10.0,5989.400000000001,Reconstrucción analítica,Baja,Balance receta + etapa + fecha
565,Casa 4,10.0,1414.1999999999998,Reconstrucción analítica,Baja,Balance receta + etapa + fecha
566,Casa 4,15.0,17905.8,Reconstrucción analítica,Baja,Balance receta + etapa + fecha
576,Casa 4,10.0,1858.4,Reconstrucción analítica,Baja,Balance receta + etapa + fecha
604,Casa 4,10.0,1858.4,Reconstrucción analítica,Baja,Balance receta + etapa + fecha
146,Casa 1,0.25,475.2475,Reconstrucción analítica,Media,Balance receta + etapa + fecha
146,Casa 2,0.25,475.2475,Reconstrucción analítica,Baja,Balance receta + etapa + fecha
146,Casa 3,0.25,475.2475,Reconstrucción analítica,Baja,Balance receta + etapa + fecha
146,Casa 4,0.25,475.2475,Reconstrucción analítica,Baja,Balance receta + etapa + fecha
148,Casa 1,0.25,2747.7875,Reconstrucción analítica,Media,Balance receta + etapa + fecha
148,Casa 2,0.25,2747.7875,Reconstrucción analítica,Baja,Balance receta + etapa + fecha
148,Casa 3,0.25,2747.7875,Reconstrucción analítica,Baja,Balance receta + etapa + fecha
148,Casa 4,0.25,2747.7875,Reconstrucción analítica,Baja,Balance receta + etapa + fecha
149,Casa 1,1.0,43805.31,Reconstrucción analítica,Media,Balance receta + etapa + fecha
2308,Casa 1,0.5,8044.25,Reconstrucción analítica,Media,Balance receta + etapa + fecha
2308,Casa 2,0.5,8044.25,Reconstrucción analítica,Media,Balance receta + etapa + fecha
2309,Casa 2,1.0,14015.93,Reconstrucción analítica,Alta,Balance receta + etapa + fecha
2310,Casa 2,1.0,8307.96,Reconstrucción analítica,Alta,Balance receta + etapa + fecha
2312,Casa 1,1.0,14015.93,Reconstrucción analítica,Baja,Balance receta + etapa + fecha
2313,Casa 2,1.0,16088.5,Reconstrucción analítica,Media,Balance receta + etapa + fecha
2318,Casa 1,1.0,8307.96,Reconstrucción analítica,Baja,Balance receta + etapa + fecha
2322,Casa 3,1.0,8308.85,Reconstrucción analítica,Baja,Balance receta + etapa + fecha
2323,Casa 3,1.0,14539.82,Reconstrucción analítica,Baja,Balance receta + etapa + fecha
2324,Casa 3,1.0,14015.93,Reconstrucción analítica,Baja,Balance receta + etapa + fecha
2327,Casa 4,2.0,29079.64,Reconstrucción analítica,Media,Balance receta + etapa + fecha
2328,Casa 3,0.5,7008.85,Reconstrucción analítica,Baja,Balance receta + etapa + fecha
2328,Casa 4,1.5,21026.550000000003,Reconstrucción analítica,Media,Balance receta + etapa + fecha
150,Casa 1,60.0,30531.0,Reconstrucción analítica,Media,Balance receta + etapa + fecha
150,Casa 2,40.0,20354.0,Reconstrucción analítica,Baja,Balance receta + etapa + fecha
433,Casa 3,30.0,15265.5,Reconstrucción analítica,Baja,Balance receta + etapa + fecha
434,Casa 2,20.0,10177.0,Reconstrucción analítica,Media,Balance receta + etapa + fecha
434,Casa 3,10.0,5088.5,Reconstrucción analítica,Baja,Balance receta + etapa + fecha
435,Casa 4,30.0,15265.5,Reconstrucción analítica,Baja,Balance receta + etapa + fecha
436,Casa 3,20.0,10177.0,Reconstrucción analítica,Baja,Balance receta + etapa + fecha
436,Casa 4,30.0,15265.5,Reconstrucción analítica,Baja,Balance receta + etapa + fecha
157,Casa 1,4.0,876.12,Reconstrucción analítica,Media,Balance receta + etapa + fecha
158,Casa 1,2.0,1592.92,Reconstrucción analítica,Media,Balance receta + etapa + fecha
159,Casa 1,4.0,7423.0,Reconstrucción analítica,Media,Balance receta + etapa + fecha
219,Casa 1,10.0,2433.6000000000004,Reconstrucción analítica,Media,Balance receta + etapa + fecha
220,Casa 1,10.0,7831.900000000001,Reconstrucción analítica,Media,Balance receta + etapa + fecha
239,Casa 1,4.75,1134.965,Reconstrucción analítica,Media,Balance receta + etapa + fecha
239,Casa 2,15.25,3643.835,Reconstrucción analítica,Baja,Balance receta + etapa + fecha
261,Casa 2,10.0,20575.2,Reconstrucción analítica,Baja,Balance receta + etapa + fecha
270,Casa 2,5.25,1254.4350000000002,Reconstrucción analítica,Baja,Balance receta + etapa + fecha
270,Casa 4,14.75,3524.3650000000002,Reconstrucción analítica,Baja,Balance receta + etapa + fecha
326,Casa 4,10.0,20575.2,Reconstrucción analítica,Baja,Balance receta + etapa + fecha
379,Casa 2,4.25,8744.460000000001,Reconstrucción analítica,Media,Balance receta + etapa + fecha
379,Casa 3,5.75,11830.74,Reconstrucción analítica,Baja,Balance receta + etapa + fecha
488,Casa 3,10.0,7831.900000000001,Reconstrucción analítica,Baja,Balance receta + etapa + fecha
489,Casa 4,10.0,2389.4,Reconstrucción analítica,Baja,Balance receta + etapa + fecha
538,Casa 3,15.0,30862.8,Reconstrucción analítica,Baja,Balance receta + etapa + fecha
666,Casa 3,4.0,7079.64,Reconstrucción analítica,Baja,Balance receta + etapa + fecha
180,Casa 1,1.75,8672.5625,Reconstrucción analítica,Media,Balance receta + etapa + fecha
180,Casa 4,0.25,1238.9375,Reconstrucción analítica,Baja,Balance receta + etapa + fecha
225,Casa 3,1.0,2212.39,Reconstrucción analítica,Baja,Balance receta + etapa + fecha
243,Casa 2,1.75,8672.5625,Reconstrucción analítica,Media,Balance receta + etapa + fecha
243,Casa 3,0.25,1238.9375,Reconstrucción analítica,Baja,Balance receta + etapa + fecha
370,Casa 3,0.5,11946.905,Reconstrucción analítica,Baja,Balance receta + etapa + fecha
370,Casa 4,0.5,11946.905,Reconstrucción analítica,Baja,Balance receta + etapa + fecha
1866,Casa 4,1.0,20683.19,Reconstrucción analítica,Alta,Balance receta + etapa + fecha
182,Casa 1,1.0,7522.12,Reconstrucción analítica,Baja,Balance receta + etapa + fecha
369,Casa 1,1.0,6721.24,Reconstrucción analítica,Media,Balance receta + etapa + fecha
572,Casa 1,2.0,12635.92,Reconstrucción analítica,Alta,Balance receta + etapa + fecha
707,Casa 1,0.25,1477.875,Reconstrucción analítica,Media,Balance receta + etapa + fecha
707,Casa 2,0.75,4433.625,Reconstrucción analítica,Media,Balance receta + etapa + fecha
847,Casa 2,1.0,5912.39,Reconstrucción analítica,Alta,Balance receta + etapa + fecha
960,Casa 2,0.5,2956.195,Reconstrucción analítica,Media,Balance receta + etapa + fecha
960,Casa 3,0.5,2956.195,Reconstrucción analítica,Baja,Balance receta + etapa + fecha
1056,Casa 3,1.0,2147.79,Reconstrucción analítica,Baja,Balance receta + etapa + fecha
1098,Casa 3,1.0,5912.39,Reconstrucción analítica,Baja,Balance receta + etapa + fecha
1272,Casa 3,1.0,2246.02,Reconstrucción analítica,Media,Balance receta + etapa + fecha
1379,Casa 3,0.75,1684.5149999999999,Reconstrucción analítica,Media,Balance receta + etapa + fecha
1379,Casa 4,0.25,561.505,Reconstrucción analítica,Baja,Balance receta + etapa + fecha
1469,Casa 4,2.0,3572.48,Reconstrucción analítica,Baja,Balance receta + etapa + fecha
1645,Casa 4,1.0,5912.39,Reconstrucción analítica,Baja,Balance receta + etapa + fecha
1884,Casa 4,1.0,7430.09,Reconstrucción analítica,Media,Balance receta + etapa + fecha
2384,Casa 2,2.0,29904.6,Reconstrucción analítica,Alta,Balance receta + etapa + fecha
192,Casa 1,0.25,325.2225,Reconstrucción analítica,Media,Balance receta + etapa + fecha
192,Casa 2,0.25,325.2225,Reconstrucción analítica,Baja,Balance receta + etapa + fecha
192,Casa 3,0.25,325.2225,Reconstrucción analítica,Baja,Balance receta + etapa + fecha
192,Casa 4,0.25,325.2225,Reconstrucción analítica,Baja,Balance receta + etapa + fecha
193,Casa 1,2.0,4600.0,Reconstrucción analítica,Media,Balance receta + etapa + fecha
301,Casa 1,2.0,4600.0,Reconstrucción analítica,Alta,Balance receta + etapa + fecha
375,Casa 1,0.5,1150.0,Reconstrucción analítica,Media,Balance receta + etapa + fecha
375,Casa 2,1.5,3450.0,Reconstrucción analítica,Media,Balance receta + etapa + fecha
456,Casa 2,2.0,4600.0,Reconstrucción analítica,Media,Balance receta + etapa + fecha
1115,Casa 2,1.0,1329.2,Reconstrucción analítica,Baja,Balance receta + etapa + fecha
1129,Casa 3,1.0,1329.2,Reconstrucción analítica,Media,Balance receta + etapa + fecha
1393,Casa 3,2.0,2274.34,Reconstrucción analítica,Alta,Balance receta + etapa + fecha
1482,Casa 3,1.0,1137.17,Reconstrucción analítica,Alta,Balance receta + etapa + fecha
1540,Casa 3,0.5,568.585,Reconstrucción analítica,Media,Balance receta + etapa + fecha
1540,Casa 4,1.5,1705.755,Reconstrucción analítica,Baja,Balance receta + etapa + fecha
1731,Casa 4,1.0,1137.6,Reconstrucción analítica,Media,Balance receta + etapa + fecha
2123,Casa 4,1.0,1142.0,Reconstrucción analítica,Alta,Balance receta + etapa + fecha
2128,Casa 4,1.0,1142.0,Reconstrucción analítica,Alta,Balance receta + etapa + fecha
205,Casa 1,6.0,2814.18,Reconstrucción analítica,Media,Balance receta + etapa + fecha
206,Casa 1,2.5,4092.925,Reconstrucción analítica,Media,Balance receta + etapa + fecha
206,Casa 3,3.5,5730.095,Reconstrucción analítica,Baja,Balance receta + etapa + fecha
211,Casa 1,6.0,3079.62,Reconstrucción analítica,Media,Balance receta + etapa + fecha
211,Casa 2,6.0,3079.62,Reconstrucción analítica,Baja,Balance receta + etapa + fecha
309,Casa 2,8.5,4362.795,Reconstrucción analítica,Media,Balance receta + etapa + fecha
309,Casa 4,1.5,769.905,Reconstrucción analítica,Baja,Balance receta + etapa + fecha
314,Casa 4,2.0,407.08,Reconstrucción analítica,Baja,Balance receta + etapa + fecha
643,Casa 3,1.0,2185.84,Reconstrucción analítica,Baja,Balance receta + etapa + fecha
818,Casa 3,7.0,1672.58,Reconstrucción analítica,Baja,Balance receta + etapa + fecha
986,Casa 3,2.0,263.72,Reconstrucción analítica,Media,Balance receta + etapa + fecha
1003,Casa 3,1.0,238.94,Reconstrucción analítica,Media,Balance receta + etapa + fecha
1013,Casa 4,1.0,238.94,Reconstrucción analítica,Baja,Balance receta + etapa + fecha
1092,Casa 4,1.0,131.86,Reconstrucción analítica,Baja,Balance receta + etapa + fecha
1268,Casa 4,1.0,274.34,Reconstrucción analítica,Baja,Balance receta + etapa + fecha
1269,Casa 4,1.0,190.27,Reconstrucción analítica,Baja,Balance receta + etapa + fecha
1299,Casa 4,2.0,7585.84,Reconstrucción analítica,Baja,Balance receta + etapa + fecha
1300,Casa 4,2.0,5127.44,Reconstrucción analítica,Baja,Balance receta + etapa + fecha
1328,Casa 4,1.0,238.94,Reconstrucción analítica,Baja,Balance receta + etapa + fecha
1513,Casa 4,1.0,3803.54,Reconstrucción analítica,Baja,Balance receta + etapa + fecha
2258,Casa 4,1.0,124.78,Reconstrucción analítica,Media,Balance receta + etapa + fecha
207,Casa 1,1.0,71044.25,Reconstrucción analítica,Media,Balance receta + etapa + fecha; Casa 4 excluida: policarbonato pendiente
1164,Casa 2,1.0,2128.32,Reconstrucción analítica,Baja,Balance receta + etapa + fecha; Casa 4 excluida: policarbonato pendiente
1468,Casa 2,0.666666666666667,53047.21333333336,Reconstrucción analítica,Baja,Balance receta + etapa + fecha; Casa 4 excluida: policarbonato pendiente
1468,Casa 3,0.33333333333333304,26523.606666666645,Reconstrucción analítica,Media,Balance receta + etapa + fecha; Casa 4 excluida: policarbonato pendiente
1546,Casa 3,1.0,2632.74,Reconstrucción analítica,Media,Balance receta + etapa + fecha; Casa 4 excluida: policarbonato pendiente
1556,Casa 3,1.0,2632.74,Reconstrucción analítica,Media,Balance receta + etapa + fecha; Casa 4 excluida: policarbonato pendiente
2317,Casa 1,0.3333333333333335,664.306666666667,Reconstrucción analítica,Baja,Balance receta + etapa + fecha; Casa 4 excluida: policarbonato pendiente
2317,Casa 2,0.6666666666666665,1328.613333333333,Reconstrucción analítica,Media,Balance receta + etapa + fecha; Casa 4 excluida: policarbonato pendiente
2343,Casa 1,1.0,4609.72,Reconstrucción analítica,Baja,Balance receta + etapa + fecha; Casa 4 excluida: policarbonato pendiente
230,Casa 1,0.25,3752.2125,Reconstrucción analítica,Media,Balance receta + etapa + fecha
230,Casa 2,0.25,3752.2125,Reconstrucción analítica,Baja,Balance receta + etapa + fecha
230,Casa 3,0.25,3752.2125,Reconstrucción analítica,Baja,Balance receta + etapa + fecha
230,Casa 4,0.25,3752.2125,Reconstrucción analítica,Baja,Balance receta + etapa + fecha
231,Casa 1,1.0,5575.22,Reconstrucción analítica,Media,Balance receta + etapa + fecha
411,Casa 1,2.0,26194.7,Reconstrucción analítica,Alta,Balance receta + etapa + fecha
477,Casa 1,2.0,38495.58,Reconstrucción analítica,Alta,Balance receta + etapa + fecha
499,Casa 1,1.25,18044.8,Reconstrucción analítica,Media,Balance receta + etapa + fecha
499,Casa 2,0.75,10826.880000000001,Reconstrucción analítica,Media,Balance receta + etapa + fecha
670,Casa 2,5.5,6570.795,Reconstrucción analítica,Media,Balance receta + etapa + fecha
670,Casa 3,0.5,597.345,Reconstrucción analítica,Baja,Balance receta + etapa + fecha
923,Casa 3,4.0,19971.68,Reconstrucción analítica,Media,Balance receta + etapa + fecha
1491,Casa 3,1.75,1421.6825000000001,Reconstrucción analítica,Media,Balance receta + etapa + fecha
1491,Casa 4,1.25,1015.4875000000001,Reconstrucción analítica,Baja,Balance receta + etapa + fecha
1732,Casa 4,3.0,19498.41,Reconstrucción analítica,Media,Balance receta + etapa + fecha
1763,Casa 4,1.0,5253.1,Reconstrucción analítica,Media,Balance receta + etapa + fecha
2149,Casa 4,1.0,3295.58,Reconstrucción analítica,Alta,Balance receta + etapa + fecha
242,Casa 1,100.00000000000006,40708.00000000003,Reconstrucción analítica,Alta,Balance receta + etapa + fecha
256,Casa 1,60.0,24424.8,Reconstrucción analítica,Alta,Balance receta + etapa + fecha
283,Casa 1,126.66666666666663,51563.46666666665,Reconstrucción analítica,Media,Balance receta + etapa + fecha
283,Casa 2,173.33333333333337,70560.53333333335,Reconstrucción analítica,Media,Balance receta + etapa + fecha
944,Casa 2,90.0,31301.100000000002,Reconstrucción analítica,Baja,Balance receta + etapa + fecha
1390,Casa 2,23.333333333333314,8115.099999999994,Reconstrucción analítica,Baja,Balance receta + etapa + fecha
1390,Casa 3,36.666666666666686,12752.300000000007,Reconstrucción analítica,Media,Balance receta + etapa + fecha
1392,Casa 3,50.0,17389.5,Reconstrucción analítica,Media,Balance receta + etapa + fecha
1488,Casa 3,150.0,52168.5,Reconstrucción analítica,Media,Balance receta + etapa + fecha
1500,Casa 3,50.0,17389.5,Reconstrucción analítica,Media,Balance receta + etapa + fecha
253,Casa 1,2.0,34690.26,Reconstrucción analítica,Alta,Balance receta + etapa + fecha
367,Casa 1,3.75,61792.05,Reconstrucción analítica,Media,Balance receta + etapa + fecha
367,Casa 2,5.75,94747.81000000001,Reconstrucción analítica,Media,Balance receta + etapa + fecha
367,Casa 4,5.5,90628.34,Reconstrucción analítica,Baja,Balance receta + etapa + fecha
468,Casa 3,2.0,34690.26,Reconstrucción analítica,Baja,Balance receta + etapa + fecha
567,Casa 3,3.75,58084.5,Reconstrucción analítica,Baja,Balance receta + etapa + fecha
567,Casa 4,0.25,3872.3,Reconstrucción analítica,Baja,Balance receta + etapa + fecha
254,Casa 1,14.0,86106.15999999999,Reconstrucción analítica,Alta,Balance receta + etapa + fecha
467,Casa 1,1.25,6581.8625,Reconstrucción analítica,Media,Balance receta + etapa + fecha
467,Casa 2,12.75,67134.9975,Reconstrucción analítica,Media,Balance receta + etapa + fecha
1455,Casa 2,2.5,13477.875,Reconstrucción analítica,Baja,Balance receta + etapa + fecha
1455,Casa 3,7.5,40433.625,Reconstrucción analítica,Media,Balance receta + etapa + fecha
1462,Casa 3,4.0,21564.6,Reconstrucción analítica,Media,Balance receta + etapa + fecha
1467,Casa 3,3.75,20216.8125,Reconstrucción analítica,Media,Balance receta + etapa + fecha
1467,Casa 4,0.25,1347.7875,Reconstrucción analítica,Baja,Balance receta + etapa + fecha
1864,Casa 4,15.0,76951.35,Reconstrucción analítica,Alta,Balance receta + etapa + fecha
265,Casa 1,0.25,1725.6625,Reconstrucción analítica,Media,Balance receta + etapa + fecha
265,Casa 2,0.25,1725.6625,Reconstrucción analítica,Baja,Balance receta + etapa + fecha
265,Casa 3,0.25,1725.6625,Reconstrucción analítica,Baja,Balance receta + etapa + fecha
265,Casa 4,0.25,1725.6625,Reconstrucción analítica,Baja,Balance receta + etapa + fecha
269,Casa 1,0.25,918.1425,Reconstrucción analítica,Media,Balance receta + etapa + fecha
269,Casa 2,0.25,918.1425,Reconstrucción analítica,Baja,Balance receta + etapa + fecha
269,Casa 3,0.25,918.1425,Reconstrucción analítica,Baja,Balance receta + etapa + fecha
269,Casa 4,0.25,918.1425,Reconstrucción analítica,Baja,Balance receta + etapa + fecha
277,Casa 1,10.0,12787.6,Reconstrucción analítica,Alta,Balance receta + etapa + fecha
323,Casa 1,8.0,10230.08,Reconstrucción analítica,Alta,Balance receta + etapa + fecha
491,Casa 1,12.25,16206.872500000001,Reconstrucción analítica,Baja,Balance receta + etapa + fecha
491,Casa 2,2.75,3638.2775,Reconstrucción analítica,Media,Balance receta + etapa + fecha
613,Casa 1,4.0,33628.32,Reconstrucción analítica,Baja,Balance receta + etapa + fecha
676,Casa 2,1.0,1991.15,Reconstrucción analítica,Baja,Balance receta + etapa + fecha
677,Casa 2,1.0,1991.15,Reconstrucción analítica,Baja,Balance receta + etapa + fecha
685,Casa 2,1.5,1924.785,Reconstrucción analítica,Baja,Balance receta + etapa + fecha
685,Casa 3,1.5,1924.785,Reconstrucción analítica,Media,Balance receta + etapa + fecha
841,Casa 2,6.0,71883.18000000001,Reconstrucción analítica,Baja,Balance receta + etapa + fecha
997,Casa 2,1.0,11980.53,Reconstrucción analítica,Baja,Balance receta + etapa + fecha
1063,Casa 2,5.0,4424.8,Reconstrucción analítica,Baja,Balance receta + etapa + fecha
1121,Casa 2,5.0,6694.700000000001,Reconstrucción analítica,Baja,Balance receta + etapa + fecha
1135,Casa 2,5.0,6694.700000000001,Reconstrucción analítica,Baja,Balance receta + etapa + fecha
1281,Casa 2,3.0,3684.96,Reconstrucción analítica,Baja,Balance receta + etapa + fecha
1315,Casa 2,3.0,3684.96,Reconstrucción analítica,Baja,Balance receta + etapa + fecha
1377,Casa 3,1.0,12192.92,Reconstrucción analítica,Media,Balance receta + etapa + fecha
1378,Casa 3,1.0,8654.87,Reconstrucción analítica,Media,Balance receta + etapa + fecha
1484,Casa 3,20.0,26460.2,Reconstrucción analítica,Media,Balance receta + etapa + fecha
1777,Casa 3,6.0,41702.64,Reconstrucción analítica,Baja,Balance receta + etapa + fecha
1891,Casa 3,4.75,5641.1475,Reconstrucción analítica,Baja,Balance receta + etapa + fecha
1891,Casa 4,13.25,15735.8325,Reconstrucción analítica,Media,Balance receta + etapa + fecha
2108,Casa 4,5.0,7455.75,Reconstrucción analítica,Media,Balance receta + etapa + fecha
2109,Casa 4,7.0,8059.3099999999995,Reconstrucción analítica,Media,Balance receta + etapa + fecha
2137,Casa 4,6.0,5118.6,Reconstrucción analítica,Media,Balance receta + etapa + fecha
2200,Casa 4,2.0,3210.62,Reconstrucción analítica,Media,Balance receta + etapa + fecha
2201,Casa 4,1.0,5230.09,Reconstrucción analítica,Media,Balance receta + etapa + fecha
284,Casa 1,5.0,4292.05,Reconstrucción analítica,Media,Balance receta + etapa + fecha
415,Casa 1,2.0,13539.82,Reconstrucción analítica,Alta,Balance receta + etapa + fecha
590,Casa 1,3.0,20309.73,Reconstrucción analítica,Alta,Balance receta + etapa + fecha
603,Casa 1,5.0,25641.6,Reconstrucción analítica,Alta,Balance receta + etapa + fecha
858,Casa 1,2.0,9725.66,Reconstrucción analítica,Baja,Balance receta + etapa + fecha
904,Casa 1,1.0,261.95,Reconstrucción analítica,Baja,Balance receta + etapa + fecha
948,Casa 1,4.0,14396.48,Reconstrucción analítica,Baja,Balance receta + etapa + fecha
1207,Casa 1,2.0,630.08,Reconstrucción analítica,Baja,Balance receta + etapa + fecha
1458,Casa 1,35.0,158553.15,Reconstrucción analítica,Baja,Balance receta + etapa + fecha
1477,Casa 1,2.25,7659.945,Reconstrucción analítica,Baja,Balance receta + etapa + fecha
1477,Casa 2,2.75,9362.155,Reconstrucción analítica,Baja,Balance receta + etapa + fecha
1485,Casa 2,15.0,51066.3,Reconstrucción analítica,Baja,Balance receta + etapa + fecha
1505,Casa 2,35.0,119154.7,Reconstrucción analítica,Baja,Balance receta + etapa + fecha
1509,Casa 2,8.5,28937.57,Reconstrucción analítica,Baja,Balance receta + etapa + fecha
1509,Casa 3,9.5,32341.989999999998,Reconstrucción analítica,Media,Balance receta + etapa + fecha
1565,Casa 3,6.0,20426.52,Reconstrucción analítica,Alta,Balance receta + etapa + fecha
1570,Casa 3,2.0,9060.18,Reconstrucción analítica,Alta,Balance receta + etapa + fecha
1682,Casa 3,2.0,6808.84,Reconstrucción analítica,Alta,Balance receta + etapa + fecha
1892,Casa 3,20.0,68088.4,Reconstrucción analítica,Baja,Balance receta + etapa + fecha
1907,Casa 3,15.0,51066.3,Reconstrucción analítica,Baja,Balance receta + etapa + fecha
1951,Casa 3,4.0,18120.36,Reconstrucción analítica,Baja,Balance receta + etapa + fecha
1954,Casa 3,2.75,9362.155,Reconstrucción analítica,Baja,Balance receta + etapa + fecha
1954,Casa 4,17.25,58726.244999999995,Reconstrucción analítica,Media,Balance receta + etapa + fecha
1969,Casa 4,16.0,58732.8,Reconstrucción analítica,Media,Balance receta + etapa + fecha
2029,Casa 4,2.0,10256.64,Reconstrucción analítica,Alta,Balance receta + etapa + fecha
2094,Casa 4,12.0,47702.64,Reconstrucción analítica,Alta,Balance receta + etapa + fecha
2124,Casa 4,8.0,31801.76,Reconstrucción analítica,Alta,Balance receta + etapa + fecha
2130,Casa 4,5.0,19876.1,Reconstrucción analítica,Alta,Balance receta + etapa + fecha
2274,Casa 4,1.0,3783.19,Reconstrucción analítica,Alta,Balance receta + etapa + fecha
291,Casa 2,10.0,4070.7999999999997,Reconstrucción analítica,Baja,Balance receta + etapa + fecha
292,Casa 1,10.0,4778.8,Reconstrucción analítica,Alta,Balance receta + etapa + fecha
500,Casa 3,7.0,5900.44,Reconstrucción analítica,Baja,Balance receta + etapa + fecha
500,Casa 4,7.0,5900.44,Reconstrucción analítica,Baja,Balance receta + etapa + fecha
501,Casa 4,2.0,5940.28,Reconstrucción analítica,Baja,Balance receta + etapa + fecha
502,Casa 3,2.0,2953.54,Reconstrucción analítica,Baja,Balance receta + etapa + fecha
503,Casa 4,1.0,8628.32,Reconstrucción analítica,Baja,Balance receta + etapa + fecha
504,Casa 3,1.0,18219.03,Reconstrucción analítica,Baja,Balance receta + etapa + fecha
294,Casa 1,2.0,10265.48,Reconstrucción analítica,Media,Balance receta + etapa + fecha
321,Casa 1,3.5,14712.39,Reconstrucción analítica,Media,Balance receta + etapa + fecha
321,Casa 2,5.5,23119.47,Reconstrucción analítica,Baja,Balance receta + etapa + fecha
321,Casa 4,1.0,4203.54,Reconstrucción analítica,Baja,Balance receta + etapa + fecha
562,Casa 3,5.0,19756.65,Reconstrucción analítica,Baja,Balance receta + etapa + fecha
578,Casa 3,0.5,2101.77,Reconstrucción analítica,Baja,Balance receta + etapa + fecha
578,Casa 4,4.5,18915.93,Reconstrucción analítica,Baja,Balance receta + etapa + fecha
295,Casa 1,21.0,73500.0,Reconstrucción analítica,Media,Balance receta + etapa + fecha
295,Casa 4,9.0,31500.0,Reconstrucción analítica,Baja,Balance receta + etapa + fecha
300,Casa 1,10.0,35000.0,Reconstrucción analítica,Media,Balance receta + etapa + fecha
317,Casa 1,30.0,105000.0,Reconstrucción analítica,Media,Balance receta + etapa + fecha
322,Casa 3,15.0,52500.0,Reconstrucción analítica,Baja,Balance receta + etapa + fecha
330,Casa 2,2.0,7000.0,Reconstrucción analítica,Baja,Balance receta + etapa + fecha
330,Casa 4,18.0,63000.0,Reconstrucción analítica,Baja,Balance receta + etapa + fecha
341,Casa 2,15.0,52500.0,Reconstrucción analítica,Baja,Balance receta + etapa + fecha
473,Casa 2,24.0,84000.0,Reconstrucción analítica,Media,Balance receta + etapa + fecha
473,Casa 3,6.0,21000.0,Reconstrucción analítica,Baja,Balance receta + etapa + fecha
494,Casa 2,20.0,70000.0,Reconstrucción analítica,Media,Balance receta + etapa + fecha
529,Casa 4,20.0,70000.0,Reconstrucción analítica,Baja,Balance receta + etapa + fecha
544,Casa 3,15.0,52500.0,Reconstrucción analítica,Baja,Balance receta + etapa + fecha
546,Casa 3,10.0,35000.0,Reconstrucción analítica,Baja,Balance receta + etapa + fecha
561,Casa 3,5.0,16450.0,Reconstrucción analítica,Baja,Balance receta + etapa + fecha
612,Casa 3,10.0,35000.0,Reconstrucción analítica,Baja,Balance receta + etapa + fecha
1539,Casa 4,14.0,47656.0,Reconstrucción analítica,Baja,Balance receta + etapa + fecha
302,Casa 1,1.0,25500.0,Reconstrucción analítica,Alta,Balance receta + etapa + fecha
532,Casa 1,5.0,66371.7,Reconstrucción analítica,Media,Balance receta + etapa + fecha
640,Casa 2,4.0,10513.28,Reconstrucción analítica,Alta,Balance receta + etapa + fecha
733,Casa 1,2.75,41488.5075,Reconstrucción analítica,Baja,Balance receta + etapa + fecha
733,Casa 2,0.25,3771.6825,Reconstrucción analítica,Media,Balance receta + etapa + fecha
785,Casa 2,1.0,14998.23,Reconstrucción analítica,Alta,Balance receta + etapa + fecha
846,Casa 3,1.0,5443.36,Reconstrucción analítica,Baja,Balance receta + etapa + fecha
852,Casa 3,5.0,41977.9,Reconstrucción analítica,Baja,Balance receta + etapa + fecha
854,Casa 2,3.5,13928.775,Reconstrucción analítica,Media,Balance receta + etapa + fecha
854,Casa 3,1.5,5969.474999999999,Reconstrucción analítica,Baja,Balance receta + etapa + fecha
1059,Casa 3,1.0,1396.46,Reconstrucción analítica,Media,Balance receta + etapa + fecha
1783,Casa 3,0.25,441.3725,Reconstrucción analítica,Baja,Balance receta + etapa + fecha
1783,Casa 4,0.75,1324.1175,Reconstrucción analítica,Media,Balance receta + etapa + fecha
2043,Casa 4,1.0,33584.07,Reconstrucción analítica,Alta,Balance receta + etapa + fecha
2047,Casa 4,1.0,55747.79,Reconstrucción analítica,Alta,Balance receta + etapa + fecha
2052,Casa 4,1.0,55747.79,Reconstrucción analítica,Alta,Balance receta + etapa + fecha
2053,Casa 4,2.0,24288.5,Reconstrucción analítica,Alta,Balance receta + etapa + fecha
2054,Casa 4,1.0,2492.04,Reconstrucción analítica,Alta,Balance receta + etapa + fecha
2059,Casa 4,1.0,1057.52,Reconstrucción analítica,Alta,Balance receta + etapa + fecha
2061,Casa 4,1.0,11394.69,Reconstrucción analítica,Alta,Balance receta + etapa + fecha
312,Casa 1,1.0,5451.33,Reconstrucción analítica,Alta,Balance receta + etapa + fecha
746,Casa 1,2.0,5102.66,Reconstrucción analítica,Baja,Balance receta + etapa + fecha
791,Casa 1,7.0,2007.1100000000001,Reconstrucción analítica,Baja,Balance receta + etapa + fecha
820,Casa 1,1.0,846.02,Reconstrucción analítica,Baja,Balance receta + etapa + fecha
905,Casa 1,1.0,795.58,Reconstrucción analítica,Baja,Balance receta + etapa + fecha
983,Casa 1,2.0,474.34,Reconstrucción analítica,Baja,Balance receta + etapa + fecha
1079,Casa 1,2.0,545.14,Reconstrucción analítica,Baja,Balance receta + etapa + fecha
1080,Casa 1,2.0,545.14,Reconstrucción analítica,Baja,Balance receta + etapa + fecha
1264,Casa 2,2.0,11757.52,Reconstrucción analítica,Baja,Balance receta + etapa + fecha
1265,Casa 2,2.0,14656.64,Reconstrucción analítica,Baja,Balance receta + etapa + fecha
1266,Casa 2,1.0,4405.31,Reconstrucción analítica,Baja,Balance receta + etapa + fecha
1290,Casa 1,0.75,340.485,Reconstrucción analítica,Baja,Balance receta + etapa + fecha
1290,Casa 2,1.25,567.475,Reconstrucción analítica,Baja,Balance receta + etapa + fecha
1341,Casa 2,1.0,453.98,Reconstrucción analítica,Baja,Balance receta + etapa + fecha
1367,Casa 2,1.0,3018.58,Reconstrucción analítica,Baja,Balance receta + etapa + fecha
1443,Casa 2,1.0,9260.18,Reconstrucción analítica,Baja,Balance receta + etapa + fecha
1538,Casa 2,4.0,25130.84,Reconstrucción analítica,Baja,Balance receta + etapa + fecha
1553,Casa 2,3.0,17909.73,Reconstrucción analítica,Baja,Balance receta + etapa + fecha
1690,Casa 2,2.5,4867.250000000001,Reconstrucción analítica,Baja,Balance receta + etapa + fecha
1690,Casa 3,3.5,6814.1500000000015,Reconstrucción analítica,Baja,Balance receta + etapa + fecha
1848,Casa 3,2.0,1469.02,Reconstrucción analítica,Baja,Balance receta + etapa + fecha
1883,Casa 3,13.25,5323.4525,Reconstrucción analítica,Baja,Balance receta + etapa + fecha
1883,Casa 4,11.75,4720.7975,Reconstrucción analítica,Media,Balance receta + etapa + fecha
1960,Casa 4,2.0,415.92,Reconstrucción analítica,Alta,Balance receta + etapa + fecha
2057,Casa 4,1.0,2880.53,Reconstrucción analítica,Alta,Balance receta + etapa + fecha
2077,Casa 4,1.0,292.92,Reconstrucción analítica,Alta,Balance receta + etapa + fecha
2078,Casa 4,3.0,655.74,Reconstrucción analítica,Alta,Balance receta + etapa + fecha
331,Casa 1,3.0,48982.29,Reconstrucción analítica,Alta,Balance receta + etapa + fecha
423,Casa 1,1.0,16570.8,Reconstrucción analítica,Alta,Balance receta + etapa + fecha
523,Casa 1,0.75,12303.817500000001,Reconstrucción analítica,Media,Balance receta + etapa + fecha
523,Casa 2,1.25,20506.3625,Reconstrucción analítica,Media,Balance receta + etapa + fecha
1314,Casa 2,1.0,14095.58,Reconstrucción analítica,Baja,Balance receta + etapa + fecha
1589,Casa 2,2.5,37342.925,Reconstrucción analítica,Baja,Balance receta + etapa + fecha
1589,Casa 3,0.5,7468.585,Reconstrucción analítica,Media,Balance receta + etapa + fecha
1598,Casa 3,3.0,44811.51,Reconstrucción analítica,Alta,Balance receta + etapa + fecha
1935,Casa 3,1.25,18475.662500000002,Reconstrucción analítica,Baja,Balance receta + etapa + fecha
1935,Casa 4,0.75,11085.397500000001,Reconstrucción analítica,Media,Balance receta + etapa + fecha
1968,Casa 4,1.0,14780.53,Reconstrucción analítica,Alta,Balance receta + etapa + fecha
2223,Casa 4,3.0,44341.2,Reconstrucción analítica,Alta,Balance receta + etapa + fecha
333,Casa 1,100.0,7168.000000000001,Reconstrucción analítica,Alta,Balance receta + etapa + fecha
353,Casa 1,26.0,1863.6800000000003,Reconstrucción analítica,Media,Balance receta + etapa + fecha
353,Casa 2,126.0,9031.680000000002,Reconstrucción analítica,Baja,Balance receta + etapa + fecha
353,Casa 4,48.0,3440.6400000000003,Reconstrucción analítica,Baja,Balance receta + etapa + fecha
507,Casa 3,126.0,8128.260000000001,Reconstrucción analítica,Baja,Balance receta + etapa + fecha
507,Casa 4,74.0,4773.740000000001,Reconstrucción analítica,Baja,Balance receta + etapa + fecha
1576,Casa 4,2.0,5159.3,Reconstrucción analítica,Baja,Balance receta + etapa + fecha
1922,Casa 4,1.0,3153.1,Reconstrucción analítica,Alta,Balance receta + etapa + fecha
2142,Casa 4,1.0,3094.69,Reconstrucción analítica,Alta,Balance receta + etapa + fecha
334,Casa 1,0.5,482.3,Reconstrucción analítica,Media,Balance receta + etapa + fecha
334,Casa 2,0.5,482.3,Reconstrucción analítica,Media,Balance receta + etapa + fecha
334,Casa 3,0.5,482.3,Reconstrucción analítica,Baja,Balance receta + etapa + fecha
334,Casa 4,0.5,482.3,Reconstrucción analítica,Baja,Balance receta + etapa + fecha
336,Casa 1,36.0,189557.63999999998,Reconstrucción analítica,Alta,Balance receta + etapa + fecha
345,Casa 1,31.5,11847.465,Reconstrucción analítica,Media,Balance receta + etapa + fecha
345,Casa 2,33.5,12599.685,Reconstrucción analítica,Baja,Balance receta + etapa + fecha
460,Casa 2,1.0,1752.21,Reconstrucción analítica,Media,Balance receta + etapa + fecha
513,Casa 2,33.0,11170.5,Reconstrucción analítica,Media,Balance receta + etapa + fecha
513,Casa 3,2.0,677.0,Reconstrucción analítica,Baja,Balance receta + etapa + fecha
527,Casa 3,25.0,139115.0,Reconstrucción analítica,Baja,Balance receta + etapa + fecha
528,Casa 3,2.0,18855.14,Reconstrucción analítica,Baja,Balance receta + etapa + fecha
639,Casa 3,2.0,3530.98,Reconstrucción analítica,Baja,Balance receta + etapa + fecha
686,Casa 3,1.0,1415.93,Reconstrucción analítica,Alta,Balance receta + etapa + fecha
726,Casa 3,2.0,362.84,Reconstrucción analítica,Baja,Balance receta + etapa + fecha
770,Casa 3,1.0,1545.13,Reconstrucción analítica,Baja,Balance receta + etapa + fecha
792,Casa 3,4.0,661.96,Reconstrucción analítica,Baja,Balance receta + etapa + fecha
836,Casa 3,1.0,2261.06,Reconstrucción analítica,Baja,Balance receta + etapa + fecha
1325,Casa 3,2.0,578.76,Reconstrucción analítica,Alta,Balance receta + etapa + fecha
1326,Casa 3,2.0,486.72,Reconstrucción analítica,Alta,Balance receta + etapa + fecha
1583,Casa 4,2.0,6295.58,Reconstrucción analítica,Baja,Balance receta + etapa + fecha
1584,Casa 4,3.0,25486.739999999998,Reconstrucción analítica,Baja,Balance receta + etapa + fecha
1588,Casa 3,23.5,127066.37999999999,Reconstrucción analítica,Media,Balance receta + etapa + fecha
1588,Casa 4,6.5,35146.02,Reconstrucción analítica,Baja,Balance receta + etapa + fecha
1592,Casa 4,2.0,6295.58,Reconstrucción analítica,Baja,Balance receta + etapa + fecha
1593,Casa 4,3.0,25486.739999999998,Reconstrucción analítica,Baja,Balance receta + etapa + fecha
1597,Casa 4,30.0,162212.4,Reconstrucción analítica,Baja,Balance receta + etapa + fecha
1926,Casa 4,2.0,338.06,Reconstrucción analítica,Alta,Balance receta + etapa + fecha
2119,Casa 4,2.0,246.02,Reconstrucción analítica,Alta,Balance receta + etapa + fecha
2126,Casa 4,2.0,472.56,Reconstrucción analítica,Alta,Balance receta + etapa + fecha
2127,Casa 4,1.0,280.53,Reconstrucción analítica,Alta,Balance receta + etapa + fecha
2168,Casa 4,6.0,1369.92,Reconstrucción analítica,Alta,Balance receta + etapa + fecha
2190,Casa 4,4.0,1338.04,Reconstrucción analítica,Alta,Balance receta + etapa + fecha
2206,Casa 4,2.0,3019.46,Reconstrucción analítica,Alta,Balance receta + etapa + fecha
2228,Casa 4,2.0,15470.82,Reconstrucción analítica,Alta,Balance receta + etapa + fecha
343,Casa 1,66.0,46433.64,Reconstrucción analítica,Alta,Balance receta + etapa + fecha
511,Casa 1,7.25,5168.017500000001,Reconstrucción analítica,Media,Balance receta + etapa + fecha
511,Casa 2,73.25,52214.7975,Reconstrucción analítica,Media,Balance receta + etapa + fecha
511,Casa 3,9.5,6771.885,Reconstrucción analítica,Baja,Balance receta + etapa + fecha
1586,Casa 3,40.0,24424.8,Reconstrucción analítica,Alta,Balance receta + etapa + fecha
1595,Casa 3,23.75,14502.225,Reconstrucción analítica,Media,Balance receta + etapa + fecha
1595,Casa 4,16.25,9922.574999999999,Reconstrucción analítica,Baja,Balance receta + etapa + fecha
1657,Casa 4,2.0,1221.24,Reconstrucción analítica,Baja,Balance receta + etapa + fecha
1957,Casa 4,20.0,12831.800000000001,Reconstrucción analítica,Alta,Balance receta + etapa + fecha
2134,Casa 4,30.0,18955.8,Reconstrucción analítica,Alta,Balance receta + etapa + fecha
2160,Casa 4,5.0,3161.45,Reconstrucción analítica,Alta,Balance receta + etapa + fecha
344,Casa 1,24.5,32630.57,Reconstrucción analítica,Media,Balance receta + etapa + fecha
344,Casa 2,24.5,32630.57,Reconstrucción analítica,Baja,Balance receta + etapa + fecha
344,Casa 4,17.0,22641.62,Reconstrucción analítica,Baja,Balance receta + etapa + fecha
364,Casa 3,8.5,11320.81,Reconstrucción analítica,Baja,Balance receta + etapa + fecha
364,Casa 4,7.5,9988.949999999999,Reconstrucción analítica,Baja,Balance receta + etapa + fecha
512,Casa 3,16.0,19178.72,Reconstrucción analítica,Baja,Balance receta + etapa + fecha
346,Casa 1,45.25,37841.67,Reconstrucción analítica,Media,Balance receta + etapa + fecha
346,Casa 2,45.25,37841.67,Reconstrucción analítica,Baja,Balance receta + etapa + fecha
346,Casa 3,20.25,16934.67,Reconstrucción analítica,Baja,Balance receta + etapa + fecha
346,Casa 4,22.25,18607.23,Reconstrucción analítica,Baja,Balance receta + etapa + fecha
363,Casa 3,5.0,2323.0,Reconstrucción analítica,Baja,Balance receta + etapa + fecha
505,Casa 3,5.0,3136.05,Reconstrucción analítica,Baja,Balance receta + etapa + fecha
545,Casa 3,2.0,1876.1,Reconstrucción analítica,Baja,Balance receta + etapa + fecha
767,Casa 3,8.0,3185.84,Reconstrucción analítica,Baja,Balance receta + etapa + fecha
799,Casa 3,4.0,2704.44,Reconstrucción analítica,Baja,Balance receta + etapa + fecha
1002,Casa 3,1.0,630.09,Reconstrucción analítica,Baja,Balance receta + etapa + fecha
1345,Casa 4,1.0,416.81,Reconstrucción analítica,Baja,Balance receta + etapa + fecha
1371,Casa 4,1.0,416.81,Reconstrucción analítica,Baja,Balance receta + etapa + fecha
1601,Casa 4,3.0,1911.5099999999998,Reconstrucción analítica,Baja,Balance receta + etapa + fecha
1602,Casa 4,8.0,4821.2,Reconstrucción analítica,Baja,Balance receta + etapa + fecha
1619,Casa 4,2.0,1274.34,Reconstrucción analítica,Baja,Balance receta + etapa + fecha
1934,Casa 4,4.0,2534.52,Reconstrucción analítica,Media,Balance receta + etapa + fecha
1975,Casa 4,4.0,2166.36,Reconstrucción analítica,Media,Balance receta + etapa + fecha
347,Casa 1,22.75,17112.7775,Reconstrucción analítica,Media,Balance receta + etapa + fecha
347,Casa 2,22.75,17112.7775,Reconstrucción analítica,Baja,Balance receta + etapa + fecha
347,Casa 3,12.75,9590.677500000002,Reconstrucción analítica,Baja,Balance receta + etapa + fecha
347,Casa 4,4.75,3572.9975,Reconstrucción analítica,Baja,Balance receta + etapa + fecha
362,Casa 4,10.0,7920.4,Reconstrucción analítica,Baja,Balance receta + etapa + fecha
497,Casa 3,10.0,14336.300000000001,Reconstrucción analítica,Baja,Balance receta + etapa + fecha
1933,Casa 4,8.0,5054.88,Reconstrucción analítica,Alta,Balance receta + etapa + fecha
348,Casa 1,23.0,19336.33,Reconstrucción analítica,Media,Balance receta + etapa + fecha
348,Casa 2,23.0,19336.33,Reconstrucción analítica,Baja,Balance receta + etapa + fecha
348,Casa 3,15.0,12610.650000000001,Reconstrucción analítica,Baja,Balance receta + etapa + fecha
348,Casa 4,1.0,840.71,Reconstrucción analítica,Baja,Balance receta + etapa + fecha
361,Casa 3,4.0,3575.24,Reconstrucción analítica,Baja,Balance receta + etapa + fecha
498,Casa 3,4.0,6849.56,Reconstrucción analítica,Baja,Balance receta + etapa + fecha
1590,Casa 4,10.0,15088.5,Reconstrucción analítica,Baja,Balance receta + etapa + fecha
1599,Casa 4,10.0,15088.5,Reconstrucción analítica,Baja,Balance receta + etapa + fecha
1936,Casa 4,2.0,1601.76,Reconstrucción analítica,Alta,Balance receta + etapa + fecha
365,Casa 2,1.0,8367.26,Reconstrucción analítica,Media,Balance receta + etapa + fecha
372,Casa 1,6.25,52295.375,Reconstrucción analítica,Media,Balance receta + etapa + fecha
372,Casa 2,3.75,31377.225000000002,Reconstrucción analítica,Media,Balance receta + etapa + fecha
530,Casa 2,1.5,12225.869999999999,Reconstrucción analítica,Media,Balance receta + etapa + fecha
530,Casa 3,1.5,12225.869999999999,Reconstrucción analítica,Baja,Balance receta + etapa + fecha
569,Casa 3,4.75,37359.795,Reconstrucción analítica,Baja,Balance receta + etapa + fecha
569,Casa 4,6.25,49157.625,Reconstrucción analítica,Baja,Balance receta + etapa + fecha
366,Casa 1,5.5,90506.62500000001,Reconstrucción analítica,Media,Balance receta + etapa + fecha
366,Casa 2,5.5,90506.62500000001,Reconstrucción analítica,Media,Balance receta + etapa + fecha
366,Casa 3,3.5,57595.12499999999,Reconstrucción analítica,Baja,Balance receta + etapa + fecha
366,Casa 4,5.5,90506.62500000001,Reconstrucción analítica,Baja,Balance receta + etapa + fecha
568,Casa 3,2.0,30936.82,Reconstrucción analítica,Baja,Balance receta + etapa + fecha
395,Casa 1,4.0,15008.84,Reconstrucción analítica,Alta,Balance receta + etapa + fecha
599,Casa 1,1.0,3752.21,Reconstrucción analítica,Media,Balance receta + etapa + fecha
1431,Casa 1,1.0,886.73,Reconstrucción analítica,Baja,Balance receta + etapa + fecha
1432,Casa 1,6.0,1221.24,Reconstrucción analítica,Baja,Balance receta + etapa + fecha
1494,Casa 2,12.0,2400.0,Reconstrucción analítica,Baja,Balance receta + etapa + fecha
1508,Casa 1,15.0,3000.0,Reconstrucción analítica,Baja,Balance receta + etapa + fecha
1519,Casa 2,20.0,4000.0,Reconstrucción analítica,Baja,Balance receta + etapa + fecha
1582,Casa 2,8.0,1600.0,Reconstrucción analítica,Baja,Balance receta + etapa + fecha
1833,Casa 1,24.5,6157.585,Reconstrucción analítica,Baja,Balance receta + etapa + fecha
1833,Casa 2,5.5,1382.315,Reconstrucción analítica,Baja,Balance receta + etapa + fecha
1930,Casa 2,6.0,1784.1000000000001,Reconstrucción analítica,Baja,Balance receta + etapa + fecha
1930,Casa 3,24.0,7136.400000000001,Reconstrucción analítica,Baja,Balance receta + etapa + fecha
1974,Casa 3,27.5,8177.125000000002,Reconstrucción analítica,Baja,Balance receta + etapa + fecha
1974,Casa 4,11.5,3419.5250000000005,Reconstrucción analítica,Media,Balance receta + etapa + fecha
2170,Casa 4,20.0,5274.400000000001,Reconstrucción analítica,Alta,Balance receta + etapa + fecha
2207,Casa 4,20.0,5274.400000000001,Reconstrucción analítica,Alta,Balance receta + etapa + fecha
397,Casa 1,0.5,145.19,Reconstrucción analítica,Media,Balance receta + etapa + fecha
397,Casa 2,0.5,145.19,Reconstrucción analítica,Media,Balance receta + etapa + fecha
397,Casa 3,0.5,145.19,Reconstrucción analítica,Baja,Balance receta + etapa + fecha
397,Casa 4,0.5,145.19,Reconstrucción analítica,Baja,Balance receta + etapa + fecha
400,Casa 1,1.0,3371.68,Reconstrucción analítica,Media,Balance receta + etapa + fecha
734,Casa 1,1.0,8418.58,Reconstrucción analítica,Media,Balance receta + etapa + fecha
979,Casa 2,1.0,4809.73,Reconstrucción analítica,Media,Balance receta + etapa + fecha
982,Casa 2,1.0,1468.14,Reconstrucción analítica,Media,Balance receta + etapa + fecha
1096,Casa 2,1.0,748.67,Reconstrucción analítica,Media,Balance receta + etapa + fecha
1102,Casa 1,2.0,1497.34,Reconstrucción analítica,Baja,Balance receta + etapa + fecha
1103,Casa 1,0.25,219.2475,Reconstrucción analítica,Baja,Balance receta + etapa + fecha
1103,Casa 2,0.75,657.7425000000001,Reconstrucción analítica,Media,Balance receta + etapa + fecha
1255,Casa 2,1.0,7711.5,Reconstrucción analítica,Baja,Balance receta + etapa + fecha
1384,Casa 2,0.5,373.01,Reconstrucción analítica,Baja,Balance receta + etapa + fecha
1384,Casa 3,1.5,1119.03,Reconstrucción analítica,Media,Balance receta + etapa + fecha
1387,Casa 3,1.0,1535.4,Reconstrucción analítica,Media,Balance receta + etapa + fecha
1460,Casa 3,2.0,7070.8,Reconstrucción analítica,Alta,Balance receta + etapa + fecha
1628,Casa 3,0.75,2467.035,Reconstrucción analítica,Media,Balance receta + etapa + fecha
1628,Casa 4,0.25,822.345,Reconstrucción analítica,Baja,Balance receta + etapa + fecha
1781,Casa 4,1.0,858.41,Reconstrucción analítica,Baja,Balance receta + etapa + fecha
2033,Casa 4,2.0,2994.7,Reconstrucción analítica,Media,Balance receta + etapa + fecha
2034,Casa 4,1.0,1027.43,Reconstrucción analítica,Media,Balance receta + etapa + fecha
2037,Casa 4,1.0,2173.45,Reconstrucción analítica,Media,Balance receta + etapa + fecha
2383,Casa 1,1.0,8402.87,Reconstrucción analítica,Media,Balance receta + etapa + fecha
402,Casa 1,2.5,6637.175,Reconstrucción analítica,Media,Balance receta + etapa + fecha
402,Casa 2,0.5,1327.435,Reconstrucción analítica,Baja,Balance receta + etapa + fecha
543,Casa 2,2.0,5309.74,Reconstrucción analítica,Media,Balance receta + etapa + fecha
1567,Casa 3,2.0,5877.88,Reconstrucción analítica,Alta,Balance receta + etapa + fecha
2265,Casa 3,0.5,1372.5649999999998,Reconstrucción analítica,Baja,Balance receta + etapa + fecha
2265,Casa 4,2.5,6862.825,Reconstrucción analítica,Media,Balance receta + etapa + fecha
403,Casa 1,5.0,18584.05,Reconstrucción analítica,Media,Balance receta + etapa + fecha
542,Casa 1,0.5,1767.7,Reconstrucción analítica,Media,Balance receta + etapa + fecha
542,Casa 2,4.5,15909.300000000001,Reconstrucción analítica,Media,Balance receta + etapa + fecha
1308,Casa 2,1.0,2304.42,Reconstrucción analítica,Baja,Balance receta + etapa + fecha
1308,Casa 3,4.0,9217.68,Reconstrucción analítica,Media,Balance receta + etapa + fecha
1568,Casa 3,1.5,4697.79,Reconstrucción analítica,Media,Balance receta + etapa + fecha
1568,Casa 4,2.5,7829.650000000001,Reconstrucción analítica,Baja,Balance receta + etapa + fecha
1967,Casa 4,3.0,9820.349999999999,Reconstrucción analítica,Media,Balance receta + etapa + fecha
405,Casa 1,2.0,81238.94,Reconstrucción analítica,Media,Balance receta + etapa + fecha
594,Casa 1,3.0,209601.77999999997,Reconstrucción analítica,Alta,Balance receta + etapa + fecha
611,Casa 1,0.5,34933.63,Reconstrucción analítica,Media,Balance receta + etapa + fecha
611,Casa 2,1.5,104800.88999999998,Reconstrucción analítica,Media,Balance receta + etapa + fecha
736,Casa 2,1.0,38682.3,Reconstrucción analítica,Alta,Balance receta + etapa + fecha
769,Casa 2,2.0,79557.52,Reconstrucción analítica,Alta,Balance receta + etapa + fecha
897,Casa 2,1.0,37871.68,Reconstrucción analítica,Media,Balance receta + etapa + fecha
897,Casa 3,1.0,37871.68,Reconstrucción analítica,Baja,Balance receta + etapa + fecha
1087,Casa 3,2.0,79557.52,Reconstrucción analítica,Baja,Balance receta + etapa + fecha
1630,Casa 3,1.0,54424.78,Reconstrucción analítica,Alta,Balance receta + etapa + fecha
1669,Casa 3,1.0,54424.78,Reconstrucción analítica,Alta,Balance receta + etapa + fecha
1678,Casa 3,0.5,27212.39,Reconstrucción analítica,Media,Balance receta + etapa + fecha
1678,Casa 4,0.5,27212.39,Reconstrucción analítica,Baja,Balance receta + etapa + fecha
2240,Casa 4,3.0,183053.09999999998,Reconstrucción analítica,Alta,Balance receta + etapa + fecha
2241,Casa 4,1.0,37511.5,Reconstrucción analítica,Alta,Balance receta + etapa + fecha
2271,Casa 4,1.0,61017.7,Reconstrucción analítica,Alta,Balance receta + etapa + fecha
420,Casa 1,1.25,5099.5625,Reconstrucción analítica,Media,Balance receta + etapa + fecha
420,Casa 2,0.75,3059.7375,Reconstrucción analítica,Media,Balance receta + etapa + fecha
459,Casa 2,0.5,2039.825,Reconstrucción analítica,Media,Balance receta + etapa + fecha
459,Casa 4,0.5,2039.825,Reconstrucción analítica,Baja,Balance receta + etapa + fecha
580,Casa 3,1.25,5099.5625,Reconstrucción analítica,Baja,Balance receta + etapa + fecha
580,Casa 4,0.75,3059.7375,Reconstrucción analítica,Baja,Balance receta + etapa + fecha
421,Casa 1,2.0,33097.34,Reconstrucción analítica,Alta,Balance receta + etapa + fecha
437,Casa 1,1.0,15570.8,Reconstrucción analítica,Alta,Balance receta + etapa + fecha
595,Casa 1,1.75,28650.440000000002,Reconstrucción analítica,Media,Balance receta + etapa + fecha
595,Casa 2,1.25,20464.600000000002,Reconstrucción analítica,Media,Balance receta + etapa + fecha
644,Casa 2,1.0,15570.8,Reconstrucción analítica,Alta,Balance receta + etapa + fecha
735,Casa 2,1.0,11618.58,Reconstrucción analítica,Alta,Balance receta + etapa + fecha
768,Casa 2,1.0,14898.23,Reconstrucción analítica,Alta,Balance receta + etapa + fecha
906,Casa 2,0.5,1768.585,Reconstrucción analítica,Media,Balance receta + etapa + fecha
906,Casa 3,0.5,1768.585,Reconstrucción analítica,Baja,Balance receta + etapa + fecha
1099,Casa 3,1.0,3549.56,Reconstrucción analítica,Media,Balance receta + etapa + fecha
1227,Casa 3,1.0,3522.12,Reconstrucción analítica,Alta,Balance receta + etapa + fecha
1624,Casa 3,1.0,11674.34,Reconstrucción analítica,Media,Balance receta + etapa + fecha
1649,Casa 3,1.0,14477.88,Reconstrucción analítica,Media,Balance receta + etapa + fecha
1665,Casa 3,0.25,3619.47,Reconstrucción analítica,Media,Balance receta + etapa + fecha
1665,Casa 4,0.75,10858.41,Reconstrucción analítica,Baja,Balance receta + etapa + fecha
1856,Casa 4,1.0,14306.19,Reconstrucción analítica,Media,Balance receta + etapa + fecha
2209,Casa 4,1.0,14306.19,Reconstrucción analítica,Alta,Balance receta + etapa + fecha
2230,Casa 4,2.0,27830.08,Reconstrucción analítica,Alta,Balance receta + etapa + fecha
445,Casa 1,0.5,221.24,Reconstrucción analítica,Media,Balance receta + etapa + fecha
445,Casa 2,0.5,221.24,Reconstrucción analítica,Media,Balance receta + etapa + fecha
445,Casa 3,0.5,221.24,Reconstrucción analítica,Baja,Balance receta + etapa + fecha
445,Casa 4,0.5,221.24,Reconstrucción analítica,Baja,Balance receta + etapa + fecha
446,Casa 1,0.25,220.1325,Reconstrucción analítica,Media,Balance receta + etapa + fecha
446,Casa 2,0.25,220.1325,Reconstrucción analítica,Media,Balance receta + etapa + fecha
446,Casa 3,0.25,220.1325,Reconstrucción analítica,Baja,Balance receta + etapa + fecha
446,Casa 4,0.25,220.1325,Reconstrucción analítica,Baja,Balance receta + etapa + fecha
449,Casa 1,0.25,94.0275,Reconstrucción analítica,Media,Balance receta + etapa + fecha
449,Casa 2,0.25,94.0275,Reconstrucción analítica,Media,Balance receta + etapa + fecha
449,Casa 3,0.25,94.0275,Reconstrucción analítica,Baja,Balance receta + etapa + fecha
449,Casa 4,0.25,94.0275,Reconstrucción analítica,Baja,Balance receta + etapa + fecha
450,Casa 1,0.25,77.4325,Reconstrucción analítica,Media,Balance receta + etapa + fecha
450,Casa 2,0.25,77.4325,Reconstrucción analítica,Media,Balance receta + etapa + fecha
450,Casa 3,0.25,77.4325,Reconstrucción analítica,Baja,Balance receta + etapa + fecha
450,Casa 4,0.25,77.4325,Reconstrucción analítica,Baja,Balance receta + etapa + fecha
451,Casa 1,0.25,641.5925,Reconstrucción analítica,Media,Balance receta + etapa + fecha
451,Casa 2,0.25,641.5925,Reconstrucción analítica,Media,Balance receta + etapa + fecha
451,Casa 3,0.25,641.5925,Reconstrucción analítica,Baja,Balance receta + etapa + fecha
451,Casa 4,0.25,641.5925,Reconstrucción analítica,Baja,Balance receta + etapa + fecha
452,Casa 1,0.25,176.99,Reconstrucción analítica,Media,Balance receta + etapa + fecha
452,Casa 2,0.25,176.99,Reconstrucción analítica,Media,Balance receta + etapa + fecha
452,Casa 3,0.25,176.99,Reconstrucción analítica,Baja,Balance receta + etapa + fecha
452,Casa 4,0.25,176.99,Reconstrucción analítica,Baja,Balance receta + etapa + fecha
454,Casa 1,0.25,3074.115,Reconstrucción analítica,Media,Balance receta + etapa + fecha
454,Casa 2,0.25,3074.115,Reconstrucción analítica,Media,Balance receta + etapa + fecha
454,Casa 3,0.25,3074.115,Reconstrucción analítica,Baja,Balance receta + etapa + fecha
454,Casa 4,0.25,3074.115,Reconstrucción analítica,Baja,Balance receta + etapa + fecha
455,Casa 1,0.25,519.8025,Reconstrucción analítica,Media,Balance receta + etapa + fecha
455,Casa 2,0.25,519.8025,Reconstrucción analítica,Media,Balance receta + etapa + fecha
455,Casa 3,0.25,519.8025,Reconstrucción analítica,Baja,Balance receta + etapa + fecha
455,Casa 4,0.25,519.8025,Reconstrucción analítica,Baja,Balance receta + etapa + fecha
479,Casa 1,2.0,9725.66,Reconstrucción analítica,Alta,Balance receta + etapa + fecha
729,Casa 1,1.75,7971.0225,Reconstrucción analítica,Media,Balance receta + etapa + fecha
729,Casa 2,0.25,1138.7175,Reconstrucción analítica,Media,Balance receta + etapa + fecha
895,Casa 2,2.0,11821.24,Reconstrucción analítica,Alta,Balance receta + etapa + fecha
1035,Casa 2,1.5,8865.93,Reconstrucción analítica,Media,Balance receta + etapa + fecha
1035,Casa 3,0.5,2955.31,Reconstrucción analítica,Baja,Balance receta + etapa + fecha
1037,Casa 3,1.0,4661.06,Reconstrucción analítica,Baja,Balance receta + etapa + fecha
1740,Casa 3,1.0,5910.62,Reconstrucción analítica,Alta,Balance receta + etapa + fecha
1804,Casa 3,0.25,1225.6625,Reconstrucción analítica,Media,Balance receta + etapa + fecha
1804,Casa 4,1.75,8579.637499999999,Reconstrucción analítica,Baja,Balance receta + etapa + fecha
1805,Casa 3,1.0,4902.65,Reconstrucción analítica,Media,Balance receta + etapa + fecha
2011,Casa 4,2.0,12428.32,Reconstrucción analítica,Media,Balance receta + etapa + fecha
483,Casa 1,0.75,1991.1525,Reconstrucción analítica,Media,Balance receta + etapa + fecha
483,Casa 2,0.25,663.7175,Reconstrucción analítica,Media,Balance receta + etapa + fecha
614,Casa 2,0.5,1327.435,Reconstrucción analítica,Media,Balance receta + etapa + fecha
614,Casa 3,0.5,1327.435,Reconstrucción analítica,Baja,Balance receta + etapa + fecha
2173,Casa 3,0.25,1804.645,Reconstrucción analítica,Baja,Balance receta + etapa + fecha
2173,Casa 4,0.75,5413.9349999999995,Reconstrucción analítica,Media,Balance receta + etapa + fecha
492,Casa 1,0.3333333333333333,166.66666666666666,Reconstrucción analítica,Media,Balance receta + etapa + fecha; Casa 4 excluida: muebles melamina pendiente
492,Casa 2,0.3333333333333333,166.66666666666666,Reconstrucción analítica,Baja,Balance receta + etapa + fecha; Casa 4 excluida: muebles melamina pendiente
492,Casa 3,0.3333333333333333,166.66666666666666,Reconstrucción analítica,Baja,Balance receta + etapa + fecha; Casa 4 excluida: muebles melamina pendiente
515,Casa 1,0.5,8628.32,Reconstrucción analítica,Media,Balance receta + etapa + fecha
515,Casa 2,0.5,8628.32,Reconstrucción analítica,Media,Balance receta + etapa + fecha
1912,Casa 3,0.5,5573.01,Reconstrucción analítica,Media,Balance receta + etapa + fecha
1912,Casa 4,0.5,5573.01,Reconstrucción analítica,Media,Balance receta + etapa + fecha
525,Casa 1,0.25,396.77,Reconstrucción analítica,Media,Balance receta + etapa + fecha
525,Casa 2,0.25,396.77,Reconstrucción analítica,Media,Balance receta + etapa + fecha
525,Casa 3,0.25,396.77,Reconstrucción analítica,Baja,Balance receta + etapa + fecha
525,Casa 4,0.25,396.77,Reconstrucción analítica,Baja,Balance receta + etapa + fecha
526,Casa 1,0.25,791.3725,Reconstrucción analítica,Media,Balance receta + etapa + fecha
526,Casa 2,0.25,791.3725,Reconstrucción analítica,Media,Balance receta + etapa + fecha
526,Casa 3,0.25,791.3725,Reconstrucción analítica,Baja,Balance receta + etapa + fecha
526,Casa 4,0.25,791.3725,Reconstrucción analítica,Baja,Balance receta + etapa + fecha
531,Casa 1,16.75,42541.985,Reconstrucción analítica,Media,Balance receta + etapa + fecha
531,Casa 2,3.25,8254.415,Reconstrucción analítica,Media,Balance receta + etapa + fecha
1573,Casa 2,10.0,11345.1,Reconstrucción analítica,Baja,Balance receta + etapa + fecha
1585,Casa 3,10.0,11345.1,Reconstrucción analítica,Alta,Balance receta + etapa + fecha
1594,Casa 2,3.5,3970.785,Reconstrucción analítica,Baja,Balance receta + etapa + fecha
1594,Casa 3,6.5,7374.3150000000005,Reconstrucción analítica,Media,Balance receta + etapa + fecha
2133,Casa 3,0.25,282.7425,Reconstrucción analítica,Baja,Balance receta + etapa + fecha
2133,Casa 4,14.75,16681.8075,Reconstrucción analítica,Media,Balance receta + etapa + fecha
2225,Casa 4,2.0,2704.74,Reconstrucción analítica,Alta,Balance receta + etapa + fecha
535,Casa 2,3.0,37712.399999999994,Reconstrucción analítica,Alta,Balance receta + etapa + fecha
536,Casa 3,1.0,3022.12,Reconstrucción analítica,Baja,Balance receta + etapa + fecha
536,Casa 4,4.0,12088.48,Reconstrucción analítica,Baja,Balance receta + etapa + fecha
537,Casa 1,4.0,10938.04,Reconstrucción analítica,Media,Balance receta + etapa + fecha
537,Casa 2,1.0,2734.51,Reconstrucción analítica,Media,Balance receta + etapa + fecha
537,Casa 3,3.0,8203.53,Reconstrucción analítica,Baja,Balance receta + etapa + fecha
547,Casa 1,1.0,20681.42,Reconstrucción analítica,Media,Balance receta + etapa + fecha
1430,Casa 2,1.0,8276.99,Reconstrucción analítica,Baja,Balance receta + etapa + fecha
1869,Casa 3,1.0,8276.99,Reconstrucción analítica,Baja,Balance receta + etapa + fecha
2269,Casa 4,1.0,11219.47,Reconstrucción analítica,Media,Balance receta + etapa + fecha
557,Casa 1,0.25,1372.5675,Reconstrucción analítica,Media,Balance receta + etapa + fecha
557,Casa 2,0.25,1372.5675,Reconstrucción analítica,Media,Balance receta + etapa + fecha
557,Casa 3,0.25,1372.5675,Reconstrucción analítica,Baja,Balance receta + etapa + fecha
557,Casa 4,0.25,1372.5675,Reconstrucción analítica,Baja,Balance receta + etapa + fecha
573,Casa 1,0.75,265.485,Reconstrucción analítica,Media,Balance receta + etapa + fecha
573,Casa 2,0.75,265.485,Reconstrucción analítica,Media,Balance receta + etapa + fecha
573,Casa 3,0.75,265.485,Reconstrucción analítica,Baja,Balance receta + etapa + fecha
573,Casa 4,0.75,265.485,Reconstrucción analítica,Baja,Balance receta + etapa + fecha
574,Casa 1,0.25,105.0875,Reconstrucción analítica,Media,Balance receta + etapa + fecha
574,Casa 2,0.25,105.0875,Reconstrucción analítica,Media,Balance receta + etapa + fecha
574,Casa 3,0.25,105.0875,Reconstrucción analítica,Baja,Balance receta + etapa + fecha
574,Casa 4,0.25,105.0875,Reconstrucción analítica,Baja,Balance receta + etapa + fecha
597,Casa 1,0.25,1011.2225,Reconstrucción analítica,Media,Balance receta + etapa + fecha
597,Casa 2,0.25,1011.2225,Reconstrucción analítica,Media,Balance receta + etapa + fecha
597,Casa 3,0.25,1011.2225,Reconstrucción analítica,Baja,Balance receta + etapa + fecha
597,Casa 4,0.25,1011.2225,Reconstrucción analítica,Baja,Balance receta + etapa + fecha
602,Casa 1,8.0,17699.12,Reconstrucción analítica,Alta,Balance receta + etapa + fecha; Casa 4 excluida: piso/sanitarios pendiente
713,Casa 1,6.0,600.0,Reconstrucción analítica,Media,Balance receta + etapa + fecha; Casa 4 excluida: piso/sanitarios pendiente
738,Casa 2,1.0,3308.91,Reconstrucción analítica,Alta,Balance receta + etapa + fecha; Casa 4 excluida: piso/sanitarios pendiente
802,Casa 2,6.0,600.0,Reconstrucción analítica,Alta,Balance receta + etapa + fecha; Casa 4 excluida: piso/sanitarios pendiente
1220,Casa 2,2.0,153.98,Reconstrucción analítica,Baja,Balance receta + etapa + fecha; Casa 4 excluida: piso/sanitarios pendiente
1297,Casa 2,2.0,13265.48,Reconstrucción analítica,Baja,Balance receta + etapa + fecha; Casa 4 excluida: piso/sanitarios pendiente
1671,Casa 2,50.0,251548.5,Reconstrucción analítica,Baja,Balance receta + etapa + fecha; Casa 4 excluida: piso/sanitarios pendiente
1689,Casa 2,0.35333333333331485,38.46033333333132,Reconstrucción analítica,Baja,Balance receta + etapa + fecha; Casa 4 excluida: piso/sanitarios pendiente
1689,Casa 3,7.646666666666685,832.3396666666687,Reconstrucción analítica,Media,Balance receta + etapa + fecha; Casa 4 excluida: piso/sanitarios pendiente
2279,Casa 1,95.04,378477.792,Reconstrucción analítica,Media,Balance receta + etapa + fecha; Casa 4 excluida: piso/sanitarios pendiente
2282,Casa 1,19.18,166339.7008,Reconstrucción analítica,Media,Balance receta + etapa + fecha; Casa 4 excluida: piso/sanitarios pendiente
2284,Casa 1,23.94,194909.66460000002,Reconstrucción analítica,Media,Balance receta + etapa + fecha; Casa 4 excluida: piso/sanitarios pendiente
2285,Casa 1,1.37,11881.4072,Reconstrucción analítica,Media,Balance receta + etapa + fecha; Casa 4 excluida: piso/sanitarios pendiente
2286,Casa 1,0.03666666666663598,317.9938666664005,Reconstrucción analítica,Media,Balance receta + etapa + fecha; Casa 4 excluida: piso/sanitarios pendiente
2286,Casa 2,1.3333333333333641,11563.413333333598,Reconstrucción analítica,Media,Balance receta + etapa + fecha; Casa 4 excluida: piso/sanitarios pendiente
2287,Casa 2,31.68,162605.2032,Reconstrucción analítica,Alta,Balance receta + etapa + fecha; Casa 4 excluida: piso/sanitarios pendiente
2288,Casa 2,30.24,164580.2928,Reconstrucción analítica,Alta,Balance receta + etapa + fecha; Casa 4 excluida: piso/sanitarios pendiente
2289,Casa 2,23.04,162095.61599999998,Reconstrucción analítica,Alta,Balance receta + etapa + fecha; Casa 4 excluida: piso/sanitarios pendiente
2293,Casa 2,8.64,44346.8736,Reconstrucción analítica,Alta,Balance receta + etapa + fecha; Casa 4 excluida: piso/sanitarios pendiente
2294,Casa 2,10.08,54860.0976,Reconstrucción analítica,Alta,Balance receta + etapa + fecha; Casa 4 excluida: piso/sanitarios pendiente
2297,Casa 2,2.88,14782.2912,Reconstrucción analítica,Media,Balance receta + etapa + fecha; Casa 4 excluida: piso/sanitarios pendiente
2299,Casa 2,0.16,1388.7423999999999,Reconstrucción analítica,Media,Balance receta + etapa + fecha; Casa 4 excluida: piso/sanitarios pendiente
2300,Casa 3,23.2,78017.656,Reconstrucción analítica,Media,Balance receta + etapa + fecha; Casa 4 excluida: piso/sanitarios pendiente
2301,Casa 3,4.64,15603.5312,Reconstrucción analítica,Media,Balance receta + etapa + fecha; Casa 4 excluida: piso/sanitarios pendiente
2302,Casa 3,86.4,449280.00000000006,Reconstrucción analítica,Baja,Balance receta + etapa + fecha; Casa 4 excluida: piso/sanitarios pendiente
2362,Casa 1,17.28,105580.8,Reconstrucción analítica,Media,Balance receta + etapa + fecha; Casa 4 excluida: piso/sanitarios pendiente
2363,Casa 2,1.44,13238.121599999999,Reconstrucción analítica,Media,Balance receta + etapa + fecha; Casa 4 excluida: piso/sanitarios pendiente
2365,Casa 3,30.24,120808.79999999999,Reconstrucción analítica,Media,Balance receta + etapa + fecha; Casa 4 excluida: piso/sanitarios pendiente
2366,Casa 3,15.84,63280.8,Reconstrucción analítica,Media,Balance receta + etapa + fecha; Casa 4 excluida: piso/sanitarios pendiente
2367,Casa 3,2.88,11505.6,Reconstrucción analítica,Media,Balance receta + etapa + fecha; Casa 4 excluida: piso/sanitarios pendiente
606,Casa 1,6.25,24059.75,Reconstrucción analítica,Media,Balance receta + etapa + fecha
606,Casa 2,6.25,24059.75,Reconstrucción analítica,Media,Balance receta + etapa + fecha
606,Casa 3,6.25,24059.75,Reconstrucción analítica,Baja,Balance receta + etapa + fecha
606,Casa 4,6.25,24059.75,Reconstrucción analítica,Baja,Balance receta + etapa + fecha
608,Casa 1,1.0,95530.97,Reconstrucción analítica,Alta,Balance receta + etapa + fecha
947,Casa 1,1.0,50979.65,Reconstrucción analítica,Baja,Balance receta + etapa + fecha
992,Casa 2,1.0,50985.84,Reconstrucción analítica,Media,Balance receta + etapa + fecha
1203,Casa 2,2.0,112389.38,Reconstrucción analítica,Baja,Balance receta + etapa + fecha
1389,Casa 3,1.0,12256.64,Reconstrucción analítica,Media,Balance receta + etapa + fecha
1670,Casa 3,1.0,57853.98,Reconstrucción analítica,Alta,Balance receta + etapa + fecha
2026,Casa 3,1.0,58362.83,Reconstrucción analítica,Baja,Balance receta + etapa + fecha
2050,Casa 4,1.0,58362.83,Reconstrucción analítica,Media,Balance receta + etapa + fecha
2086,Casa 4,1.0,60491.15,Reconstrucción analítica,Media,Balance receta + etapa + fecha
2278,Casa 4,1.0,3823.89,Reconstrucción analítica,Alta,Balance receta + etapa + fecha
2360,Casa 1,1.0,96672.5664,Reconstrucción analítica,Alta,Balance receta + etapa + fecha
616,Casa 1,0.25,232.3,Reconstrucción analítica,Media,Balance receta + etapa + fecha
616,Casa 2,0.25,232.3,Reconstrucción analítica,Media,Balance receta + etapa + fecha
616,Casa 3,0.25,232.3,Reconstrucción analítica,Baja,Balance receta + etapa + fecha
616,Casa 4,0.25,232.3,Reconstrucción analítica,Baja,Balance receta + etapa + fecha
618,Casa 1,1.0,2309.73,Reconstrucción analítica,Alta,Balance receta + etapa + fecha; Casa 4 excluida: muebles melamina pendiente
737,Casa 2,2.0,1630.08,Reconstrucción analítica,Media,Balance receta + etapa + fecha; Casa 4 excluida: muebles melamina pendiente
745,Casa 1,3.6666666666666714,1190.8600000000015,Reconstrucción analítica,Media,Balance receta + etapa + fecha; Casa 4 excluida: muebles melamina pendiente
745,Casa 2,1.3333333333333286,433.03999999999843,Reconstrucción analítica,Media,Balance receta + etapa + fecha; Casa 4 excluida: muebles melamina pendiente
747,Casa 2,1.0,365.49,Reconstrucción analítica,Media,Balance receta + etapa + fecha; Casa 4 excluida: muebles melamina pendiente
750,Casa 1,31.999999999999993,2803.5199999999995,Reconstrucción analítica,Alta,Balance receta + etapa + fecha; Casa 4 excluida: muebles melamina pendiente
757,Casa 2,1.0,365.49,Reconstrucción analítica,Media,Balance receta + etapa + fecha; Casa 4 excluida: muebles melamina pendiente
793,Casa 2,2.0,778.76,Reconstrucción analítica,Alta,Balance receta + etapa + fecha; Casa 4 excluida: muebles melamina pendiente
950,Casa 2,5.0,1893.8,Reconstrucción analítica,Alta,Balance receta + etapa + fecha; Casa 4 excluida: muebles melamina pendiente
964,Casa 2,3.0,777.8700000000001,Reconstrucción analítica,Alta,Balance receta + etapa + fecha; Casa 4 excluida: muebles melamina pendiente
1008,Casa 2,1.0,292.04,Reconstrucción analítica,Alta,Balance receta + etapa + fecha; Casa 4 excluida: muebles melamina pendiente
1047,Casa 2,2.0,4419.46,Reconstrucción analítica,Alta,Balance receta + etapa + fecha; Casa 4 excluida: muebles melamina pendiente
1054,Casa 2,2.0,794.7,Reconstrucción analítica,Media,Balance receta + etapa + fecha; Casa 4 excluida: muebles melamina pendiente
1061,Casa 2,3.0,6629.1900000000005,Reconstrucción analítica,Media,Balance receta + etapa + fecha; Casa 4 excluida: muebles melamina pendiente
1068,Casa 2,1.0,4560.18,Reconstrucción analítica,Media,Balance receta + etapa + fecha; Casa 4 excluida: muebles melamina pendiente
1072,Casa 2,3.0,6629.1900000000005,Reconstrucción analítica,Media,Balance receta + etapa + fecha; Casa 4 excluida: muebles melamina pendiente
1192,Casa 2,2.0,4092.04,Reconstrucción analítica,Media,Balance receta + etapa + fecha; Casa 4 excluida: muebles melamina pendiente
1230,Casa 2,1.0,457.52,Reconstrucción analítica,Media,Balance receta + etapa + fecha; Casa 4 excluida: muebles melamina pendiente
1231,Casa 2,1.0,482.3,Reconstrucción analítica,Media,Balance receta + etapa + fecha; Casa 4 excluida: muebles melamina pendiente
1283,Casa 2,1.0,4864.6,Reconstrucción analítica,Media,Balance receta + etapa + fecha; Casa 4 excluida: muebles melamina pendiente
1289,Casa 2,3.0,907.9499999999999,Reconstrucción analítica,Media,Balance receta + etapa + fecha; Casa 4 excluida: muebles melamina pendiente
1303,Casa 2,1.3333333333333357,294.9866666666672,Reconstrucción analítica,Baja,Balance receta + etapa + fecha; Casa 4 excluida: muebles melamina pendiente
1303,Casa 3,0.6666666666666643,147.49333333333283,Reconstrucción analítica,Media,Balance receta + etapa + fecha; Casa 4 excluida: muebles melamina pendiente
1941,Casa 3,30.0,46035.3,Reconstrucción analítica,Media,Balance receta + etapa + fecha; Casa 4 excluida: muebles melamina pendiente
2079,Casa 3,1.0,320.35,Reconstrucción analítica,Baja,Balance receta + etapa + fecha; Casa 4 excluida: muebles melamina pendiente
2080,Casa 3,3.0,886.74,Reconstrucción analítica,Baja,Balance receta + etapa + fecha; Casa 4 excluida: muebles melamina pendiente
2087,Casa 3,1.0,1484.07,Reconstrucción analítica,Baja,Balance receta + etapa + fecha; Casa 4 excluida: muebles melamina pendiente
2131,Casa 3,1.0,5330.09,Reconstrucción analítica,Baja,Balance receta + etapa + fecha; Casa 4 excluida: muebles melamina pendiente
629,Casa 1,0.25,1150.4425,Reconstrucción analítica,Media,Balance receta + etapa + fecha
629,Casa 2,0.25,1150.4425,Reconstrucción analítica,Media,Balance receta + etapa + fecha
629,Casa 3,0.25,1150.4425,Reconstrucción analítica,Baja,Balance receta + etapa + fecha
629,Casa 4,0.25,1150.4425,Reconstrucción analítica,Baja,Balance receta + etapa + fecha
632,Casa 1,0.25,641.5925,Reconstrucción analítica,Media,Balance receta + etapa + fecha
632,Casa 2,0.25,641.5925,Reconstrucción analítica,Media,Balance receta + etapa + fecha
632,Casa 3,0.25,641.5925,Reconstrucción analítica,Baja,Balance receta + etapa + fecha
632,Casa 4,0.25,641.5925,Reconstrucción analítica,Baja,Balance receta + etapa + fecha
633,Casa 1,0.25,263.275,Reconstrucción analítica,Media,Balance receta + etapa + fecha
633,Casa 2,0.25,263.275,Reconstrucción analítica,Media,Balance receta + etapa + fecha
633,Casa 3,0.25,263.275,Reconstrucción analítica,Baja,Balance receta + etapa + fecha
633,Casa 4,0.25,263.275,Reconstrucción analítica,Baja,Balance receta + etapa + fecha
636,Casa 1,0.25,858.4075,Reconstrucción analítica,Media,Balance receta + etapa + fecha
636,Casa 2,0.25,858.4075,Reconstrucción analítica,Media,Balance receta + etapa + fecha
636,Casa 3,0.25,858.4075,Reconstrucción analítica,Baja,Balance receta + etapa + fecha
636,Casa 4,0.25,858.4075,Reconstrucción analítica,Baja,Balance receta + etapa + fecha
645,Casa 1,1.0,19690.27,Reconstrucción analítica,Alta,Balance receta + etapa + fecha; Casa 4 excluida: muebles melamina pendiente
653,Casa 1,1.0,19690.27,Reconstrucción analítica,Baja,Balance receta + etapa + fecha; Casa 4 excluida: muebles melamina pendiente
759,Casa 1,5.0,197455.75,Reconstrucción analítica,Alta,Balance receta + etapa + fecha; Casa 4 excluida: muebles melamina pendiente
760,Casa 1,6.0,236506.19999999998,Reconstrucción analítica,Alta,Balance receta + etapa + fecha; Casa 4 excluida: muebles melamina pendiente
911,Casa 2,2.0,78835.4,Reconstrucción analítica,Alta,Balance receta + etapa + fecha; Casa 4 excluida: muebles melamina pendiente
912,Casa 1,3.0,118377.87,Reconstrucción analítica,Media,Balance receta + etapa + fecha; Casa 4 excluida: muebles melamina pendiente
913,Casa 1,84.66666666666669,11987.953333333337,Reconstrucción analítica,Media,Balance receta + etapa + fecha; Casa 4 excluida: muebles melamina pendiente
913,Casa 2,38.333333333333314,5427.616666666664,Reconstrucción analítica,Media,Balance receta + etapa + fecha; Casa 4 excluida: muebles melamina pendiente
932,Casa 1,303.0,42901.770000000004,Reconstrucción analítica,Baja,Balance receta + etapa + fecha; Casa 4 excluida: muebles melamina pendiente
936,Casa 2,4.0,157522.12,Reconstrucción analítica,Alta,Balance receta + etapa + fecha; Casa 4 excluida: muebles melamina pendiente
937,Casa 2,6.0,236750.46000000002,Reconstrucción analítica,Alta,Balance receta + etapa + fecha; Casa 4 excluida: muebles melamina pendiente
993,Casa 2,1.0,16601.77,Reconstrucción analítica,Alta,Balance receta + etapa + fecha; Casa 4 excluida: muebles melamina pendiente
1000,Casa 1,1.0,16601.77,Reconstrucción analítica,Baja,Balance receta + etapa + fecha; Casa 4 excluida: muebles melamina pendiente
1256,Casa 2,2.0,33261.94,Reconstrucción analítica,Media,Balance receta + etapa + fecha; Casa 4 excluida: muebles melamina pendiente
1982,Casa 3,6.0,238332.72000000003,Reconstrucción analítica,Media,Balance receta + etapa + fecha; Casa 4 excluida: muebles melamina pendiente
1984,Casa 3,6.0,238332.72000000003,Reconstrucción analítica,Media,Balance receta + etapa + fecha; Casa 4 excluida: muebles melamina pendiente
1985,Casa 2,351.33333333333337,49745.286666666674,Reconstrucción analítica,Baja,Balance receta + etapa + fecha; Casa 4 excluida: muebles melamina pendiente
1985,Casa 3,16.66666666666663,2359.833333333328,Reconstrucción analítica,Media,Balance receta + etapa + fecha; Casa 4 excluida: muebles melamina pendiente
2210,Casa 3,371.0,52529.89,Reconstrucción analítica,Baja,Balance receta + etapa + fecha; Casa 4 excluida: muebles melamina pendiente
2254,Casa 3,4.0,140334.88,Reconstrucción analítica,Baja,Balance receta + etapa + fecha; Casa 4 excluida: muebles melamina pendiente
2255,Casa 3,1.0,14158.35,Reconstrucción analítica,Baja,Balance receta + etapa + fecha; Casa 4 excluida: muebles melamina pendiente
646,Casa 1,0.25,752.2125,Reconstrucción analítica,Baja,Balance receta + etapa + fecha
646,Casa 2,0.25,752.2125,Reconstrucción analítica,Media,Balance receta + etapa + fecha
646,Casa 3,0.25,752.2125,Reconstrucción analítica,Baja,Balance receta + etapa + fecha
646,Casa 4,0.25,752.2125,Reconstrucción analítica,Baja,Balance receta + etapa + fecha
650,Casa 1,0.25,110.62,Reconstrucción analítica,Baja,Balance receta + etapa + fecha
650,Casa 2,0.25,110.62,Reconstrucción analítica,Media,Balance receta + etapa + fecha
650,Casa 3,0.25,110.62,Reconstrucción analítica,Baja,Balance receta + etapa + fecha
650,Casa 4,0.25,110.62,Reconstrucción analítica,Baja,Balance receta + etapa + fecha
651,Casa 1,0.25,175.885,Reconstrucción analítica,Baja,Balance receta + etapa + fecha
651,Casa 2,0.25,175.885,Reconstrucción analítica,Media,Balance receta + etapa + fecha
651,Casa 3,0.25,175.885,Reconstrucción analítica,Baja,Balance receta + etapa + fecha
651,Casa 4,0.25,175.885,Reconstrucción analítica,Baja,Balance receta + etapa + fecha
664,Casa 3,0.5,8584.07,Reconstrucción analítica,Media,Balance receta + etapa + fecha
664,Casa 4,0.5,8584.07,Reconstrucción analítica,Baja,Balance receta + etapa + fecha
2335,Casa 1,0.5,3500.0,Reconstrucción analítica,Media,Balance receta + etapa + fecha
2335,Casa 2,0.5,3500.0,Reconstrucción analítica,Baja,Balance receta + etapa + fecha
679,Casa 1,0.5,2438.055,Reconstrucción analítica,Baja,Balance receta + etapa + fecha
679,Casa 2,0.5,2438.055,Reconstrucción analítica,Baja,Balance receta + etapa + fecha
680,Casa 3,0.5,2920.355,Reconstrucción analítica,Media,Balance receta + etapa + fecha
680,Casa 4,0.5,2920.355,Reconstrucción analítica,Baja,Balance receta + etapa + fecha
681,Casa 1,0.25,953.54,Reconstrucción analítica,Baja,Balance receta + etapa + fecha
681,Casa 2,0.25,953.54,Reconstrucción analítica,Baja,Balance receta + etapa + fecha
681,Casa 3,0.25,953.54,Reconstrucción analítica,Media,Balance receta + etapa + fecha
681,Casa 4,0.25,953.54,Reconstrucción analítica,Baja,Balance receta + etapa + fecha
689,Casa 1,1.0,3716.81,Reconstrucción analítica,Baja,Balance receta + etapa + fecha
689,Casa 2,1.0,3716.81,Reconstrucción analítica,Baja,Balance receta + etapa + fecha
689,Casa 3,1.0,3716.81,Reconstrucción analítica,Media,Balance receta + etapa + fecha
690,Casa 1,10.0,23008.800000000003,Reconstrucción analítica,Baja,Balance receta + etapa + fecha
690,Casa 2,10.0,23008.800000000003,Reconstrucción analítica,Baja,Balance receta + etapa + fecha
690,Casa 3,10.0,23008.800000000003,Reconstrucción analítica,Media,Balance receta + etapa + fecha
690,Casa 4,10.0,23008.800000000003,Reconstrucción analítica,Media,Balance receta + etapa + fecha
695,Casa 1,2.5,69.125,Reconstrucción analítica,Baja,Balance receta + etapa + fecha
695,Casa 2,2.5,69.125,Reconstrucción analítica,Baja,Balance receta + etapa + fecha
695,Casa 3,2.5,69.125,Reconstrucción analítica,Media,Balance receta + etapa + fecha
695,Casa 4,2.5,69.125,Reconstrucción analítica,Baja,Balance receta + etapa + fecha
696,Casa 1,2.5,125.0,Reconstrucción analítica,Baja,Balance receta + etapa + fecha
696,Casa 2,2.5,125.0,Reconstrucción analítica,Baja,Balance receta + etapa + fecha
696,Casa 3,2.5,125.0,Reconstrucción analítica,Media,Balance receta + etapa + fecha
696,Casa 4,2.5,125.0,Reconstrucción analítica,Baja,Balance receta + etapa + fecha
702,Casa 1,0.5,1117.255,Reconstrucción analítica,Media,Balance receta + etapa + fecha
702,Casa 2,0.5,1117.255,Reconstrucción analítica,Media,Balance receta + etapa + fecha
702,Casa 3,0.5,1117.255,Reconstrucción analítica,Baja,Balance receta + etapa + fecha
702,Casa 4,0.5,1117.255,Reconstrucción analítica,Baja,Balance receta + etapa + fecha
703,Casa 1,0.25,352.875,Reconstrucción analítica,Media,Balance receta + etapa + fecha
703,Casa 2,0.25,352.875,Reconstrucción analítica,Media,Balance receta + etapa + fecha
703,Casa 3,0.25,352.875,Reconstrucción analítica,Baja,Balance receta + etapa + fecha
703,Casa 4,0.25,352.875,Reconstrucción analítica,Baja,Balance receta + etapa + fecha
704,Casa 1,0.25,308.6275,Reconstrucción analítica,Media,Balance receta + etapa + fecha
704,Casa 2,0.25,308.6275,Reconstrucción analítica,Media,Balance receta + etapa + fecha
704,Casa 3,0.25,308.6275,Reconstrucción analítica,Baja,Balance receta + etapa + fecha
704,Casa 4,0.25,308.6275,Reconstrucción analítica,Baja,Balance receta + etapa + fecha
705,Casa 1,2.0,71938.06,Reconstrucción analítica,Alta,Balance receta + etapa + fecha; Casa 4 excluida: puertas/ventanas pendiente
706,Casa 1,2.0,71603.54,Reconstrucción analítica,Alta,Balance receta + etapa + fecha; Casa 4 excluida: puertas/ventanas pendiente
716,Casa 1,1.0,35968.14,Reconstrucción analítica,Alta,Balance receta + etapa + fecha; Casa 4 excluida: puertas/ventanas pendiente
843,Casa 2,1.0,33238.94,Reconstrucción analítica,Alta,Balance receta + etapa + fecha; Casa 4 excluida: puertas/ventanas pendiente
856,Casa 2,1.0,35993.81,Reconstrucción analítica,Alta,Balance receta + etapa + fecha; Casa 4 excluida: puertas/ventanas pendiente
857,Casa 1,1.0,34584.96,Reconstrucción analítica,Media,Balance receta + etapa + fecha; Casa 4 excluida: puertas/ventanas pendiente
859,Casa 2,3.0,107707.95000000001,Reconstrucción analítica,Alta,Balance receta + etapa + fecha; Casa 4 excluida: puertas/ventanas pendiente
2039,Casa 3,1.0,37015.71,Reconstrucción analítica,Baja,Balance receta + etapa + fecha; Casa 4 excluida: puertas/ventanas pendiente
2040,Casa 3,1.0,37015.93,Reconstrucción analítica,Baja,Balance receta + etapa + fecha; Casa 4 excluida: puertas/ventanas pendiente
2041,Casa 3,3.0,111047.79000000001,Reconstrucción analítica,Baja,Balance receta + etapa + fecha; Casa 4 excluida: puertas/ventanas pendiente
2330,Casa 2,1.0,124934.93,Reconstrucción analítica,Baja,Balance receta + etapa + fecha; Casa 4 excluida: puertas/ventanas pendiente
2332,Casa 3,1.0,124934.99,Reconstrucción analítica,Baja,Balance receta + etapa + fecha; Casa 4 excluida: puertas/ventanas pendiente
709,Casa 1,0.25,444.9125,Reconstrucción analítica,Media,Balance receta + etapa + fecha
709,Casa 2,0.25,444.9125,Reconstrucción analítica,Media,Balance receta + etapa + fecha
709,Casa 3,0.25,444.9125,Reconstrucción analítica,Baja,Balance receta + etapa + fecha
709,Casa 4,0.25,444.9125,Reconstrucción analítica,Baja,Balance receta + etapa + fecha
710,Casa 1,0.25,5099.3375,Reconstrucción analítica,Media,Balance receta + etapa + fecha
710,Casa 2,0.75,15298.012499999999,Reconstrucción analítica,Media,Balance receta + etapa + fecha
839,Casa 2,0.5,2049.56,Reconstrucción analítica,Media,Balance receta + etapa + fecha
839,Casa 3,0.5,2049.56,Reconstrucción analítica,Baja,Balance receta + etapa + fecha
867,Casa 3,0.75,3073.6724999999997,Reconstrucción analítica,Baja,Balance receta + etapa + fecha
867,Casa 4,0.25,1024.5575,Reconstrucción analítica,Baja,Balance receta + etapa + fecha
1100,Casa 4,1.0,4099.12,Reconstrucción analítica,Baja,Balance receta + etapa + fecha
2361,Casa 1,1.0,29205.0,Reconstrucción analítica,Alta,Balance receta + etapa + fecha
711,Casa 1,0.25,468.1425,Reconstrucción analítica,Media,Balance receta + etapa + fecha
711,Casa 2,0.25,468.1425,Reconstrucción analítica,Media,Balance receta + etapa + fecha
711,Casa 3,0.25,468.1425,Reconstrucción analítica,Baja,Balance receta + etapa + fecha
711,Casa 4,0.25,468.1425,Reconstrucción analítica,Baja,Balance receta + etapa + fecha
715,Casa 1,1.0,4698.23,Reconstrucción analítica,Baja,Balance receta + etapa + fecha
715,Casa 2,1.0,4698.23,Reconstrucción analítica,Media,Balance receta + etapa + fecha
1707,Casa 3,1.0,5335.4,Reconstrucción analítica,Media,Balance receta + etapa + fecha
1707,Casa 4,1.0,5335.4,Reconstrucción analítica,Media,Balance receta + etapa + fecha
717,Casa 1,1.0,19142.48,Reconstrucción analítica,Alta,Balance receta + etapa + fecha; Casa 4 excluida: puertas/ventanas pendiente
2007,Casa 1,1.0,19511.5,Reconstrucción analítica,Baja,Balance receta + etapa + fecha; Casa 4 excluida: puertas/ventanas pendiente
2007,Casa 2,2.0,39023.0,Reconstrucción analítica,Baja,Balance receta + etapa + fecha; Casa 4 excluida: puertas/ventanas pendiente
2007,Casa 3,2.0,39023.0,Reconstrucción analítica,Baja,Balance receta + etapa + fecha; Casa 4 excluida: puertas/ventanas pendiente
720,Casa 1,10.0,14088.5,Reconstrucción analítica,Media,Balance receta + etapa + fecha; Casa 4 excluida: zacate pendiente
720,Casa 2,90.0,126796.5,Reconstrucción analítica,Media,Balance receta + etapa + fecha; Casa 4 excluida: zacate pendiente
723,Casa 1,2.0,2860.18,Reconstrucción analítica,Baja,Balance receta + etapa + fecha; Casa 4 excluida: zacate pendiente
812,Casa 1,78.0,111408.95999999999,Reconstrucción analítica,Baja,Balance receta + etapa + fecha; Casa 4 excluida: zacate pendiente
812,Casa 3,2.0,2856.64,Reconstrucción analítica,Baja,Balance receta + etapa + fecha; Casa 4 excluida: zacate pendiente
1681,Casa 3,88.0,128417.51999999999,Reconstrucción analítica,Media,Balance receta + etapa + fecha; Casa 4 excluida: zacate pendiente
721,Casa 1,0.25,485.62,Reconstrucción analítica,Media,Balance receta + etapa + fecha
721,Casa 2,0.25,485.62,Reconstrucción analítica,Media,Balance receta + etapa + fecha
721,Casa 3,0.25,485.62,Reconstrucción analítica,Baja,Balance receta + etapa + fecha
721,Casa 4,0.25,485.62,Reconstrucción analítica,Baja,Balance receta + etapa + fecha
725,Casa 2,2.0,1322.12,Reconstrucción analítica,Alta,Balance receta + etapa + fecha
751,Casa 2,3.0,15382.29,Reconstrucción analítica,Alta,Balance receta + etapa + fecha
752,Casa 1,5.0,25637.15,Reconstrucción analítica,Media,Balance receta + etapa + fecha
752,Casa 3,3.0,15382.29,Reconstrucción analítica,Baja,Balance receta + etapa + fecha
996,Casa 4,1.0,9321.24,Reconstrucción analítica,Baja,Balance receta + etapa + fecha
1019,Casa 3,1.0,5326.55,Reconstrucción analítica,Baja,Balance receta + etapa + fecha
1062,Casa 3,1.0,5315.04,Reconstrucción analítica,Media,Balance receta + etapa + fecha
1305,Casa 4,1.0,5316.81,Reconstrucción analítica,Baja,Balance receta + etapa + fecha
1713,Casa 4,1.0,661.06,Reconstrucción analítica,Baja,Balance receta + etapa + fecha
2266,Casa 4,2.0,16194.7,Reconstrucción analítica,Alta,Balance receta + etapa + fecha
727,Casa 1,1.75,2892.9249999999997,Reconstrucción analítica,Baja,Balance receta + etapa + fecha
727,Casa 2,1.75,2892.9249999999997,Reconstrucción analítica,Media,Balance receta + etapa + fecha
727,Casa 3,0.5,826.55,Reconstrucción analítica,Baja,Balance receta + etapa + fecha
765,Casa 3,1.25,2066.375,Reconstrucción analítica,Baja,Balance receta + etapa + fecha
765,Casa 4,1.75,2892.9249999999997,Reconstrucción analítica,Baja,Balance receta + etapa + fecha
728,Casa 1,0.25,1947.7875,Reconstrucción analítica,Baja,Balance receta + etapa + fecha
728,Casa 2,0.25,1947.7875,Reconstrucción analítica,Media,Balance receta + etapa + fecha
728,Casa 3,0.25,1947.7875,Reconstrucción analítica,Baja,Balance receta + etapa + fecha
728,Casa 4,0.25,1947.7875,Reconstrucción analítica,Baja,Balance receta + etapa + fecha
739,Casa 1,0.5,1344.555,Reconstrucción analítica,Baja,Balance receta + etapa + fecha
739,Casa 2,0.5,1344.555,Reconstrucción analítica,Media,Balance receta + etapa + fecha
1940,Casa 3,0.5,1354.95,Reconstrucción analítica,Baja,Balance receta + etapa + fecha
1940,Casa 4,0.5,1354.95,Reconstrucción analítica,Media,Balance receta + etapa + fecha
740,Casa 1,0.5,190.71,Reconstrucción analítica,Baja,Balance receta + etapa + fecha
740,Casa 2,0.5,190.71,Reconstrucción analítica,Media,Balance receta + etapa + fecha
740,Casa 3,0.5,190.71,Reconstrucción analítica,Baja,Balance receta + etapa + fecha
740,Casa 4,0.5,190.71,Reconstrucción analítica,Baja,Balance receta + etapa + fecha
741,Casa 1,28.000000000000014,20764.52000000001,Reconstrucción analítica,Alta,Balance receta + etapa + fecha; Casa 4 excluida: muebles melamina pendiente
749,Casa 1,32.0,8920.32,Reconstrucción analítica,Alta,Balance receta + etapa + fecha; Casa 4 excluida: muebles melamina pendiente
755,Casa 1,19.0,7700.89,Reconstrucción analítica,Alta,Balance receta + etapa + fecha; Casa 4 excluida: muebles melamina pendiente
955,Casa 2,5.0,3969.0499999999997,Reconstrucción analítica,Alta,Balance receta + etapa + fecha; Casa 4 excluida: muebles melamina pendiente
957,Casa 2,10.0,4053.1,Reconstrucción analítica,Alta,Balance receta + etapa + fecha; Casa 4 excluida: muebles melamina pendiente
969,Casa 1,3.666666666666657,9312.67333333331,Reconstrucción analítica,Baja,Balance receta + etapa + fecha; Casa 4 excluida: muebles melamina pendiente
969,Casa 2,0.3333333333333428,846.6066666666908,Reconstrucción analítica,Media,Balance receta + etapa + fecha; Casa 4 excluida: muebles melamina pendiente
970,Casa 2,1.0,2539.82,Reconstrucción analítica,Alta,Balance receta + etapa + fecha; Casa 4 excluida: muebles melamina pendiente
972,Casa 2,5.0,3730.1,Reconstrucción analítica,Alta,Balance receta + etapa + fecha; Casa 4 excluida: muebles melamina pendiente
1007,Casa 2,5.0,2026.55,Reconstrucción analítica,Alta,Balance receta + etapa + fecha; Casa 4 excluida: muebles melamina pendiente
1010,Casa 1,3.0,10003.53,Reconstrucción analítica,Baja,Balance receta + etapa + fecha; Casa 4 excluida: muebles melamina pendiente
1014,Casa 2,3.0,7619.460000000001,Reconstrucción analítica,Alta,Balance receta + etapa + fecha; Casa 4 excluida: muebles melamina pendiente
1030,Casa 1,2.0,807.08,Reconstrucción analítica,Baja,Balance receta + etapa + fecha; Casa 4 excluida: muebles melamina pendiente
1033,Casa 2,9.0,7510.59,Reconstrucción analítica,Alta,Balance receta + etapa + fecha; Casa 4 excluida: muebles melamina pendiente
1048,Casa 1,8.0,3851.36,Reconstrucción analítica,Baja,Balance receta + etapa + fecha; Casa 4 excluida: muebles melamina pendiente
1049,Casa 2,10.0,3132.7,Reconstrucción analítica,Alta,Balance receta + etapa + fecha; Casa 4 excluida: muebles melamina pendiente
1058,Casa 2,20.0,6265.4,Reconstrucción analítica,Media,Balance receta + etapa + fecha; Casa 4 excluida: muebles melamina pendiente
1075,Casa 2,8.0,3242.48,Reconstrucción analítica,Media,Balance receta + etapa + fecha; Casa 4 excluida: muebles melamina pendiente
1276,Casa 1,2.0,6784.08,Reconstrucción analítica,Baja,Balance receta + etapa + fecha; Casa 4 excluida: muebles melamina pendiente
1323,Casa 2,3.0,2381.43,Reconstrucción analítica,Baja,Balance receta + etapa + fecha; Casa 4 excluida: muebles melamina pendiente
1324,Casa 2,6.0,2888.52,Reconstrucción analítica,Baja,Balance receta + etapa + fecha; Casa 4 excluida: muebles melamina pendiente
1338,Casa 2,5.0,2407.1,Reconstrucción analítica,Baja,Balance receta + etapa + fecha; Casa 4 excluida: muebles melamina pendiente
1339,Casa 2,1.0,405.31,Reconstrucción analítica,Baja,Balance receta + etapa + fecha; Casa 4 excluida: muebles melamina pendiente
1370,Casa 2,2.0,962.84,Reconstrucción analítica,Baja,Balance receta + etapa + fecha; Casa 4 excluida: muebles melamina pendiente
1372,Casa 2,2.0,1580.54,Reconstrucción analítica,Baja,Balance receta + etapa + fecha; Casa 4 excluida: muebles melamina pendiente
1607,Casa 2,1.0,4897.35,Reconstrucción analítica,Baja,Balance receta + etapa + fecha; Casa 4 excluida: muebles melamina pendiente
1616,Casa 2,1.3333333333333286,869.6133333333303,Reconstrucción analítica,Baja,Balance receta + etapa + fecha; Casa 4 excluida: muebles melamina pendiente
1616,Casa 3,8.666666666666671,5652.48666666667,Reconstrucción analítica,Media,Balance receta + etapa + fecha; Casa 4 excluida: muebles melamina pendiente
1652,Casa 3,8.0,5217.68,Reconstrucción analítica,Alta,Balance receta + etapa + fecha; Casa 4 excluida: muebles melamina pendiente
1996,Casa 3,8.0,7299.12,Reconstrucción analítica,Media,Balance receta + etapa + fecha; Casa 4 excluida: muebles melamina pendiente
2082,Casa 3,33.0,25991.13,Reconstrucción analítica,Baja,Balance receta + etapa + fecha; Casa 4 excluida: muebles melamina pendiente
2102,Casa 3,12.0,4704.4800000000005,Reconstrucción analítica,Baja,Balance receta + etapa + fecha; Casa 4 excluida: muebles melamina pendiente
2116,Casa 3,16.0,4601.76,Reconstrucción analítica,Baja,Balance receta + etapa + fecha; Casa 4 excluida: muebles melamina pendiente
2136,Casa 3,10.0,2876.1000000000004,Reconstrucción analítica,Baja,Balance receta + etapa + fecha; Casa 4 excluida: muebles melamina pendiente
2172,Casa 3,2.0,1552.22,Reconstrucción analítica,Baja,Balance receta + etapa + fecha; Casa 4 excluida: muebles melamina pendiente
743,Casa 1,0.5,613.275,Reconstrucción analítica,Baja,Balance receta + etapa + fecha
743,Casa 2,0.5,613.275,Reconstrucción analítica,Media,Balance receta + etapa + fecha
743,Casa 3,0.5,613.275,Reconstrucción analítica,Baja,Balance receta + etapa + fecha
743,Casa 4,0.5,613.275,Reconstrucción analítica,Baja,Balance receta + etapa + fecha
744,Casa 1,24.000000000000057,31858.320000000076,Reconstrucción analítica,Alta,Balance receta + etapa + fecha; Casa 4 excluida: muebles melamina pendiente
938,Casa 1,9.0,11946.87,Reconstrucción analítica,Baja,Balance receta + etapa + fecha; Casa 4 excluida: muebles melamina pendiente
1992,Casa 2,25.0,41482.25,Reconstrucción analítica,Baja,Balance receta + etapa + fecha; Casa 4 excluida: muebles melamina pendiente
2211,Casa 1,164.3333333333333,31994.056666666656,Reconstrucción analítica,Baja,Balance receta + etapa + fecha; Casa 4 excluida: muebles melamina pendiente
2211,Casa 2,150.33333333333334,29268.396666666667,Reconstrucción analítica,Baja,Balance receta + etapa + fecha; Casa 4 excluida: muebles melamina pendiente
2211,Casa 3,197.33333333333334,38418.82666666667,Reconstrucción analítica,Baja,Balance receta + etapa + fecha; Casa 4 excluida: muebles melamina pendiente
2214,Casa 2,22.0,36504.38,Reconstrucción analítica,Baja,Balance receta + etapa + fecha; Casa 4 excluida: muebles melamina pendiente
748,Casa 1,4.0,18619.48,Reconstrucción analítica,Alta,Balance receta + etapa + fecha; Casa 4 excluida: muebles melamina pendiente
756,Casa 1,3.0,16991.16,Reconstrucción analítica,Alta,Balance receta + etapa + fecha; Casa 4 excluida: muebles melamina pendiente
994,Casa 2,1.0,9675.22,Reconstrucción analítica,Alta,Balance receta + etapa + fecha; Casa 4 excluida: muebles melamina pendiente
1051,Casa 2,3.0,10590.27,Reconstrucción analítica,Alta,Balance receta + etapa + fecha; Casa 4 excluida: muebles melamina pendiente
1074,Casa 2,1.0,3991.15,Reconstrucción analítica,Media,Balance receta + etapa + fecha; Casa 4 excluida: muebles melamina pendiente
1101,Casa 2,1.0,3555.75,Reconstrucción analítica,Media,Balance receta + etapa + fecha; Casa 4 excluida: muebles melamina pendiente
1107,Casa 2,1.0,3741.59,Reconstrucción analítica,Media,Balance receta + etapa + fecha; Casa 4 excluida: muebles melamina pendiente
1260,Casa 1,3.666666666666668,14926.266666666672,Reconstrucción analítica,Baja,Balance receta + etapa + fecha; Casa 4 excluida: muebles melamina pendiente
1260,Casa 2,1.3333333333333321,5427.733333333329,Reconstrucción analítica,Media,Balance receta + etapa + fecha; Casa 4 excluida: muebles melamina pendiente
1348,Casa 2,1.0,3555.75,Reconstrucción analítica,Baja,Balance receta + etapa + fecha; Casa 4 excluida: muebles melamina pendiente
1739,Casa 2,1.0,3623.01,Reconstrucción analítica,Baja,Balance receta + etapa + fecha; Casa 4 excluida: muebles melamina pendiente
2105,Casa 2,0.3333333333333339,1160.1766666666688,Reconstrucción analítica,Baja,Balance receta + etapa + fecha; Casa 4 excluida: muebles melamina pendiente
2105,Casa 3,3.666666666666666,12761.943333333333,Reconstrucción analítica,Baja,Balance receta + etapa + fecha; Casa 4 excluida: muebles melamina pendiente
2135,Casa 3,7.0,24363.710000000003,Reconstrucción analítica,Baja,Balance receta + etapa + fecha; Casa 4 excluida: muebles melamina pendiente
753,Casa 1,12.666666666666668,5548.633333333334,Reconstrucción analítica,Media,Balance receta + etapa + fecha; Casa 4 excluida: puertas/ventanas pendiente
753,Casa 2,6.333333333333332,2774.316666666666,Reconstrucción analítica,Media,Balance receta + etapa + fecha; Casa 4 excluida: puertas/ventanas pendiente
1659,Casa 2,3.0,5607.09,Reconstrucción analítica,Baja,Balance receta + etapa + fecha; Casa 4 excluida: puertas/ventanas pendiente
1993,Casa 2,3.333333333333334,1460.1666666666667,Reconstrucción analítica,Baja,Balance receta + etapa + fecha; Casa 4 excluida: puertas/ventanas pendiente
1993,Casa 3,6.666666666666666,2920.333333333333,Reconstrucción analítica,Media,Balance receta + etapa + fecha; Casa 4 excluida: puertas/ventanas pendiente
2067,Casa 3,5.0,6327.45,Reconstrucción analítica,Baja,Balance receta + etapa + fecha; Casa 4 excluida: puertas/ventanas pendiente
2202,Casa 3,1.0,1254.87,Reconstrucción analítica,Baja,Balance receta + etapa + fecha; Casa 4 excluida: puertas/ventanas pendiente
761,Casa 1,1.0,35636.28,Reconstrucción analítica,Alta,Balance receta + etapa + fecha; Casa 4 excluida: muebles melamina pendiente
1262,Casa 1,0.33333333333333326,6551.033333333331,Reconstrucción analítica,Baja,Balance receta + etapa + fecha; Casa 4 excluida: muebles melamina pendiente
1262,Casa 2,0.6666666666666667,13102.066666666668,Reconstrucción analítica,Media,Balance receta + etapa + fecha; Casa 4 excluida: muebles melamina pendiente
1983,Casa 2,0.6666666666666665,26481.41333333333,Reconstrucción analítica,Baja,Balance receta + etapa + fecha; Casa 4 excluida: muebles melamina pendiente
1983,Casa 3,0.3333333333333335,13240.706666666674,Reconstrucción analítica,Media,Balance receta + etapa + fecha; Casa 4 excluida: muebles melamina pendiente
2199,Casa 3,1.0,17509.73,Reconstrucción analítica,Baja,Balance receta + etapa + fecha; Casa 4 excluida: muebles melamina pendiente
762,Casa 1,149.0,19514.53,Reconstrucción analítica,Alta,Balance receta + etapa + fecha; Casa 4 excluida: muebles melamina pendiente
763,Casa 1,197.0,23708.949999999997,Reconstrucción analítica,Alta,Balance receta + etapa + fecha; Casa 4 excluida: muebles melamina pendiente
796,Casa 1,15.0,1805.25,Reconstrucción analítica,Media,Balance receta + etapa + fecha; Casa 4 excluida: muebles melamina pendiente
810,Casa 1,5.0,654.85,Reconstrucción analítica,Media,Balance receta + etapa + fecha; Casa 4 excluida: muebles melamina pendiente
823,Casa 1,5.0,570.8,Reconstrucción analítica,Media,Balance receta + etapa + fecha; Casa 4 excluida: muebles melamina pendiente
824,Casa 1,5.0,632.75,Reconstrucción analítica,Media,Balance receta + etapa + fecha; Casa 4 excluida: muebles melamina pendiente
914,Casa 1,33.0,3971.5499999999997,Reconstrucción analítica,Media,Balance receta + etapa + fecha; Casa 4 excluida: muebles melamina pendiente
915,Casa 2,76.0,28449.839999999997,Reconstrucción analítica,Alta,Balance receta + etapa + fecha; Casa 4 excluida: muebles melamina pendiente
934,Casa 1,45.0,17362.8,Reconstrucción analítica,Baja,Balance receta + etapa + fecha; Casa 4 excluida: muebles melamina pendiente
934,Casa 2,120.0,46300.8,Reconstrucción analítica,Media,Balance receta + etapa + fecha; Casa 4 excluida: muebles melamina pendiente
956,Casa 1,15.0,1805.25,Reconstrucción analítica,Baja,Balance receta + etapa + fecha; Casa 4 excluida: muebles melamina pendiente
959,Casa 1,15.0,1805.25,Reconstrucción analítica,Baja,Balance receta + etapa + fecha; Casa 4 excluida: muebles melamina pendiente
1027,Casa 1,5.0,601.75,Reconstrucción analítica,Baja,Balance receta + etapa + fecha; Casa 4 excluida: muebles melamina pendiente
1029,Casa 1,10.0,1123.9,Reconstrucción analítica,Baja,Balance receta + etapa + fecha; Casa 4 excluida: muebles melamina pendiente
1066,Casa 1,10.0,1123.9,Reconstrucción analítica,Baja,Balance receta + etapa + fecha; Casa 4 excluida: muebles melamina pendiente
1277,Casa 1,20.0,2831.8,Reconstrucción analítica,Baja,Balance receta + etapa + fecha; Casa 4 excluida: muebles melamina pendiente
1358,Casa 2,28.0,4088.5600000000004,Reconstrucción analítica,Baja,Balance receta + etapa + fecha; Casa 4 excluida: muebles melamina pendiente
1986,Casa 2,226.0,31400.44,Reconstrucción analítica,Baja,Balance receta + etapa + fecha; Casa 4 excluida: muebles melamina pendiente
1987,Casa 2,41.0,5769.110000000001,Reconstrucción analítica,Baja,Balance receta + etapa + fecha; Casa 4 excluida: muebles melamina pendiente
1988,Casa 2,12.0,4640.76,Reconstrucción analítica,Baja,Balance receta + etapa + fecha; Casa 4 excluida: muebles melamina pendiente
2174,Casa 3,5.0,694.7,Reconstrucción analítica,Baja,Balance receta + etapa + fecha; Casa 4 excluida: muebles melamina pendiente
2176,Casa 2,20.0,2743.3999999999996,Reconstrucción analítica,Baja,Balance receta + etapa + fecha; Casa 4 excluida: muebles melamina pendiente
2185,Casa 2,6.0,663.7200000000001,Reconstrucción analítica,Baja,Balance receta + etapa + fecha; Casa 4 excluida: muebles melamina pendiente
2185,Casa 3,9.0,995.58,Reconstrucción analítica,Baja,Balance receta + etapa + fecha; Casa 4 excluida: muebles melamina pendiente
2193,Casa 3,3.0,331.86,Reconstrucción analítica,Baja,Balance receta + etapa + fecha; Casa 4 excluida: muebles melamina pendiente
2212,Casa 3,267.0,90077.79000000001,Reconstrucción analítica,Baja,Balance receta + etapa + fecha; Casa 4 excluida: muebles melamina pendiente
2213,Casa 3,245.0,83238.75,Reconstrucción analítica,Baja,Balance receta + etapa + fecha; Casa 4 excluida: muebles melamina pendiente
764,Casa 1,20.00000000000003,2247.8000000000034,Reconstrucción analítica,Alta,Balance receta + etapa + fecha; Casa 4 excluida: muebles melamina pendiente
917,Casa 1,76.0,24952.32,Reconstrucción analítica,Media,Balance receta + etapa + fecha; Casa 4 excluida: muebles melamina pendiente
935,Casa 1,43.333333333333314,5061.766666666665,Reconstrucción analítica,Baja,Balance receta + etapa + fecha; Casa 4 excluida: muebles melamina pendiente
935,Casa 2,139.33333333333334,16275.526666666668,Reconstrucción analítica,Media,Balance receta + etapa + fecha; Casa 4 excluida: muebles melamina pendiente
935,Casa 3,59.33333333333334,6930.726666666667,Reconstrucción analítica,Baja,Balance receta + etapa + fecha; Casa 4 excluida: muebles melamina pendiente
967,Casa 3,15.0,1752.15,Reconstrucción analítica,Baja,Balance receta + etapa + fecha; Casa 4 excluida: muebles melamina pendiente
1018,Casa 3,15.0,1752.15,Reconstrucción analítica,Baja,Balance receta + etapa + fecha; Casa 4 excluida: muebles melamina pendiente
1028,Casa 3,10.0,1168.1,Reconstrucción analítica,Baja,Balance receta + etapa + fecha; Casa 4 excluida: muebles melamina pendiente
1065,Casa 3,10.0,1265.5,Reconstrucción analítica,Baja,Balance receta + etapa + fecha; Casa 4 excluida: muebles melamina pendiente
1253,Casa 3,30.0,3504.3,Reconstrucción analítica,Media,Balance receta + etapa + fecha; Casa 4 excluida: muebles melamina pendiente
766,Casa 1,1.0,55747.79,Reconstrucción analítica,Media,Balance receta + etapa + fecha; Casa 4 excluida: piso/sanitarios pendiente
806,Casa 1,1.0,23849.56,Reconstrucción analítica,Media,Balance receta + etapa + fecha; Casa 4 excluida: piso/sanitarios pendiente
806,Casa 2,1.0,23849.56,Reconstrucción analítica,Media,Balance receta + etapa + fecha; Casa 4 excluida: piso/sanitarios pendiente
1082,Casa 2,1.0,13018.58,Reconstrucción analítica,Media,Balance receta + etapa + fecha; Casa 4 excluida: piso/sanitarios pendiente
1082,Casa 3,1.0,13018.58,Reconstrucción analítica,Baja,Balance receta + etapa + fecha; Casa 4 excluida: piso/sanitarios pendiente
1971,Casa 3,1.0,15039.82,Reconstrucción analítica,Baja,Balance receta + etapa + fecha; Casa 4 excluida: piso/sanitarios pendiente
774,Casa 1,2.0,7265.48,Reconstrucción analítica,Baja,Balance receta + etapa + fecha
1395,Casa 2,3.0,9950.43,Reconstrucción analítica,Baja,Balance receta + etapa + fecha
1396,Casa 1,3.0,6262.83,Reconstrucción analítica,Baja,Balance receta + etapa + fecha
1841,Casa 2,2.0,9851.32,Reconstrucción analítica,Baja,Balance receta + etapa + fecha
1896,Casa 3,2.0,10684.96,Reconstrucción analítica,Baja,Balance receta + etapa + fecha
1900,Casa 3,3.0,2795.58,Reconstrucción analítica,Baja,Balance receta + etapa + fecha
1900,Casa 4,3.0,2795.58,Reconstrucción analítica,Media,Balance receta + etapa + fecha
2115,Casa 4,1.0,5187.61,Reconstrucción analítica,Alta,Balance receta + etapa + fecha
2139,Casa 4,1.0,2421.24,Reconstrucción analítica,Alta,Balance receta + etapa + fecha
776,Casa 1,2.0,1012.38,Reconstrucción analítica,Baja,Balance receta + etapa + fecha
921,Casa 1,6.0,8086.74,Reconstrucción analítica,Baja,Balance receta + etapa + fecha
925,Casa 1,6.0,2607.06,Reconstrucción analítica,Baja,Balance receta + etapa + fecha
1394,Casa 2,5.0,12327.449999999999,Reconstrucción analítica,Baja,Balance receta + etapa + fecha
1397,Casa 2,5.0,6597.35,Reconstrucción analítica,Baja,Balance receta + etapa + fecha
1400,Casa 2,5.0,2168.15,Reconstrucción analítica,Baja,Balance receta + etapa + fecha
1424,Casa 2,2.0,4037.16,Reconstrucción analítica,Baja,Balance receta + etapa + fecha
1504,Casa 1,1.0,421.24,Reconstrucción analítica,Baja,Balance receta + etapa + fecha
1504,Casa 2,2.0,842.48,Reconstrucción analítica,Baja,Balance receta + etapa + fecha
1840,Casa 1,2.0,6092.04,Reconstrucción analítica,Baja,Balance receta + etapa + fecha
1854,Casa 1,2.0,1293.7999999999997,Reconstrucción analítica,Baja,Balance receta + etapa + fecha
1854,Casa 3,4.0,2587.5999999999995,Reconstrucción analítica,Baja,Balance receta + etapa + fecha
1862,Casa 3,10.0,11681.400000000001,Reconstrucción analítica,Baja,Balance receta + etapa + fecha
1871,Casa 3,5.0,8716.8,Reconstrucción analítica,Baja,Balance receta + etapa + fecha
1972,Casa 4,4.0,16778.76,Reconstrucción analítica,Alta,Balance receta + etapa + fecha
2098,Casa 4,10.0,7035.4,Reconstrucción analítica,Alta,Balance receta + etapa + fecha
2140,Casa 4,1.0,1552.21,Reconstrucción analítica,Alta,Balance receta + etapa + fecha
2141,Casa 4,4.0,2099.12,Reconstrucción analítica,Alta,Balance receta + etapa + fecha
779,Casa 1,1.0,5442.48,Reconstrucción analítica,Media,Balance receta + etapa + fecha
1016,Casa 1,0.75,5320.3575,Reconstrucción analítica,Baja,Balance receta + etapa + fecha
1016,Casa 2,0.25,1773.4525,Reconstrucción analítica,Media,Balance receta + etapa + fecha
1275,Casa 2,1.0,3331.86,Reconstrucción analítica,Baja,Balance receta + etapa + fecha
1309,Casa 2,0.5,1905.31,Reconstrucción analítica,Baja,Balance receta + etapa + fecha
1309,Casa 3,0.5,1905.31,Reconstrucción analítica,Media,Balance receta + etapa + fecha
1351,Casa 3,1.0,6039.82,Reconstrucción analítica,Media,Balance receta + etapa + fecha
1471,Casa 3,0.25,1083.3575,Reconstrucción analítica,Media,Balance receta + etapa + fecha
1471,Casa 4,0.75,3250.0725,Reconstrucción analítica,Baja,Balance receta + etapa + fecha
2253,Casa 4,1.0,3610.62,Reconstrucción analítica,Alta,Balance receta + etapa + fecha
782,Casa 1,0.25,2721.0175,Reconstrucción analítica,Baja,Balance receta + etapa + fecha
782,Casa 2,0.25,2721.0175,Reconstrucción analítica,Media,Balance receta + etapa + fecha
782,Casa 3,0.25,2721.0175,Reconstrucción analítica,Baja,Balance receta + etapa + fecha
782,Casa 4,0.25,2721.0175,Reconstrucción analítica,Baja,Balance receta + etapa + fecha
784,Casa 1,0.5,1097.345,Reconstrucción analítica,Baja,Balance receta + etapa + fecha
784,Casa 2,0.5,1097.345,Reconstrucción analítica,Media,Balance receta + etapa + fecha
1359,Casa 3,0.5,1089.38,Reconstrucción analítica,Media,Balance receta + etapa + fecha
1359,Casa 4,0.5,1089.38,Reconstrucción analítica,Baja,Balance receta + etapa + fecha
787,Casa 1,0.25,561.0625,Reconstrucción analítica,Baja,Balance receta + etapa + fecha
787,Casa 2,0.25,561.0625,Reconstrucción analítica,Media,Balance receta + etapa + fecha
787,Casa 3,0.25,561.0625,Reconstrucción analítica,Baja,Balance receta + etapa + fecha
787,Casa 4,0.25,561.0625,Reconstrucción analítica,Baja,Balance receta + etapa + fecha
788,Casa 1,1.0,1796.46,Reconstrucción analítica,Media,Balance receta + etapa + fecha
813,Casa 1,1.0,2721.24,Reconstrucción analítica,Media,Balance receta + etapa + fecha
1060,Casa 2,1.0,1796.46,Reconstrucción analítica,Media,Balance receta + etapa + fecha
1105,Casa 2,1.0,1796.46,Reconstrucción analítica,Media,Balance receta + etapa + fecha
1245,Casa 1,0.25,610.1775,Reconstrucción analítica,Baja,Balance receta + etapa + fecha
1245,Casa 2,0.25,610.1775,Reconstrucción analítica,Media,Balance receta + etapa + fecha
1245,Casa 3,0.5,1220.355,Reconstrucción analítica,Media,Balance receta + etapa + fecha
1286,Casa 3,1.0,2440.71,Reconstrucción analítica,Media,Balance receta + etapa + fecha
1357,Casa 3,0.75,1830.5325,Reconstrucción analítica,Media,Balance receta + etapa + fecha
1357,Casa 4,0.25,610.1775,Reconstrucción analítica,Baja,Balance receta + etapa + fecha
2157,Casa 4,1.0,1828.32,Reconstrucción analítica,Media,Balance receta + etapa + fecha
2195,Casa 4,1.0,1792.04,Reconstrucción analítica,Media,Balance receta + etapa + fecha
795,Casa 1,0.75,501.7725,Reconstrucción analítica,Baja,Balance receta + etapa + fecha
795,Casa 2,0.25,167.2575,Reconstrucción analítica,Media,Balance receta + etapa + fecha
1548,Casa 2,0.5,332.745,Reconstrucción analítica,Baja,Balance receta + etapa + fecha
1548,Casa 4,0.5,332.745,Reconstrucción analítica,Baja,Balance receta + etapa + fecha
1558,Casa 3,0.75,499.1175,Reconstrucción analítica,Media,Balance receta + etapa + fecha
1558,Casa 4,0.25,166.3725,Reconstrucción analítica,Baja,Balance receta + etapa + fecha
797,Casa 2,4.0,8148.68,Reconstrucción analítica,Media,Balance receta + etapa + fecha
855,Casa 1,28.5,6582.6449999999995,Reconstrucción analítica,Baja,Balance receta + etapa + fecha
855,Casa 2,24.5,5658.765,Reconstrucción analítica,Media,Balance receta + etapa + fecha
855,Casa 4,27.0,6236.19,Reconstrucción analítica,Baja,Balance receta + etapa + fecha
870,Casa 3,28.5,7415.13,Reconstrucción analítica,Baja,Balance receta + etapa + fecha
870,Casa 4,1.5,390.27000000000004,Reconstrucción analítica,Baja,Balance receta + etapa + fecha
805,Casa 1,3.0,3825.66,Reconstrucción analítica,Baja,Balance receta + etapa + fecha
1034,Casa 1,1.0,1276.99,Reconstrucción analítica,Baja,Balance receta + etapa + fecha
1236,Casa 1,1.0,1324.78,Reconstrucción analítica,Baja,Balance receta + etapa + fecha
1366,Casa 1,1.0,3888.5,Reconstrucción analítica,Baja,Balance receta + etapa + fecha
1571,Casa 1,10.0,2814.2000000000003,Reconstrucción analítica,Baja,Balance receta + etapa + fecha
1571,Casa 2,26.0,7316.92,Reconstrucción analítica,Baja,Balance receta + etapa + fecha
1587,Casa 1,14.0,3939.88,Reconstrucción analítica,Baja,Balance receta + etapa + fecha
1596,Casa 2,5.0,1407.1000000000001,Reconstrucción analítica,Baja,Balance receta + etapa + fecha
1596,Casa 3,9.0,2532.78,Reconstrucción analítica,Media,Balance receta + etapa + fecha
1958,Casa 3,22.0,6522.119999999999,Reconstrucción analítica,Baja,Balance receta + etapa + fecha
1958,Casa 4,8.0,2371.68,Reconstrucción analítica,Media,Balance receta + etapa + fecha
2132,Casa 4,15.0,4393.8,Reconstrucción analítica,Media,Balance receta + etapa + fecha
2159,Casa 4,8.0,2341.28,Reconstrucción analítica,Media,Balance receta + etapa + fecha
2392,Casa 1,1.0,15486.72,Reconstrucción analítica,Baja,Balance receta + etapa + fecha
807,Casa 1,0.25,514.38,Reconstrucción analítica,Baja,Balance receta + etapa + fecha
807,Casa 2,0.25,514.38,Reconstrucción analítica,Media,Balance receta + etapa + fecha
807,Casa 3,0.25,514.38,Reconstrucción analítica,Baja,Balance receta + etapa + fecha
807,Casa 4,0.25,514.38,Reconstrucción analítica,Baja,Balance receta + etapa + fecha
809,Casa 1,8.0,36474.32,Reconstrucción analítica,Media,Balance receta + etapa + fecha
842,Casa 1,10.0,45548.7,Reconstrucción analítica,Media,Balance receta + etapa + fecha
1217,Casa 1,1.0,4155.75,Reconstrucción analítica,Baja,Balance receta + etapa + fecha
1298,Casa 1,2.0,8823.0,Reconstrucción analítica,Baja,Balance receta + etapa + fecha
1686,Casa 2,20.0,86920.40000000001,Reconstrucción analítica,Baja,Balance receta + etapa + fecha
1692,Casa 1,8.75,38027.675,Reconstrucción analítica,Baja,Balance receta + etapa + fecha
1692,Casa 2,9.75,42373.695,Reconstrucción analítica,Baja,Balance receta + etapa + fecha
1692,Casa 3,1.5,6519.030000000001,Reconstrucción analítica,Media,Balance receta + etapa + fecha
1697,Casa 3,20.0,86920.40000000001,Reconstrucción analítica,Media,Balance receta + etapa + fecha
1738,Casa 3,8.25,35854.665,Reconstrucción analítica,Media,Balance receta + etapa + fecha
1738,Casa 4,6.75,29335.635000000002,Reconstrucción analítica,Baja,Balance receta + etapa + fecha
2018,Casa 4,3.0,13537.170000000002,Reconstrucción analítica,Media,Balance receta + etapa + fecha
2270,Casa 4,10.0,48628.3,Reconstrucción analítica,Alta,Balance receta + etapa + fecha
2276,Casa 4,10.0,48628.3,Reconstrucción analítica,Alta,Balance receta + etapa + fecha
815,Casa 1,0.5,1161.505,Reconstrucción analítica,Baja,Balance receta + etapa + fecha
815,Casa 2,0.5,1161.505,Reconstrucción analítica,Media,Balance receta + etapa + fecha
975,Casa 3,0.5,941.15,Reconstrucción analítica,Media,Balance receta + etapa + fecha
975,Casa 4,0.5,941.15,Reconstrucción analítica,Baja,Balance receta + etapa + fecha
816,Casa 1,0.25,823.01,Reconstrucción analítica,Baja,Balance receta + etapa + fecha
816,Casa 2,0.25,823.01,Reconstrucción analítica,Media,Balance receta + etapa + fecha
816,Casa 3,0.25,823.01,Reconstrucción analítica,Baja,Balance receta + etapa + fecha
816,Casa 4,0.25,823.01,Reconstrucción analítica,Baja,Balance receta + etapa + fecha
821,Casa 1,1.0,3633.63,Reconstrucción analítica,Media,Balance receta + etapa + fecha
1251,Casa 1,0.25,3559.735,Reconstrucción analítica,Baja,Balance receta + etapa + fecha
1251,Casa 2,0.75,10679.205,Reconstrucción analítica,Baja,Balance receta + etapa + fecha
1514,Casa 2,1.5,19904.864999999998,Reconstrucción analítica,Baja,Balance receta + etapa + fecha
1514,Casa 3,0.5,6634.955,Reconstrucción analítica,Media,Balance receta + etapa + fecha
2071,Casa 3,1.75,3719.9049999999997,Reconstrucción analítica,Baja,Balance receta + etapa + fecha
2071,Casa 4,0.25,531.415,Reconstrucción analítica,Media,Balance receta + etapa + fecha
2197,Casa 4,2.0,33355.76,Reconstrucción analítica,Alta,Balance receta + etapa + fecha
2315,Casa 1,1.0,22554.87,Reconstrucción analítica,Media,Balance receta + etapa + fecha
825,Casa 1,1.25,455.75,Reconstrucción analítica,Baja,Balance receta + etapa + fecha
825,Casa 2,1.25,455.75,Reconstrucción analítica,Media,Balance receta + etapa + fecha
825,Casa 3,1.25,455.75,Reconstrucción analítica,Baja,Balance receta + etapa + fecha
825,Casa 4,1.25,455.75,Reconstrucción analítica,Baja,Balance receta + etapa + fecha
827,Casa 1,0.25,155.9725,Reconstrucción analítica,Baja,Balance receta + etapa + fecha
827,Casa 2,0.25,155.9725,Reconstrucción analítica,Media,Balance receta + etapa + fecha
827,Casa 3,0.25,155.9725,Reconstrucción analítica,Baja,Balance receta + etapa + fecha
827,Casa 4,0.25,155.9725,Reconstrucción analítica,Baja,Balance receta + etapa + fecha
829,Casa 1,1.0,769.03,Reconstrucción analítica,Baja,Balance receta + etapa + fecha
829,Casa 2,1.0,769.03,Reconstrucción analítica,Media,Balance receta + etapa + fecha
829,Casa 3,1.0,769.03,Reconstrucción analítica,Baja,Balance receta + etapa + fecha
845,Casa 4,1.0,769.03,Reconstrucción analítica,Baja,Balance receta + etapa + fecha
830,Casa 1,1.75,1324.12,Reconstrucción analítica,Baja,Balance receta + etapa + fecha
830,Casa 2,0.25,189.16,Reconstrucción analítica,Media,Balance receta + etapa + fecha
1349,Casa 2,1.5,1134.96,Reconstrucción analítica,Baja,Balance receta + etapa + fecha
1349,Casa 3,1.5,1134.96,Reconstrucción analítica,Media,Balance receta + etapa + fecha
1375,Casa 3,0.25,189.16,Reconstrucción analítica,Media,Balance receta + etapa + fecha
1375,Casa 4,1.75,1324.12,Reconstrucción analítica,Baja,Balance receta + etapa + fecha
833,Casa 1,0.75,917.9175,Reconstrucción analítica,Baja,Balance receta + etapa + fecha
833,Casa 2,0.75,917.9175,Reconstrucción analítica,Media,Balance receta + etapa + fecha
833,Casa 3,0.75,917.9175,Reconstrucción analítica,Baja,Balance receta + etapa + fecha
833,Casa 4,0.75,917.9175,Reconstrucción analítica,Baja,Balance receta + etapa + fecha
834,Casa 1,0.25,186.0625,Reconstrucción analítica,Baja,Balance receta + etapa + fecha
834,Casa 2,0.25,186.0625,Reconstrucción analítica,Media,Balance receta + etapa + fecha
834,Casa 3,0.25,186.0625,Reconstrucción analítica,Baja,Balance receta + etapa + fecha
834,Casa 4,0.25,186.0625,Reconstrucción analítica,Baja,Balance receta + etapa + fecha
848,Casa 1,0.25,923.4525,Reconstrucción analítica,Baja,Balance receta + etapa + fecha
848,Casa 2,0.25,923.4525,Reconstrucción analítica,Media,Balance receta + etapa + fecha
848,Casa 3,0.25,923.4525,Reconstrucción analítica,Baja,Balance receta + etapa + fecha
848,Casa 4,0.25,923.4525,Reconstrucción analítica,Baja,Balance receta + etapa + fecha
851,Casa 1,1.0,8805.31,Reconstrucción analítica,Media,Balance receta + etapa + fecha
896,Casa 1,4.0,14877.88,Reconstrucción analítica,Baja,Balance receta + etapa + fecha
909,Casa 1,2.0,7438.94,Reconstrucción analítica,Baja,Balance receta + etapa + fecha
943,Casa 1,2.0,7391.16,Reconstrucción analítica,Baja,Balance receta + etapa + fecha
1629,Casa 2,2.0,7368.14,Reconstrucción analítica,Baja,Balance receta + etapa + fecha
1636,Casa 1,1.0,3684.0700000000006,Reconstrucción analítica,Baja,Balance receta + etapa + fecha
1636,Casa 2,3.0,11052.210000000001,Reconstrucción analítica,Baja,Balance receta + etapa + fecha
1636,Casa 3,1.0,3684.0700000000006,Reconstrucción analítica,Media,Balance receta + etapa + fecha
1637,Casa 2,5.0,18420.350000000002,Reconstrucción analítica,Baja,Balance receta + etapa + fecha
1662,Casa 3,8.0,29472.56,Reconstrucción analítica,Alta,Balance receta + etapa + fecha
2165,Casa 3,1.0,3853.9400000000005,Reconstrucción analítica,Baja,Balance receta + etapa + fecha
2165,Casa 4,4.0,15415.760000000002,Reconstrucción analítica,Media,Balance receta + etapa + fecha
2183,Casa 4,5.0,19269.9,Reconstrucción analítica,Alta,Balance receta + etapa + fecha
2227,Casa 4,1.0,3853.94,Reconstrucción analítica,Alta,Balance receta + etapa + fecha
861,Casa 1,0.5,1227.875,Reconstrucción analítica,Baja,Balance receta + etapa + fecha
861,Casa 2,0.5,1227.875,Reconstrucción analítica,Media,Balance receta + etapa + fecha
861,Casa 3,0.5,1227.875,Reconstrucción analítica,Baja,Balance receta + etapa + fecha
861,Casa 4,0.5,1227.875,Reconstrucción analítica,Baja,Balance receta + etapa + fecha
879,Casa 1,0.25,2364.6025,Reconstrucción analítica,Baja,Balance receta + etapa + fecha
879,Casa 2,0.25,2364.6025,Reconstrucción analítica,Media,Balance receta + etapa + fecha
879,Casa 3,0.25,2364.6025,Reconstrucción analítica,Baja,Balance receta + etapa + fecha
879,Casa 4,0.25,2364.6025,Reconstrucción analítica,Baja,Balance receta + etapa + fecha
894,Casa 1,0.25,3586.9475,Reconstrucción analítica,Baja,Balance receta + etapa + fecha
894,Casa 2,0.25,3586.9475,Reconstrucción analítica,Media,Balance receta + etapa + fecha
894,Casa 3,0.25,3586.9475,Reconstrucción analítica,Media,Balance receta + etapa + fecha
894,Casa 4,0.25,3586.9475,Reconstrucción analítica,Baja,Balance receta + etapa + fecha
902,Casa 1,3.0,10380.539999999999,Reconstrucción analítica,Baja,Balance receta + etapa + fecha
902,Casa 2,3.0,10380.539999999999,Reconstrucción analítica,Baja,Balance receta + etapa + fecha
902,Casa 3,3.0,10380.539999999999,Reconstrucción analítica,Media,Balance receta + etapa + fecha
902,Casa 4,3.0,10380.539999999999,Reconstrucción analítica,Baja,Balance receta + etapa + fecha
916,Casa 1,109.0,21221.21,Reconstrucción analítica,Media,Balance receta + etapa + fecha; Casa 4 excluida: muebles melamina pendiente
933,Casa 1,311.6666666666667,60678.38333333334,Reconstrucción analítica,Baja,Balance receta + etapa + fecha; Casa 4 excluida: muebles melamina pendiente
933,Casa 2,95.33333333333337,18560.446666666674,Reconstrucción analítica,Media,Balance receta + etapa + fecha; Casa 4 excluida: muebles melamina pendiente
1989,Casa 2,162.0,17776.260000000002,Reconstrucción analítica,Baja,Balance receta + etapa + fecha; Casa 4 excluida: muebles melamina pendiente
1990,Casa 3,64.0,20672.64,Reconstrucción analítica,Media,Balance receta + etapa + fecha; Casa 4 excluida: muebles melamina pendiente
1991,Casa 2,163.33333333333331,31799.36666666666,Reconstrucción analítica,Baja,Balance receta + etapa + fecha; Casa 4 excluida: muebles melamina pendiente
1991,Casa 3,341.6666666666667,66519.08333333334,Reconstrucción analítica,Media,Balance receta + etapa + fecha; Casa 4 excluida: muebles melamina pendiente
2175,Casa 3,15.0,1645.95,Reconstrucción analítica,Baja,Balance receta + etapa + fecha; Casa 4 excluida: muebles melamina pendiente
924,Casa 1,2.25,9657.09,Reconstrucción analítica,Baja,Balance receta + etapa + fecha
924,Casa 2,1.75,7511.07,Reconstrucción analítica,Baja,Balance receta + etapa + fecha
1863,Casa 2,0.5,2538.0549999999994,Reconstrucción analítica,Baja,Balance receta + etapa + fecha
1863,Casa 3,2.25,11421.247499999998,Reconstrucción analítica,Baja,Balance receta + etapa + fecha
1863,Casa 4,0.25,1269.0274999999997,Reconstrucción analítica,Media,Balance receta + etapa + fecha
2110,Casa 4,2.0,10444.24,Reconstrucción analítica,Alta,Balance receta + etapa + fecha
941,Casa 1,0.25,467.035,Reconstrucción analítica,Baja,Balance receta + etapa + fecha
941,Casa 2,0.25,467.035,Reconstrucción analítica,Media,Balance receta + etapa + fecha
941,Casa 3,0.25,467.035,Reconstrucción analítica,Media,Balance receta + etapa + fecha
941,Casa 4,0.25,467.035,Reconstrucción analítica,Baja,Balance receta + etapa + fecha
945,Casa 1,0.25,1204.8675,Reconstrucción analítica,Baja,Balance receta + etapa + fecha
945,Casa 2,0.25,1204.8675,Reconstrucción analítica,Baja,Balance receta + etapa + fecha
945,Casa 3,0.25,1204.8675,Reconstrucción analítica,Media,Balance receta + etapa + fecha
945,Casa 4,0.25,1204.8675,Reconstrucción analítica,Baja,Balance receta + etapa + fecha
962,Casa 1,0.5,384.955,Reconstrucción analítica,Baja,Balance receta + etapa + fecha
962,Casa 2,0.5,384.955,Reconstrucción analítica,Baja,Balance receta + etapa + fecha
962,Casa 3,0.5,384.955,Reconstrucción analítica,Media,Balance receta + etapa + fecha
962,Casa 4,0.5,384.955,Reconstrucción analítica,Baja,Balance receta + etapa + fecha
965,Casa 1,0.25,139.16,Reconstrucción analítica,Baja,Balance receta + etapa + fecha
965,Casa 2,0.25,139.16,Reconstrucción analítica,Baja,Balance receta + etapa + fecha
965,Casa 3,0.25,139.16,Reconstrucción analítica,Media,Balance receta + etapa + fecha
965,Casa 4,0.25,139.16,Reconstrucción analítica,Baja,Balance receta + etapa + fecha
966,Casa 1,0.25,800.4425,Reconstrucción analítica,Baja,Balance receta + etapa + fecha
966,Casa 2,0.25,800.4425,Reconstrucción analítica,Baja,Balance receta + etapa + fecha
966,Casa 3,0.25,800.4425,Reconstrucción analítica,Media,Balance receta + etapa + fecha
966,Casa 4,0.25,800.4425,Reconstrucción analítica,Baja,Balance receta + etapa + fecha
971,Casa 1,0.25,1160.84,Reconstrucción analítica,Baja,Balance receta + etapa + fecha
971,Casa 2,0.25,1160.84,Reconstrucción analítica,Media,Balance receta + etapa + fecha
971,Casa 3,0.25,1160.84,Reconstrucción analítica,Baja,Balance receta + etapa + fecha
971,Casa 4,0.25,1160.84,Reconstrucción analítica,Baja,Balance receta + etapa + fecha
981,Casa 1,0.25,492.4775,Reconstrucción analítica,Baja,Balance receta + etapa + fecha
981,Casa 2,0.25,492.4775,Reconstrucción analítica,Baja,Balance receta + etapa + fecha
981,Casa 3,0.25,492.4775,Reconstrucción analítica,Media,Balance receta + etapa + fecha
981,Casa 4,0.25,492.4775,Reconstrucción analítica,Baja,Balance receta + etapa + fecha
985,Casa 1,1.25,283.1875,Reconstrucción analítica,Baja,Balance receta + etapa + fecha
985,Casa 2,0.75,169.91250000000002,Reconstrucción analítica,Baja,Balance receta + etapa + fecha
1009,Casa 2,0.5,113.275,Reconstrucción analítica,Baja,Balance receta + etapa + fecha
1009,Casa 3,0.5,113.275,Reconstrucción analítica,Media,Balance receta + etapa + fecha
1091,Casa 3,0.75,169.91250000000002,Reconstrucción analítica,Media,Balance receta + etapa + fecha
1091,Casa 4,0.25,56.6375,Reconstrucción analítica,Baja,Balance receta + etapa + fecha
1329,Casa 4,1.0,226.55,Reconstrucción analítica,Baja,Balance receta + etapa + fecha
987,Casa 1,0.25,309.2925,Reconstrucción analítica,Baja,Balance receta + etapa + fecha
987,Casa 2,0.25,309.2925,Reconstrucción analítica,Baja,Balance receta + etapa + fecha
987,Casa 3,0.25,309.2925,Reconstrucción analítica,Media,Balance receta + etapa + fecha
987,Casa 4,0.25,309.2925,Reconstrucción analítica,Baja,Balance receta + etapa + fecha
990,Casa 1,1.0,984.96,Reconstrucción analítica,Baja,Balance receta + etapa + fecha
1006,Casa 1,0.5,492.48,Reconstrucción analítica,Baja,Balance receta + etapa + fecha
1006,Casa 2,1.5,1477.44,Reconstrucción analítica,Baja,Balance receta + etapa + fecha
1006,Casa 3,0.5,492.48,Reconstrucción analítica,Media,Balance receta + etapa + fecha
1006,Casa 4,1.5,1477.44,Reconstrucción analítica,Baja,Balance receta + etapa + fecha
1012,Casa 3,1.0,984.96,Reconstrucción analítica,Media,Balance receta + etapa + fecha
991,Casa 1,0.25,1088.275,Reconstrucción analítica,Baja,Balance receta + etapa + fecha
991,Casa 2,0.25,1088.275,Reconstrucción analítica,Baja,Balance receta + etapa + fecha
991,Casa 3,0.25,1088.275,Reconstrucción analítica,Media,Balance receta + etapa + fecha
991,Casa 4,0.25,1088.275,Reconstrucción analítica,Baja,Balance receta + etapa + fecha
999,Casa 1,0.25,1155.31,Reconstrucción analítica,Baja,Balance receta + etapa + fecha
999,Casa 2,0.25,1155.31,Reconstrucción analítica,Baja,Balance receta + etapa + fecha
999,Casa 3,0.25,1155.31,Reconstrucción analítica,Media,Balance receta + etapa + fecha
999,Casa 4,0.25,1155.31,Reconstrucción analítica,Baja,Balance receta + etapa + fecha
1001,Casa 1,0.5,295.575,Reconstrucción analítica,Baja,Balance receta + etapa + fecha
1001,Casa 2,0.5,295.575,Reconstrucción analítica,Baja,Balance receta + etapa + fecha
1001,Casa 3,0.5,295.575,Reconstrucción analítica,Media,Balance receta + etapa + fecha
1001,Casa 4,0.5,295.575,Reconstrucción analítica,Baja,Balance receta + etapa + fecha
1017,Casa 1,0.75,287.3925,Reconstrucción analítica,Baja,Balance receta + etapa + fecha
1017,Casa 2,0.75,287.3925,Reconstrucción analítica,Baja,Balance receta + etapa + fecha
1017,Casa 3,0.75,287.3925,Reconstrucción analítica,Media,Balance receta + etapa + fecha
1017,Casa 4,0.75,287.3925,Reconstrucción analítica,Baja,Balance receta + etapa + fecha
1026,Casa 1,0.25,725.22,Reconstrucción analítica,Baja,Balance receta + etapa + fecha
1026,Casa 2,0.25,725.22,Reconstrucción analítica,Baja,Balance receta + etapa + fecha
1026,Casa 3,0.25,725.22,Reconstrucción analítica,Media,Balance receta + etapa + fecha
1026,Casa 4,0.25,725.22,Reconstrucción analítica,Baja,Balance receta + etapa + fecha
1031,Casa 1,0.25,81.8575,Reconstrucción analítica,Baja,Balance receta + etapa + fecha
1031,Casa 2,0.25,81.8575,Reconstrucción analítica,Baja,Balance receta + etapa + fecha
1031,Casa 3,0.25,81.8575,Reconstrucción analítica,Media,Balance receta + etapa + fecha
1031,Casa 4,0.25,81.8575,Reconstrucción analítica,Baja,Balance receta + etapa + fecha
1032,Casa 1,0.25,214.38,Reconstrucción analítica,Baja,Balance receta + etapa + fecha
1032,Casa 2,0.25,214.38,Reconstrucción analítica,Baja,Balance receta + etapa + fecha
1032,Casa 3,0.25,214.38,Reconstrucción analítica,Media,Balance receta + etapa + fecha
1032,Casa 4,0.25,214.38,Reconstrucción analítica,Baja,Balance receta + etapa + fecha
1038,Casa 1,0.5,307.52,Reconstrucción analítica,Baja,Balance receta + etapa + fecha
1038,Casa 2,0.5,307.52,Reconstrucción analítica,Baja,Balance receta + etapa + fecha
1650,Casa 3,0.5,307.52,Reconstrucción analítica,Media,Balance receta + etapa + fecha
1650,Casa 4,0.5,307.52,Reconstrucción analítica,Baja,Balance receta + etapa + fecha
1039,Casa 1,0.25,675.0,Reconstrucción analítica,Baja,Balance receta + etapa + fecha
1039,Casa 2,0.25,675.0,Reconstrucción analítica,Baja,Balance receta + etapa + fecha
1039,Casa 3,0.25,675.0,Reconstrucción analítica,Media,Balance receta + etapa + fecha
1039,Casa 4,0.25,675.0,Reconstrucción analítica,Baja,Balance receta + etapa + fecha
1040,Casa 1,0.5,439.38,Reconstrucción analítica,Baja,Balance receta + etapa + fecha
1040,Casa 2,0.5,439.38,Reconstrucción analítica,Baja,Balance receta + etapa + fecha
1040,Casa 3,0.5,439.38,Reconstrucción analítica,Media,Balance receta + etapa + fecha
1040,Casa 4,0.5,439.38,Reconstrucción analítica,Baja,Balance receta + etapa + fecha
1041,Casa 1,2.0,1520.36,Reconstrucción analítica,Baja,Balance receta + etapa + fecha
2083,Casa 2,2.0,1263.72,Reconstrucción analítica,Baja,Balance receta + etapa + fecha
2083,Casa 3,2.0,1263.72,Reconstrucción analítica,Baja,Balance receta + etapa + fecha
2167,Casa 4,2.0,1224.78,Reconstrucción analítica,Alta,Balance receta + etapa + fecha
1050,Casa 1,0.25,392.7,Reconstrucción analítica,Baja,Balance receta + etapa + fecha
1050,Casa 2,0.25,392.7,Reconstrucción analítica,Baja,Balance receta + etapa + fecha
1050,Casa 3,0.25,392.7,Reconstrucción analítica,Media,Balance receta + etapa + fecha
1050,Casa 4,0.25,392.7,Reconstrucción analítica,Baja,Balance receta + etapa + fecha
1052,Casa 1,0.75,2186.9474999999998,Reconstrucción analítica,Baja,Balance receta + etapa + fecha
1052,Casa 2,0.25,728.9825,Reconstrucción analítica,Baja,Balance receta + etapa + fecha
1344,Casa 2,0.5,876.99,Reconstrucción analítica,Baja,Balance receta + etapa + fecha
1344,Casa 3,0.5,876.99,Reconstrucción analítica,Media,Balance receta + etapa + fecha
2070,Casa 3,0.25,456.195,Reconstrucción analítica,Baja,Balance receta + etapa + fecha
2070,Casa 4,0.75,1368.585,Reconstrucción analítica,Media,Balance receta + etapa + fecha
1053,Casa 1,0.5,485.84,Reconstrucción analítica,Baja,Balance receta + etapa + fecha
1053,Casa 2,0.5,485.84,Reconstrucción analítica,Baja,Balance receta + etapa + fecha
1053,Casa 3,0.5,485.84,Reconstrucción analítica,Media,Balance receta + etapa + fecha
1053,Casa 4,0.5,485.84,Reconstrucción analítica,Baja,Balance receta + etapa + fecha
1064,Casa 1,0.5,25046.46,Reconstrucción analítica,Baja,Balance receta + etapa + fecha
1064,Casa 2,0.5,25046.46,Reconstrucción analítica,Media,Balance receta + etapa + fecha
2062,Casa 3,0.5,25216.815,Reconstrucción analítica,Baja,Balance receta + etapa + fecha
2062,Casa 4,0.5,25216.815,Reconstrucción analítica,Media,Balance receta + etapa + fecha
1069,Casa 1,0.5,4320.355,Reconstrucción analítica,Baja,Balance receta + etapa + fecha
1069,Casa 2,0.5,4320.355,Reconstrucción analítica,Baja,Balance receta + etapa + fecha
1069,Casa 3,0.5,4320.355,Reconstrucción analítica,Media,Balance receta + etapa + fecha
1069,Casa 4,0.5,4320.355,Reconstrucción analítica,Baja,Balance receta + etapa + fecha
1070,Casa 1,0.25,1736.725,Reconstrucción analítica,Baja,Balance receta + etapa + fecha
1070,Casa 2,0.25,1736.725,Reconstrucción analítica,Baja,Balance receta + etapa + fecha
1070,Casa 3,0.25,1736.725,Reconstrucción analítica,Media,Balance receta + etapa + fecha
1070,Casa 4,0.25,1736.725,Reconstrucción analítica,Baja,Balance receta + etapa + fecha
1088,Casa 1,0.75,1028.76,Reconstrucción analítica,Baja,Balance receta + etapa + fecha
1088,Casa 2,0.75,1028.76,Reconstrucción analítica,Baja,Balance receta + etapa + fecha
1088,Casa 3,0.75,1028.76,Reconstrucción analítica,Media,Balance receta + etapa + fecha
1088,Casa 4,0.75,1028.76,Reconstrucción analítica,Baja,Balance receta + etapa + fecha
1089,Casa 1,0.25,1537.61,Reconstrucción analítica,Baja,Balance receta + etapa + fecha
1089,Casa 2,0.25,1537.61,Reconstrucción analítica,Baja,Balance receta + etapa + fecha
1089,Casa 3,0.25,1537.61,Reconstrucción analítica,Media,Balance receta + etapa + fecha
1089,Casa 4,0.25,1537.61,Reconstrucción analítica,Baja,Balance receta + etapa + fecha
1090,Casa 1,0.75,195.135,Reconstrucción analítica,Baja,Balance receta + etapa + fecha
1090,Casa 2,0.75,195.135,Reconstrucción analítica,Baja,Balance receta + etapa + fecha
1090,Casa 3,0.75,195.135,Reconstrucción analítica,Media,Balance receta + etapa + fecha
1090,Casa 4,0.75,195.135,Reconstrucción analítica,Baja,Balance receta + etapa + fecha
1094,Casa 1,0.5,438.055,Reconstrucción analítica,Baja,Balance receta + etapa + fecha
1094,Casa 2,0.5,438.055,Reconstrucción analítica,Baja,Balance receta + etapa + fecha
1334,Casa 3,0.5,411.505,Reconstrucción analítica,Media,Balance receta + etapa + fecha
1334,Casa 4,0.5,411.505,Reconstrucción analítica,Baja,Balance receta + etapa + fecha
1095,Casa 1,0.25,635.84,Reconstrucción analítica,Baja,Balance receta + etapa + fecha
1095,Casa 2,0.25,635.84,Reconstrucción analítica,Baja,Balance receta + etapa + fecha
1095,Casa 3,0.25,635.84,Reconstrucción analítica,Media,Balance receta + etapa + fecha
1095,Casa 4,0.25,635.84,Reconstrucción analítica,Baja,Balance receta + etapa + fecha
1106,Casa 1,0.25,262.1675,Reconstrucción analítica,Baja,Balance receta + etapa + fecha
1106,Casa 2,0.25,262.1675,Reconstrucción analítica,Baja,Balance receta + etapa + fecha
1106,Casa 3,0.25,262.1675,Reconstrucción analítica,Media,Balance receta + etapa + fecha
1106,Casa 4,0.25,262.1675,Reconstrucción analítica,Baja,Balance receta + etapa + fecha
1109,Casa 1,1.0,358.41,Reconstrucción analítica,Baja,Balance receta + etapa + fecha
2075,Casa 1,0.25,77.655,Reconstrucción analítica,Baja,Balance receta + etapa + fecha
2075,Casa 2,1.25,388.275,Reconstrucción analítica,Baja,Balance receta + etapa + fecha
2075,Casa 3,1.25,388.275,Reconstrucción analítica,Baja,Balance receta + etapa + fecha
2075,Casa 4,1.25,388.275,Reconstrucción analítica,Media,Balance receta + etapa + fecha
1112,Casa 2,6.0,16162.86,Reconstrucción analítica,Baja,Balance receta + etapa + fecha
1112,Casa 3,2.0,5387.62,Reconstrucción analítica,Media,Balance receta + etapa + fecha
1124,Casa 1,6.0,16162.86,Reconstrucción analítica,Baja,Balance receta + etapa + fecha
1124,Casa 3,2.0,5387.62,Reconstrucción analítica,Media,Balance receta + etapa + fecha
1169,Casa 3,2.0,5387.62,Reconstrucción analítica,Media,Balance receta + etapa + fecha
1169,Casa 4,6.0,16162.86,Reconstrucción analítica,Baja,Balance receta + etapa + fecha
1113,Casa 1,20.0,17168.2,Reconstrucción analítica,Baja,Balance receta + etapa + fecha
1127,Casa 1,20.0,17168.2,Reconstrucción analítica,Baja,Balance receta + etapa + fecha
1196,Casa 1,10.0,8584.1,Reconstrucción analítica,Baja,Balance receta + etapa + fecha
1382,Casa 2,15.0,1407.15,Reconstrucción analítica,Baja,Balance receta + etapa + fecha
1385,Casa 1,3.0,3998.2200000000003,Reconstrucción analítica,Baja,Balance receta + etapa + fecha
1386,Casa 1,2.75,2321.6875,Reconstrucción analítica,Baja,Balance receta + etapa + fecha
1386,Casa 2,12.25,10342.0625,Reconstrucción analítica,Baja,Balance receta + etapa + fecha
1418,Casa 1,10.0,8584.1,Reconstrucción analítica,Baja,Balance receta + etapa + fecha
1423,Casa 2,2.0,2665.48,Reconstrucción analítica,Baja,Balance receta + etapa + fecha
1428,Casa 1,2.0,4800.0,Reconstrucción analítica,Baja,Balance receta + etapa + fecha
1435,Casa 2,8.0,47575.2,Reconstrucción analítica,Baja,Balance receta + etapa + fecha
1436,Casa 2,10.0,13318.599999999999,Reconstrucción analítica,Baja,Balance receta + etapa + fecha
1447,Casa 2,15.0,16314.149999999998,Reconstrucción analítica,Baja,Balance receta + etapa + fecha
1490,Casa 2,8.0,10449.52,Reconstrucción analítica,Baja,Balance receta + etapa + fecha
1525,Casa 1,0.5,419.91,Reconstrucción analítica,Baja,Balance receta + etapa + fecha
1525,Casa 3,14.5,12177.390000000001,Reconstrucción analítica,Media,Balance receta + etapa + fecha
1526,Casa 1,2.0,2612.38,Reconstrucción analítica,Baja,Balance receta + etapa + fecha
1564,Casa 3,2.0,1679.64,Reconstrucción analítica,Media,Balance receta + etapa + fecha
1761,Casa 3,6.0,8256.66,Reconstrucción analítica,Baja,Balance receta + etapa + fecha
1762,Casa 3,18.0,15976.98,Reconstrucción analítica,Baja,Balance receta + etapa + fecha
1824,Casa 3,10.0,8982.3,Reconstrucción analítica,Baja,Balance receta + etapa + fecha
1837,Casa 3,10.0,9646.0,Reconstrucción analítica,Baja,Balance receta + etapa + fecha
1890,Casa 3,5.0,25805.300000000003,Reconstrucción analítica,Baja,Balance receta + etapa + fecha
1899,Casa 4,2.0,4223.0,Reconstrucción analítica,Alta,Balance receta + etapa + fecha
1908,Casa 4,10.0,10336.300000000001,Reconstrucción analítica,Alta,Balance receta + etapa + fecha
1909,Casa 3,4.75,7608.4075,Reconstrucción analítica,Baja,Balance receta + etapa + fecha
1909,Casa 4,3.25,5205.7525,Reconstrucción analítica,Media,Balance receta + etapa + fecha
1929,Casa 4,20.0,2247.8,Reconstrucción analítica,Alta,Balance receta + etapa + fecha
1937,Casa 4,20.0,20672.600000000002,Reconstrucción analítica,Alta,Balance receta + etapa + fecha
1938,Casa 4,8.0,12814.16,Reconstrucción analítica,Alta,Balance receta + etapa + fecha
1977,Casa 4,4.0,6407.08,Reconstrucción analítica,Alta,Balance receta + etapa + fecha
1978,Casa 4,3.0,15483.18,Reconstrucción analítica,Alta,Balance receta + etapa + fecha
1138,Casa 1,0.25,1293.1425,Reconstrucción analítica,Baja,Balance receta + etapa + fecha
1138,Casa 2,0.25,1293.1425,Reconstrucción analítica,Media,Balance receta + etapa + fecha
1138,Casa 3,0.25,1293.1425,Reconstrucción analítica,Baja,Balance receta + etapa + fecha
1138,Casa 4,0.25,1293.1425,Reconstrucción analítica,Baja,Balance receta + etapa + fecha
1142,Casa 1,0.25,225.4425,Reconstrucción analítica,Baja,Balance receta + etapa + fecha
1142,Casa 2,0.25,225.4425,Reconstrucción analítica,Baja,Balance receta + etapa + fecha
1142,Casa 3,0.25,225.4425,Reconstrucción analítica,Media,Balance receta + etapa + fecha
1142,Casa 4,0.25,225.4425,Reconstrucción analítica,Baja,Balance receta + etapa + fecha
1143,Casa 1,0.25,634.2925,Reconstrucción analítica,Baja,Balance receta + etapa + fecha
1143,Casa 2,0.25,634.2925,Reconstrucción analítica,Baja,Balance receta + etapa + fecha
1143,Casa 3,0.25,634.2925,Reconstrucción analítica,Media,Balance receta + etapa + fecha
1143,Casa 4,0.25,634.2925,Reconstrucción analítica,Baja,Balance receta + etapa + fecha
1145,Casa 1,0.5,4729.205,Reconstrucción analítica,Baja,Balance receta + etapa + fecha
1145,Casa 2,0.5,4729.205,Reconstrucción analítica,Baja,Balance receta + etapa + fecha
1809,Casa 3,0.5,4729.205,Reconstrucción analítica,Baja,Balance receta + etapa + fecha
1809,Casa 4,0.5,4729.205,Reconstrucción analítica,Media,Balance receta + etapa + fecha
1152,Casa 1,2.0,29720.36,Reconstrucción analítica,Baja,Balance receta + etapa + fecha
1152,Casa 2,1.0,14860.18,Reconstrucción analítica,Baja,Balance receta + etapa + fecha
1153,Casa 2,1.0,14860.18,Reconstrucción analítica,Baja,Balance receta + etapa + fecha
1153,Casa 3,2.0,29720.36,Reconstrucción analítica,Media,Balance receta + etapa + fecha
1155,Casa 1,0.25,2864.6025,Reconstrucción analítica,Baja,Balance receta + etapa + fecha
1155,Casa 2,0.25,2864.6025,Reconstrucción analítica,Baja,Balance receta + etapa + fecha
1155,Casa 3,0.25,2864.6025,Reconstrucción analítica,Media,Balance receta + etapa + fecha
1155,Casa 4,0.25,2864.6025,Reconstrucción analítica,Baja,Balance receta + etapa + fecha
1156,Casa 1,0.25,605.53,Reconstrucción analítica,Baja,Balance receta + etapa + fecha
1156,Casa 2,0.25,605.53,Reconstrucción analítica,Baja,Balance receta + etapa + fecha
1156,Casa 3,0.25,605.53,Reconstrucción analítica,Media,Balance receta + etapa + fecha
1156,Casa 4,0.25,605.53,Reconstrucción analítica,Baja,Balance receta + etapa + fecha
1161,Casa 1,0.25,202.655,Reconstrucción analítica,Baja,Balance receta + etapa + fecha
1161,Casa 2,0.25,202.655,Reconstrucción analítica,Baja,Balance receta + etapa + fecha
1161,Casa 3,0.25,202.655,Reconstrucción analítica,Media,Balance receta + etapa + fecha
1161,Casa 4,0.25,202.655,Reconstrucción analítica,Baja,Balance receta + etapa + fecha
1163,Casa 1,0.25,110.62,Reconstrucción analítica,Baja,Balance receta + etapa + fecha
1163,Casa 2,0.25,110.62,Reconstrucción analítica,Baja,Balance receta + etapa + fecha
1163,Casa 3,0.25,110.62,Reconstrucción analítica,Media,Balance receta + etapa + fecha
1163,Casa 4,0.25,110.62,Reconstrucción analítica,Baja,Balance receta + etapa + fecha
1172,Casa 1,0.25,792.7,Reconstrucción analítica,Baja,Balance receta + etapa + fecha
1172,Casa 2,0.25,792.7,Reconstrucción analítica,Baja,Balance receta + etapa + fecha
1172,Casa 3,0.25,792.7,Reconstrucción analítica,Media,Balance receta + etapa + fecha
1172,Casa 4,0.25,792.7,Reconstrucción analítica,Baja,Balance receta + etapa + fecha
1173,Casa 1,0.5,1444.25,Reconstrucción analítica,Baja,Balance receta + etapa + fecha
1173,Casa 2,0.5,1444.25,Reconstrucción analítica,Baja,Balance receta + etapa + fecha
1173,Casa 3,0.5,1444.25,Reconstrucción analítica,Media,Balance receta + etapa + fecha
1173,Casa 4,0.5,1444.25,Reconstrucción analítica,Baja,Balance receta + etapa + fecha
1181,Casa 1,1.3333333333333333,3043.0666666666666,Reconstrucción analítica,Baja,Balance receta + etapa + fecha
1181,Casa 2,1.3333333333333333,3043.0666666666666,Reconstrucción analítica,Baja,Balance receta + etapa + fecha
1181,Casa 3,1.3333333333333333,3043.0666666666666,Reconstrucción analítica,Media,Balance receta + etapa + fecha
1184,Casa 1,0.5,3936.285,Reconstrucción analítica,Baja,Balance receta + etapa + fecha
1184,Casa 2,0.5,3936.285,Reconstrucción analítica,Baja,Balance receta + etapa + fecha
1184,Casa 3,0.5,3936.285,Reconstrucción analítica,Media,Balance receta + etapa + fecha
1184,Casa 4,0.5,3936.285,Reconstrucción analítica,Baja,Balance receta + etapa + fecha
1187,Casa 1,0.25,463.495,Reconstrucción analítica,Baja,Balance receta + etapa + fecha
1187,Casa 2,0.25,463.495,Reconstrucción analítica,Baja,Balance receta + etapa + fecha
1187,Casa 3,0.25,463.495,Reconstrucción analítica,Media,Balance receta + etapa + fecha
1187,Casa 4,0.25,463.495,Reconstrucción analítica,Baja,Balance receta + etapa + fecha
1190,Casa 1,0.75,398.2275,Reconstrucción analítica,Baja,Balance receta + etapa + fecha
1190,Casa 2,0.25,132.7425,Reconstrucción analítica,Baja,Balance receta + etapa + fecha
1696,Casa 2,0.5,265.485,Reconstrucción analítica,Baja,Balance receta + etapa + fecha
1696,Casa 3,0.5,265.485,Reconstrucción analítica,Media,Balance receta + etapa + fecha
2232,Casa 3,0.25,132.7425,Reconstrucción analítica,Baja,Balance receta + etapa + fecha
2232,Casa 4,0.75,398.2275,Reconstrucción analítica,Media,Balance receta + etapa + fecha
1191,Casa 1,0.25,109.5125,Reconstrucción analítica,Baja,Balance receta + etapa + fecha
1191,Casa 2,0.25,109.5125,Reconstrucción analítica,Baja,Balance receta + etapa + fecha
1191,Casa 3,0.25,109.5125,Reconstrucción analítica,Media,Balance receta + etapa + fecha
1191,Casa 4,0.25,109.5125,Reconstrucción analítica,Baja,Balance receta + etapa + fecha
1193,Casa 1,0.25,4534.07,Reconstrucción analítica,Baja,Balance receta + etapa + fecha
1193,Casa 2,0.25,4534.07,Reconstrucción analítica,Baja,Balance receta + etapa + fecha
1193,Casa 3,0.25,4534.07,Reconstrucción analítica,Media,Balance receta + etapa + fecha
1193,Casa 4,0.25,4534.07,Reconstrucción analítica,Baja,Balance receta + etapa + fecha
1199,Casa 1,0.75,1423.6725000000001,Reconstrucción analítica,Baja,Balance receta + etapa + fecha
1199,Casa 2,0.75,1423.6725000000001,Reconstrucción analítica,Baja,Balance receta + etapa + fecha
1199,Casa 3,0.75,1423.6725000000001,Reconstrucción analítica,Media,Balance receta + etapa + fecha
1199,Casa 4,0.75,1423.6725000000001,Reconstrucción analítica,Baja,Balance receta + etapa + fecha
1200,Casa 1,0.25,661.0625,Reconstrucción analítica,Baja,Balance receta + etapa + fecha
1200,Casa 2,0.25,661.0625,Reconstrucción analítica,Baja,Balance receta + etapa + fecha
1200,Casa 3,0.25,661.0625,Reconstrucción analítica,Media,Balance receta + etapa + fecha
1200,Casa 4,0.25,661.0625,Reconstrucción analítica,Baja,Balance receta + etapa + fecha
1202,Casa 1,0.75,2299.1175,Reconstrucción analítica,Baja,Balance receta + etapa + fecha
1202,Casa 2,0.75,2299.1175,Reconstrucción analítica,Baja,Balance receta + etapa + fecha
1202,Casa 3,0.5,1532.745,Reconstrucción analítica,Media,Balance receta + etapa + fecha
2035,Casa 3,0.25,1730.7525,Reconstrucción analítica,Baja,Balance receta + etapa + fecha
2035,Casa 4,0.75,5192.2575,Reconstrucción analítica,Media,Balance receta + etapa + fecha
1204,Casa 1,0.25,11864.16,Reconstrucción analítica,Baja,Balance receta + etapa + fecha
1204,Casa 2,0.25,11864.16,Reconstrucción analítica,Baja,Balance receta + etapa + fecha
1204,Casa 3,0.25,11864.16,Reconstrucción analítica,Media,Balance receta + etapa + fecha
1204,Casa 4,0.25,11864.16,Reconstrucción analítica,Baja,Balance receta + etapa + fecha
1206,Casa 1,0.25,279.8675,Reconstrucción analítica,Baja,Balance receta + etapa + fecha
1206,Casa 2,0.25,279.8675,Reconstrucción analítica,Baja,Balance receta + etapa + fecha
1206,Casa 3,0.25,279.8675,Reconstrucción analítica,Media,Balance receta + etapa + fecha
1206,Casa 4,0.25,279.8675,Reconstrucción analítica,Baja,Balance receta + etapa + fecha
1208,Casa 1,0.5,184.955,Reconstrucción analítica,Baja,Balance receta + etapa + fecha
1208,Casa 2,0.5,184.955,Reconstrucción analítica,Baja,Balance receta + etapa + fecha
1208,Casa 3,0.5,184.955,Reconstrucción analítica,Media,Balance receta + etapa + fecha
1208,Casa 4,0.5,184.955,Reconstrucción analítica,Baja,Balance receta + etapa + fecha
1209,Casa 1,0.25,101.5475,Reconstrucción analítica,Baja,Balance receta + etapa + fecha
1209,Casa 2,0.25,101.5475,Reconstrucción analítica,Baja,Balance receta + etapa + fecha
1209,Casa 3,0.25,101.5475,Reconstrucción analítica,Media,Balance receta + etapa + fecha
1209,Casa 4,0.25,101.5475,Reconstrucción analítica,Baja,Balance receta + etapa + fecha
1213,Casa 1,0.25,674.3375,Reconstrucción analítica,Baja,Balance receta + etapa + fecha
1213,Casa 2,0.25,674.3375,Reconstrucción analítica,Baja,Balance receta + etapa + fecha
1213,Casa 3,0.25,674.3375,Reconstrucción analítica,Media,Balance receta + etapa + fecha
1213,Casa 4,0.25,674.3375,Reconstrucción analítica,Baja,Balance receta + etapa + fecha
1215,Casa 1,1.0,2573.45,Reconstrucción analítica,Baja,Balance receta + etapa + fecha
1215,Casa 2,1.0,2573.45,Reconstrucción analítica,Baja,Balance receta + etapa + fecha
1215,Casa 3,1.0,2573.45,Reconstrucción analítica,Media,Balance receta + etapa + fecha
1215,Casa 4,1.0,2573.45,Reconstrucción analítica,Baja,Balance receta + etapa + fecha
1216,Casa 1,0.25,369.9125,Reconstrucción analítica,Baja,Balance receta + etapa + fecha
1216,Casa 2,0.25,369.9125,Reconstrucción analítica,Baja,Balance receta + etapa + fecha
1216,Casa 3,0.25,369.9125,Reconstrucción analítica,Media,Balance receta + etapa + fecha
1216,Casa 4,0.25,369.9125,Reconstrucción analítica,Baja,Balance receta + etapa + fecha
1218,Casa 1,0.5,817.255,Reconstrucción analítica,Baja,Balance receta + etapa + fecha
1218,Casa 2,0.5,817.255,Reconstrucción analítica,Baja,Balance receta + etapa + fecha
1218,Casa 3,0.5,817.255,Reconstrucción analítica,Media,Balance receta + etapa + fecha
1218,Casa 4,0.5,817.255,Reconstrucción analítica,Baja,Balance receta + etapa + fecha
1219,Casa 1,0.5,1039.825,Reconstrucción analítica,Baja,Balance receta + etapa + fecha
1219,Casa 2,0.5,1039.825,Reconstrucción analítica,Baja,Balance receta + etapa + fecha
1219,Casa 3,0.5,1039.825,Reconstrucción analítica,Media,Balance receta + etapa + fecha
1219,Casa 4,0.5,1039.825,Reconstrucción analítica,Baja,Balance receta + etapa + fecha
1222,Casa 1,0.25,190.265,Reconstrucción analítica,Baja,Balance receta + etapa + fecha
1222,Casa 2,0.25,190.265,Reconstrucción analítica,Baja,Balance receta + etapa + fecha
1222,Casa 3,0.25,190.265,Reconstrucción analítica,Media,Balance receta + etapa + fecha
1222,Casa 4,0.25,190.265,Reconstrucción analítica,Baja,Balance receta + etapa + fecha
1226,Casa 1,1.25,13507.737500000001,Reconstrucción analítica,Baja,Balance receta + etapa + fecha
1226,Casa 2,0.75,8104.6425,Reconstrucción analítica,Baja,Balance receta + etapa + fecha
1267,Casa 2,0.5,4100.0,Reconstrucción analítica,Baja,Balance receta + etapa + fecha
1267,Casa 3,0.5,4100.0,Reconstrucción analítica,Media,Balance receta + etapa + fecha
2048,Casa 3,0.75,8370.135,Reconstrucción analítica,Baja,Balance receta + etapa + fecha
2048,Casa 4,1.25,13950.225,Reconstrucción analítica,Media,Balance receta + etapa + fecha
1237,Casa 1,0.25,180.0875,Reconstrucción analítica,Baja,Balance receta + etapa + fecha
1237,Casa 2,0.25,180.0875,Reconstrucción analítica,Baja,Balance receta + etapa + fecha
1237,Casa 3,0.25,180.0875,Reconstrucción analítica,Media,Balance receta + etapa + fecha
1237,Casa 4,0.25,180.0875,Reconstrucción analítica,Baja,Balance receta + etapa + fecha
1239,Casa 1,0.25,704.8675,Reconstrucción analítica,Baja,Balance receta + etapa + fecha
1239,Casa 2,0.25,704.8675,Reconstrucción analítica,Baja,Balance receta + etapa + fecha
1239,Casa 3,0.25,704.8675,Reconstrucción analítica,Media,Balance receta + etapa + fecha
1239,Casa 4,0.25,704.8675,Reconstrucción analítica,Baja,Balance receta + etapa + fecha
1240,Casa 1,0.5,333.63,Reconstrucción analítica,Baja,Balance receta + etapa + fecha
1240,Casa 2,0.5,333.63,Reconstrucción analítica,Baja,Balance receta + etapa + fecha
1240,Casa 3,0.5,333.63,Reconstrucción analítica,Media,Balance receta + etapa + fecha
1240,Casa 4,0.5,333.63,Reconstrucción analítica,Baja,Balance receta + etapa + fecha
1241,Casa 1,0.25,186.505,Reconstrucción analítica,Baja,Balance receta + etapa + fecha
1241,Casa 2,0.25,186.505,Reconstrucción analítica,Baja,Balance receta + etapa + fecha
1241,Casa 3,0.25,186.505,Reconstrucción analítica,Media,Balance receta + etapa + fecha
1241,Casa 4,0.25,186.505,Reconstrucción analítica,Baja,Balance receta + etapa + fecha
1249,Casa 1,0.25,238.0525,Reconstrucción analítica,Baja,Balance receta + etapa + fecha
1249,Casa 2,0.25,238.0525,Reconstrucción analítica,Baja,Balance receta + etapa + fecha
1249,Casa 3,0.25,238.0525,Reconstrucción analítica,Media,Balance receta + etapa + fecha
1249,Casa 4,0.25,238.0525,Reconstrucción analítica,Baja,Balance receta + etapa + fecha
1250,Casa 1,0.5,1665.93,Reconstrucción analítica,Baja,Balance receta + etapa + fecha
1250,Casa 2,0.5,1665.93,Reconstrucción analítica,Baja,Balance receta + etapa + fecha
1250,Casa 3,0.5,1665.93,Reconstrucción analítica,Media,Balance receta + etapa + fecha
1250,Casa 4,0.5,1665.93,Reconstrucción analítica,Baja,Balance receta + etapa + fecha
1252,Casa 1,0.25,1260.84,Reconstrucción analítica,Baja,Balance receta + etapa + fecha
1252,Casa 2,0.25,1260.84,Reconstrucción analítica,Baja,Balance receta + etapa + fecha
1252,Casa 3,0.25,1260.84,Reconstrucción analítica,Media,Balance receta + etapa + fecha
1252,Casa 4,0.25,1260.84,Reconstrucción analítica,Baja,Balance receta + etapa + fecha
1261,Casa 1,2.5,2298.675,Reconstrucción analítica,Baja,Balance receta + etapa + fecha
1261,Casa 2,2.5,2298.675,Reconstrucción analítica,Baja,Balance receta + etapa + fecha
1295,Casa 3,2.5,2294.25,Reconstrucción analítica,Media,Balance receta + etapa + fecha
1295,Casa 4,2.5,2294.25,Reconstrucción analítica,Baja,Balance receta + etapa + fecha
1271,Casa 1,0.25,1003.76,Reconstrucción analítica,Baja,Balance receta + etapa + fecha
1271,Casa 2,0.25,1003.76,Reconstrucción analítica,Baja,Balance receta + etapa + fecha
1271,Casa 3,0.25,1003.76,Reconstrucción analítica,Media,Balance receta + etapa + fecha
1271,Casa 4,0.25,1003.76,Reconstrucción analítica,Baja,Balance receta + etapa + fecha
1278,Casa 1,1.75,557.5149999999999,Reconstrucción analítica,Baja,Balance receta + etapa + fecha
1278,Casa 2,1.75,557.5149999999999,Reconstrucción analítica,Baja,Balance receta + etapa + fecha
1278,Casa 3,1.5,477.86999999999995,Reconstrucción analítica,Media,Balance receta + etapa + fecha
1302,Casa 3,0.25,79.645,Reconstrucción analítica,Media,Balance receta + etapa + fecha
1302,Casa 4,1.75,557.515,Reconstrucción analítica,Baja,Balance receta + etapa + fecha
1279,Casa 1,0.25,142.7,Reconstrucción analítica,Baja,Balance receta + etapa + fecha
1279,Casa 2,0.25,142.7,Reconstrucción analítica,Baja,Balance receta + etapa + fecha
1279,Casa 3,0.25,142.7,Reconstrucción analítica,Media,Balance receta + etapa + fecha
1279,Casa 4,0.25,142.7,Reconstrucción analítica,Baja,Balance receta + etapa + fecha
1280,Casa 1,1.0,72815.04,Reconstrucción analítica,Baja,Balance receta + etapa + fecha; Casa 4 excluida: piso/sanitarios pendiente
1293,Casa 1,1.0,50667.26,Reconstrucción analítica,Baja,Balance receta + etapa + fecha; Casa 4 excluida: piso/sanitarios pendiente
1293,Casa 2,1.0,50667.26,Reconstrucción analítica,Baja,Balance receta + etapa + fecha; Casa 4 excluida: piso/sanitarios pendiente
1306,Casa 2,1.0,62414.16,Reconstrucción analítica,Baja,Balance receta + etapa + fecha; Casa 4 excluida: piso/sanitarios pendiente
1316,Casa 2,1.0,63634.51,Reconstrucción analítica,Baja,Balance receta + etapa + fecha; Casa 4 excluida: piso/sanitarios pendiente
1522,Casa 3,2.0,31244.24,Reconstrucción analítica,Alta,Balance receta + etapa + fecha; Casa 4 excluida: piso/sanitarios pendiente
2097,Casa 3,1.0,74778.76,Reconstrucción analítica,Baja,Balance receta + etapa + fecha; Casa 4 excluida: piso/sanitarios pendiente
2306,Casa 1,1.0,14476.99,Reconstrucción analítica,Media,Balance receta + etapa + fecha; Casa 4 excluida: piso/sanitarios pendiente
1296,Casa 1,0.5,109.29,Reconstrucción analítica,Baja,Balance receta + etapa + fecha
1296,Casa 2,0.5,109.29,Reconstrucción analítica,Baja,Balance receta + etapa + fecha
1296,Casa 3,0.5,109.29,Reconstrucción analítica,Media,Balance receta + etapa + fecha
1296,Casa 4,0.5,109.29,Reconstrucción analítica,Baja,Balance receta + etapa + fecha
1304,Casa 1,0.75,232.965,Reconstrucción analítica,Baja,Balance receta + etapa + fecha
1304,Casa 2,0.75,232.965,Reconstrucción analítica,Baja,Balance receta + etapa + fecha
1304,Casa 3,0.75,232.965,Reconstrucción analítica,Media,Balance receta + etapa + fecha
1304,Casa 4,0.75,232.965,Reconstrucción analítica,Baja,Balance receta + etapa + fecha
1313,Casa 1,0.25,64.16,Reconstrucción analítica,Baja,Balance receta + etapa + fecha
1313,Casa 2,0.25,64.16,Reconstrucción analítica,Baja,Balance receta + etapa + fecha
1313,Casa 3,0.25,64.16,Reconstrucción analítica,Media,Balance receta + etapa + fecha
1313,Casa 4,0.25,64.16,Reconstrucción analítica,Baja,Balance receta + etapa + fecha
1330,Casa 1,0.5,1546.46,Reconstrucción analítica,Baja,Balance receta + etapa + fecha
1330,Casa 2,0.5,1546.46,Reconstrucción analítica,Baja,Balance receta + etapa + fecha
1609,Casa 3,0.5,1546.46,Reconstrucción analítica,Media,Balance receta + etapa + fecha
1609,Casa 4,0.5,1546.46,Reconstrucción analítica,Baja,Balance receta + etapa + fecha
1332,Casa 1,0.5,553.095,Reconstrucción analítica,Baja,Balance receta + etapa + fecha
1332,Casa 2,0.5,553.095,Reconstrucción analítica,Baja,Balance receta + etapa + fecha
1332,Casa 3,0.5,553.095,Reconstrucción analítica,Media,Balance receta + etapa + fecha
1332,Casa 4,0.5,553.095,Reconstrucción analítica,Baja,Balance receta + etapa + fecha
1335,Casa 1,0.25,751.105,Reconstrucción analítica,Baja,Balance receta + etapa + fecha
1335,Casa 2,0.25,751.105,Reconstrucción analítica,Baja,Balance receta + etapa + fecha
1335,Casa 3,0.25,751.105,Reconstrucción analítica,Media,Balance receta + etapa + fecha
1335,Casa 4,0.25,751.105,Reconstrucción analítica,Baja,Balance receta + etapa + fecha
1347,Casa 1,0.25,184.07,Reconstrucción analítica,Baja,Balance receta + etapa + fecha
1347,Casa 2,0.25,184.07,Reconstrucción analítica,Baja,Balance receta + etapa + fecha
1347,Casa 3,0.25,184.07,Reconstrucción analítica,Media,Balance receta + etapa + fecha
1347,Casa 4,0.25,184.07,Reconstrucción analítica,Baja,Balance receta + etapa + fecha
1352,Casa 1,0.25,783.85,Reconstrucción analítica,Baja,Balance receta + etapa + fecha
1352,Casa 2,0.25,783.85,Reconstrucción analítica,Baja,Balance receta + etapa + fecha
1352,Casa 3,0.25,783.85,Reconstrucción analítica,Media,Balance receta + etapa + fecha
1352,Casa 4,0.25,783.85,Reconstrucción analítica,Baja,Balance receta + etapa + fecha
1353,Casa 1,0.5,5184.515,Reconstrucción analítica,Baja,Balance receta + etapa + fecha
1353,Casa 2,0.5,5184.515,Reconstrucción analítica,Baja,Balance receta + etapa + fecha
1651,Casa 3,0.5,7684.515,Reconstrucción analítica,Media,Balance receta + etapa + fecha
1651,Casa 4,0.5,7684.515,Reconstrucción analítica,Baja,Balance receta + etapa + fecha
1354,Casa 1,0.25,242.2575,Reconstrucción analítica,Baja,Balance receta + etapa + fecha
1354,Casa 2,0.25,242.2575,Reconstrucción analítica,Baja,Balance receta + etapa + fecha
1354,Casa 3,0.25,242.2575,Reconstrucción analítica,Media,Balance receta + etapa + fecha
1354,Casa 4,0.25,242.2575,Reconstrucción analítica,Baja,Balance receta + etapa + fecha
1373,Casa 1,0.25,375.0,Reconstrucción analítica,Baja,Balance receta + etapa + fecha
1373,Casa 2,0.25,375.0,Reconstrucción analítica,Baja,Balance receta + etapa + fecha
1373,Casa 3,0.25,375.0,Reconstrucción analítica,Media,Balance receta + etapa + fecha
1373,Casa 4,0.25,375.0,Reconstrucción analítica,Baja,Balance receta + etapa + fecha
1388,Casa 1,0.25,991.3725,Reconstrucción analítica,Baja,Balance receta + etapa + fecha
1388,Casa 2,0.25,991.3725,Reconstrucción analítica,Baja,Balance receta + etapa + fecha
1388,Casa 3,0.25,991.3725,Reconstrucción analítica,Media,Balance receta + etapa + fecha
1388,Casa 4,0.25,991.3725,Reconstrucción analítica,Baja,Balance receta + etapa + fecha
1408,Casa 1,0.75,376.98749999999995,Reconstrucción analítica,Baja,Balance receta + etapa + fecha
1408,Casa 2,0.75,376.98749999999995,Reconstrucción analítica,Baja,Balance receta + etapa + fecha
1408,Casa 3,0.75,376.98749999999995,Reconstrucción analítica,Media,Balance receta + etapa + fecha
1408,Casa 4,0.75,376.98749999999995,Reconstrucción analítica,Baja,Balance receta + etapa + fecha
1444,Casa 1,0.25,303.76,Reconstrucción analítica,Baja,Balance receta + etapa + fecha
1444,Casa 2,0.25,303.76,Reconstrucción analítica,Baja,Balance receta + etapa + fecha
1444,Casa 3,0.25,303.76,Reconstrucción analítica,Media,Balance receta + etapa + fecha
1444,Casa 4,0.25,303.76,Reconstrucción analítica,Baja,Balance receta + etapa + fecha
1445,Casa 1,0.25,100.0,Reconstrucción analítica,Baja,Balance receta + etapa + fecha
1445,Casa 2,0.25,100.0,Reconstrucción analítica,Baja,Balance receta + etapa + fecha
1445,Casa 3,0.25,100.0,Reconstrucción analítica,Media,Balance receta + etapa + fecha
1445,Casa 4,0.25,100.0,Reconstrucción analítica,Baja,Balance receta + etapa + fecha
1449,Casa 2,2.0,5019.46,Reconstrucción analítica,Baja,Balance receta + etapa + fecha
1569,Casa 1,2.25,7594.245,Reconstrucción analítica,Baja,Balance receta + etapa + fecha
1569,Casa 2,0.25,843.805,Reconstrucción analítica,Baja,Balance receta + etapa + fecha
1569,Casa 3,2.25,7594.245,Reconstrucción analítica,Media,Balance receta + etapa + fecha
1569,Casa 4,0.25,843.805,Reconstrucción analítica,Media,Balance receta + etapa + fecha
1882,Casa 4,2.0,6805.3,Reconstrucción analítica,Alta,Balance receta + etapa + fecha
1459,Casa 1,0.25,1581.8575,Reconstrucción analítica,Baja,Balance receta + etapa + fecha
1459,Casa 2,0.25,1581.8575,Reconstrucción analítica,Baja,Balance receta + etapa + fecha
1459,Casa 3,0.25,1581.8575,Reconstrucción analítica,Media,Balance receta + etapa + fecha
1459,Casa 4,0.25,1581.8575,Reconstrucción analítica,Baja,Balance receta + etapa + fecha
1461,Casa 2,1.0,14413.27,Reconstrucción analítica,Baja,Balance receta + etapa + fecha
1529,Casa 1,1.0,15094.69,Reconstrucción analítica,Baja,Balance receta + etapa + fecha
1865,Casa 3,1.0,15151.33,Reconstrucción analítica,Baja,Balance receta + etapa + fecha
1865,Casa 4,1.0,15151.33,Reconstrucción analítica,Media,Balance receta + etapa + fecha
1463,Casa 1,0.75,5634.2925000000005,Reconstrucción analítica,Baja,Balance receta + etapa + fecha
1463,Casa 2,0.75,5634.2925000000005,Reconstrucción analítica,Baja,Balance receta + etapa + fecha
1463,Casa 3,0.75,5634.2925000000005,Reconstrucción analítica,Media,Balance receta + etapa + fecha
1463,Casa 4,0.75,5634.2925000000005,Reconstrucción analítica,Baja,Balance receta + etapa + fecha
1466,Casa 1,0.5,1366.37,Reconstrucción analítica,Baja,Balance receta + etapa + fecha
1466,Casa 2,0.5,1366.37,Reconstrucción analítica,Baja,Balance receta + etapa + fecha
1466,Casa 3,0.5,1366.37,Reconstrucción analítica,Media,Balance receta + etapa + fecha
1466,Casa 4,0.5,1366.37,Reconstrucción analítica,Baja,Balance receta + etapa + fecha
1470,Casa 1,0.25,1412.745,Reconstrucción analítica,Baja,Balance receta + etapa + fecha
1470,Casa 2,0.25,1412.745,Reconstrucción analítica,Baja,Balance receta + etapa + fecha
1470,Casa 3,0.25,1412.745,Reconstrucción analítica,Media,Balance receta + etapa + fecha
1470,Casa 4,0.25,1412.745,Reconstrucción analítica,Baja,Balance receta + etapa + fecha
1476,Casa 1,1.0,179.65,Reconstrucción analítica,Baja,Balance receta + etapa + fecha
1476,Casa 2,2.0,359.3,Reconstrucción analítica,Baja,Balance receta + etapa + fecha
1714,Casa 1,1.0,179.65,Reconstrucción analítica,Baja,Balance receta + etapa + fecha
1714,Casa 3,1.0,179.65,Reconstrucción analítica,Media,Balance receta + etapa + fecha
1959,Casa 3,1.0,179.65,Reconstrucción analítica,Baja,Balance receta + etapa + fecha
1959,Casa 4,2.0,359.3,Reconstrucción analítica,Media,Balance receta + etapa + fecha
1520,Casa 1,1.5,242.92499999999998,Reconstrucción analítica,Baja,Balance receta + etapa + fecha
1520,Casa 2,1.5,242.92499999999998,Reconstrucción analítica,Baja,Balance receta + etapa + fecha
1520,Casa 3,1.5,242.92499999999998,Reconstrucción analítica,Media,Balance receta + etapa + fecha
1520,Casa 4,1.5,242.92499999999998,Reconstrucción analítica,Baja,Balance receta + etapa + fecha
1537,Casa 1,0.5,1007.52,Reconstrucción analítica,Baja,Balance receta + etapa + fecha
1537,Casa 2,0.5,1007.52,Reconstrucción analítica,Baja,Balance receta + etapa + fecha
2028,Casa 3,0.5,1086.285,Reconstrucción analítica,Baja,Balance receta + etapa + fecha
2028,Casa 4,0.5,1086.285,Reconstrucción analítica,Media,Balance receta + etapa + fecha
1542,Casa 1,0.25,461.0625,Reconstrucción analítica,Baja,Balance receta + etapa + fecha
1542,Casa 2,0.25,461.0625,Reconstrucción analítica,Baja,Balance receta + etapa + fecha
1542,Casa 3,0.25,461.0625,Reconstrucción analítica,Media,Balance receta + etapa + fecha
1542,Casa 4,0.25,461.0625,Reconstrucción analítica,Baja,Balance receta + etapa + fecha
1547,Casa 1,0.5,949.56,Reconstrucción analítica,Baja,Balance receta + etapa + fecha
1547,Casa 2,0.5,949.56,Reconstrucción analítica,Baja,Balance receta + etapa + fecha
1557,Casa 3,0.5,949.56,Reconstrucción analítica,Media,Balance receta + etapa + fecha
1557,Casa 4,0.5,949.56,Reconstrucción analítica,Baja,Balance receta + etapa + fecha
1550,Casa 1,0.5,1188.055,Reconstrucción analítica,Baja,Balance receta + etapa + fecha
1550,Casa 2,0.5,1188.055,Reconstrucción analítica,Baja,Balance receta + etapa + fecha
1560,Casa 3,0.5,1188.055,Reconstrucción analítica,Media,Balance receta + etapa + fecha
1560,Casa 4,0.5,1188.055,Reconstrucción analítica,Baja,Balance receta + etapa + fecha
1552,Casa 2,0.75,8593.14,Reconstrucción analítica,Baja,Balance receta + etapa + fecha
1552,Casa 3,0.25,2864.38,Reconstrucción analítica,Media,Balance receta + etapa + fecha
1562,Casa 1,0.75,8593.14,Reconstrucción analítica,Baja,Balance receta + etapa + fecha
1562,Casa 3,0.25,2864.38,Reconstrucción analítica,Media,Balance receta + etapa + fecha
1970,Casa 3,0.25,2649.3375,Reconstrucción analítica,Baja,Balance receta + etapa + fecha
1970,Casa 4,0.75,7948.012500000001,Reconstrucción analítica,Media,Balance receta + etapa + fecha
1575,Casa 1,0.75,1243.1399999999999,Reconstrucción analítica,Baja,Balance receta + etapa + fecha
1575,Casa 2,0.75,1243.1399999999999,Reconstrucción analítica,Baja,Balance receta + etapa + fecha
1575,Casa 3,0.5,828.76,Reconstrucción analítica,Media,Balance receta + etapa + fecha
1925,Casa 3,0.25,414.38,Reconstrucción analítica,Baja,Balance receta + etapa + fecha
1925,Casa 4,0.75,1243.1399999999999,Reconstrucción analítica,Media,Balance receta + etapa + fecha
1617,Casa 1,0.75,2423.895,Reconstrucción analítica,Baja,Balance receta + etapa + fecha
1617,Casa 2,0.75,2423.895,Reconstrucción analítica,Baja,Balance receta + etapa + fecha
1617,Casa 3,0.5,1615.93,Reconstrucción analítica,Media,Balance receta + etapa + fecha
2000,Casa 3,0.25,1202.2125,Reconstrucción analítica,Baja,Balance receta + etapa + fecha
2000,Casa 4,0.75,3606.6375000000003,Reconstrucción analítica,Media,Balance receta + etapa + fecha
1621,Casa 1,1.0,12815.04,Reconstrucción analítica,Baja,Balance receta + etapa + fecha
1621,Casa 2,1.0,12815.04,Reconstrucción analítica,Baja,Balance receta + etapa + fecha
2008,Casa 3,1.0,13236.28,Reconstrucción analítica,Baja,Balance receta + etapa + fecha
2008,Casa 4,1.0,13236.28,Reconstrucción analítica,Media,Balance receta + etapa + fecha
1623,Casa 1,0.75,901.3275,Reconstrucción analítica,Baja,Balance receta + etapa + fecha
1623,Casa 2,0.75,901.3275,Reconstrucción analítica,Baja,Balance receta + etapa + fecha
1623,Casa 3,0.5,600.885,Reconstrucción analítica,Media,Balance receta + etapa + fecha
2002,Casa 3,0.25,419.0275,Reconstrucción analítica,Baja,Balance receta + etapa + fecha
2002,Casa 4,0.75,1257.0825,Reconstrucción analítica,Media,Balance receta + etapa + fecha
1631,Casa 2,1.0,1448.67,Reconstrucción analítica,Baja,Balance receta + etapa + fecha
2030,Casa 1,1.0,1500.0,Reconstrucción analítica,Baja,Balance receta + etapa + fecha
2030,Casa 3,1.0,1500.0,Reconstrucción analítica,Baja,Balance receta + etapa + fecha
2236,Casa 4,1.0,2000.0,Reconstrucción analítica,Alta,Balance receta + etapa + fecha
1641,Casa 1,1.0,283.19,Reconstrucción analítica,Baja,Balance receta + etapa + fecha
1641,Casa 2,1.0,283.19,Reconstrucción analítica,Baja,Balance receta + etapa + fecha
1641,Casa 3,1.0,283.19,Reconstrucción analítica,Media,Balance receta + etapa + fecha
1641,Casa 4,1.0,283.19,Reconstrucción analítica,Baja,Balance receta + etapa + fecha
1642,Casa 1,1.0,557.52,Reconstrucción analítica,Baja,Balance receta + etapa + fecha
1642,Casa 2,1.0,557.52,Reconstrucción analítica,Baja,Balance receta + etapa + fecha
1642,Casa 3,1.0,557.52,Reconstrucción analítica,Media,Balance receta + etapa + fecha
1642,Casa 4,1.0,557.52,Reconstrucción analítica,Baja,Balance receta + etapa + fecha
1643,Casa 1,0.25,1130.53,Reconstrucción analítica,Baja,Balance receta + etapa + fecha
1643,Casa 2,0.25,1130.53,Reconstrucción analítica,Baja,Balance receta + etapa + fecha
1643,Casa 3,0.25,1130.53,Reconstrucción analítica,Media,Balance receta + etapa + fecha
1643,Casa 4,0.25,1130.53,Reconstrucción analítica,Baja,Balance receta + etapa + fecha
1655,Casa 1,0.25,327.2125,Reconstrucción analítica,Baja,Balance receta + etapa + fecha
1655,Casa 2,0.25,327.2125,Reconstrucción analítica,Baja,Balance receta + etapa + fecha
1655,Casa 3,0.25,327.2125,Reconstrucción analítica,Media,Balance receta + etapa + fecha
1655,Casa 4,0.25,327.2125,Reconstrucción analítica,Baja,Balance receta + etapa + fecha
1660,Casa 1,0.75,457.96500000000003,Reconstrucción analítica,Baja,Balance receta + etapa + fecha
1660,Casa 2,0.75,457.96500000000003,Reconstrucción analítica,Baja,Balance receta + etapa + fecha
1660,Casa 3,0.5,305.31,Reconstrucción analítica,Media,Balance receta + etapa + fecha
1998,Casa 3,0.25,158.4075,Reconstrucción analítica,Baja,Balance receta + etapa + fecha
1998,Casa 4,0.75,475.22249999999997,Reconstrucción analítica,Media,Balance receta + etapa + fecha
1663,Casa 1,0.5,428.32,Reconstrucción analítica,Baja,Balance receta + etapa + fecha
1663,Casa 2,0.5,428.32,Reconstrucción analítica,Baja,Balance receta + etapa + fecha
1663,Casa 3,0.5,428.32,Reconstrucción analítica,Media,Balance receta + etapa + fecha
1663,Casa 4,0.5,428.32,Reconstrucción analítica,Baja,Balance receta + etapa + fecha
1688,Casa 1,0.25,566.5925,Reconstrucción analítica,Baja,Balance receta + etapa + fecha
1688,Casa 2,0.25,566.5925,Reconstrucción analítica,Baja,Balance receta + etapa + fecha
1688,Casa 3,0.25,566.5925,Reconstrucción analítica,Media,Balance receta + etapa + fecha
1688,Casa 4,0.25,566.5925,Reconstrucción analítica,Media,Balance receta + etapa + fecha
1694,Casa 1,4.0,5706.2,Reconstrucción analítica,Baja,Balance receta + etapa + fecha
1694,Casa 2,4.0,5706.2,Reconstrucción analítica,Baja,Balance receta + etapa + fecha
1706,Casa 3,3.0,4279.65,Reconstrucción analítica,Media,Balance receta + etapa + fecha
2277,Casa 3,1.0,1541.5900000000001,Reconstrucción analítica,Baja,Balance receta + etapa + fecha
2277,Casa 4,4.0,6166.360000000001,Reconstrucción analítica,Media,Balance receta + etapa + fecha
1698,Casa 1,1.0,15000.0,Reconstrucción analítica,Baja,Balance receta + etapa + fecha
1699,Casa 2,1.0,15000.0,Reconstrucción analítica,Baja,Balance receta + etapa + fecha
1699,Casa 3,1.0,15000.0,Reconstrucción analítica,Media,Balance receta + etapa + fecha
1699,Casa 4,1.0,15000.0,Reconstrucción analítica,Baja,Balance receta + etapa + fecha
1700,Casa 1,0.25,327.4325,Reconstrucción analítica,Baja,Balance receta + etapa + fecha
1700,Casa 2,0.25,327.4325,Reconstrucción analítica,Baja,Balance receta + etapa + fecha
1700,Casa 3,0.25,327.4325,Reconstrucción analítica,Media,Balance receta + etapa + fecha
1700,Casa 4,0.25,327.4325,Reconstrucción analítica,Media,Balance receta + etapa + fecha
1710,Casa 1,0.25,1233.85,Reconstrucción analítica,Baja,Balance receta + etapa + fecha
1710,Casa 2,0.25,1233.85,Reconstrucción analítica,Baja,Balance receta + etapa + fecha
1710,Casa 3,0.25,1233.85,Reconstrucción analítica,Media,Balance receta + etapa + fecha
1710,Casa 4,0.25,1233.85,Reconstrucción analítica,Baja,Balance receta + etapa + fecha
1715,Casa 1,0.25,1507.7425,Reconstrucción analítica,Baja,Balance receta + etapa + fecha
1715,Casa 2,0.25,1507.7425,Reconstrucción analítica,Baja,Balance receta + etapa + fecha
1715,Casa 3,0.25,1507.7425,Reconstrucción analítica,Media,Balance receta + etapa + fecha
1715,Casa 4,0.25,1507.7425,Reconstrucción analítica,Media,Balance receta + etapa + fecha
1721,Casa 1,1.0,1201.77,Reconstrucción analítica,Baja,Balance receta + etapa + fecha
1844,Casa 2,1.0,1101.77,Reconstrucción analítica,Baja,Balance receta + etapa + fecha
1844,Casa 3,1.0,1101.77,Reconstrucción analítica,Baja,Balance receta + etapa + fecha
1844,Casa 4,1.0,1101.77,Reconstrucción analítica,Media,Balance receta + etapa + fecha
1772,Casa 1,1.0,17004.75,Reconstrucción analítica,Baja,Balance receta + etapa + fecha
1772,Casa 2,4.0,68019.0,Reconstrucción analítica,Baja,Balance receta + etapa + fecha
1895,Casa 3,2.0,20155.76,Reconstrucción analítica,Baja,Balance receta + etapa + fecha
1976,Casa 3,2.0,21619.46,Reconstrucción analítica,Baja,Balance receta + etapa + fecha
2005,Casa 1,2.0,21619.46,Reconstrucción analítica,Baja,Balance receta + etapa + fecha
2150,Casa 1,1.0,10105.31,Reconstrucción analítica,Baja,Balance receta + etapa + fecha
1786,Casa 1,0.25,1537.61,Reconstrucción analítica,Baja,Balance receta + etapa + fecha
1786,Casa 2,0.25,1537.61,Reconstrucción analítica,Baja,Balance receta + etapa + fecha
1786,Casa 3,0.25,1537.61,Reconstrucción analítica,Baja,Balance receta + etapa + fecha
1786,Casa 4,0.25,1537.61,Reconstrucción analítica,Media,Balance receta + etapa + fecha
1797,Casa 1,0.8333333333333334,5674.775,Reconstrucción analítica,Baja,Balance receta + etapa + fecha; Casa 4 excluida: policarbonato pendiente
1797,Casa 2,0.8333333333333334,5674.775,Reconstrucción analítica,Baja,Balance receta + etapa + fecha; Casa 4 excluida: policarbonato pendiente
1797,Casa 3,0.33333333333333337,2269.9100000000003,Reconstrucción analítica,Baja,Balance receta + etapa + fecha; Casa 4 excluida: policarbonato pendiente
2358,Casa 3,0.5,16114.375,Reconstrucción analítica,Baja,Balance receta + etapa + fecha; Casa 4 excluida: policarbonato pendiente
1798,Casa 1,2.0,2918.0,Reconstrucción analítica,Baja,Balance receta + etapa + fecha; Casa 4 excluida: zacate pendiente
1798,Casa 2,2.0,2918.0,Reconstrucción analítica,Baja,Balance receta + etapa + fecha; Casa 4 excluida: zacate pendiente
1798,Casa 3,2.0,2918.0,Reconstrucción analítica,Baja,Balance receta + etapa + fecha; Casa 4 excluida: zacate pendiente
1821,Casa 1,0.25,112.61,Reconstrucción analítica,Baja,Balance receta + etapa + fecha
1821,Casa 2,0.25,112.61,Reconstrucción analítica,Baja,Balance receta + etapa + fecha
1821,Casa 3,0.25,112.61,Reconstrucción analítica,Baja,Balance receta + etapa + fecha
1821,Casa 4,0.25,112.61,Reconstrucción analítica,Media,Balance receta + etapa + fecha
1822,Casa 1,0.25,285.62,Reconstrucción analítica,Baja,Balance receta + etapa + fecha
1822,Casa 2,0.25,285.62,Reconstrucción analítica,Baja,Balance receta + etapa + fecha
1822,Casa 3,0.25,285.62,Reconstrucción analítica,Baja,Balance receta + etapa + fecha
1822,Casa 4,0.25,285.62,Reconstrucción analítica,Media,Balance receta + etapa + fecha
1836,Casa 1,0.5,1554.455,Reconstrucción analítica,Baja,Balance receta + etapa + fecha
1836,Casa 2,0.5,1554.455,Reconstrucción analítica,Baja,Balance receta + etapa + fecha
1836,Casa 3,0.5,1554.455,Reconstrucción analítica,Baja,Balance receta + etapa + fecha
1836,Casa 4,0.5,1554.455,Reconstrucción analítica,Media,Balance receta + etapa + fecha
1839,Casa 1,0.75,4597.5675,Reconstrucción analítica,Baja,Balance receta + etapa + fecha
1839,Casa 2,0.25,1532.5225,Reconstrucción analítica,Baja,Balance receta + etapa + fecha
1888,Casa 2,0.5,3319.47,Reconstrucción analítica,Baja,Balance receta + etapa + fecha
1888,Casa 3,0.75,4979.205,Reconstrucción analítica,Baja,Balance receta + etapa + fecha
1888,Casa 4,0.75,4979.205,Reconstrucción analítica,Media,Balance receta + etapa + fecha
1861,Casa 1,0.25,249.5575,Reconstrucción analítica,Baja,Balance receta + etapa + fecha
1861,Casa 2,0.25,249.5575,Reconstrucción analítica,Baja,Balance receta + etapa + fecha
1861,Casa 3,0.25,249.5575,Reconstrucción analítica,Baja,Balance receta + etapa + fecha
1861,Casa 4,0.25,249.5575,Reconstrucción analítica,Media,Balance receta + etapa + fecha
1913,Casa 1,0.25,748.6725,Reconstrucción analítica,Baja,Balance receta + etapa + fecha
1913,Casa 2,0.25,748.6725,Reconstrucción analítica,Baja,Balance receta + etapa + fecha
1913,Casa 3,0.25,748.6725,Reconstrucción analítica,Baja,Balance receta + etapa + fecha
1913,Casa 4,0.25,748.6725,Reconstrucción analítica,Media,Balance receta + etapa + fecha
1919,Casa 1,0.25,1901.3275,Reconstrucción analítica,Baja,Balance receta + etapa + fecha
1919,Casa 2,0.25,1901.3275,Reconstrucción analítica,Baja,Balance receta + etapa + fecha
1919,Casa 3,0.25,1901.3275,Reconstrucción analítica,Baja,Balance receta + etapa + fecha
1919,Casa 4,0.25,1901.3275,Reconstrucción analítica,Media,Balance receta + etapa + fecha
1920,Casa 1,0.25,2131.6375,Reconstrucción analítica,Baja,Balance receta + etapa + fecha
1920,Casa 2,0.25,2131.6375,Reconstrucción analítica,Baja,Balance receta + etapa + fecha
1920,Casa 3,0.25,2131.6375,Reconstrucción analítica,Baja,Balance receta + etapa + fecha
1920,Casa 4,0.25,2131.6375,Reconstrucción analítica,Media,Balance receta + etapa + fecha
1947,Casa 1,0.25,220.1325,Reconstrucción analítica,Baja,Balance receta + etapa + fecha
1947,Casa 2,0.25,220.1325,Reconstrucción analítica,Baja,Balance receta + etapa + fecha
1947,Casa 3,0.25,220.1325,Reconstrucción analítica,Baja,Balance receta + etapa + fecha
1947,Casa 4,0.25,220.1325,Reconstrucción analítica,Media,Balance receta + etapa + fecha
1952,Casa 1,0.25,2055.31,Reconstrucción analítica,Baja,Balance receta + etapa + fecha
1952,Casa 2,0.25,2055.31,Reconstrucción analítica,Baja,Balance receta + etapa + fecha
1952,Casa 3,0.25,2055.31,Reconstrucción analítica,Baja,Balance receta + etapa + fecha
1952,Casa 4,0.25,2055.31,Reconstrucción analítica,Media,Balance receta + etapa + fecha
1953,Casa 1,0.5,4965.93,Reconstrucción analítica,Baja,Balance receta + etapa + fecha
1953,Casa 2,0.5,4965.93,Reconstrucción analítica,Baja,Balance receta + etapa + fecha
2021,Casa 3,0.5,2822.125,Reconstrucción analítica,Baja,Balance receta + etapa + fecha
2021,Casa 4,0.5,2822.125,Reconstrucción analítica,Media,Balance receta + etapa + fecha
1961,Casa 1,0.25,187.61,Reconstrucción analítica,Baja,Balance receta + etapa + fecha
1961,Casa 2,0.25,187.61,Reconstrucción analítica,Baja,Balance receta + etapa + fecha
1961,Casa 3,0.25,187.61,Reconstrucción analítica,Baja,Balance receta + etapa + fecha
1961,Casa 4,0.25,187.61,Reconstrucción analítica,Media,Balance receta + etapa + fecha
1964,Casa 1,0.25,733.185,Reconstrucción analítica,Baja,Balance receta + etapa + fecha
1964,Casa 2,0.25,733.185,Reconstrucción analítica,Baja,Balance receta + etapa + fecha
1964,Casa 3,0.25,733.185,Reconstrucción analítica,Baja,Balance receta + etapa + fecha
1964,Casa 4,0.25,733.185,Reconstrucción analítica,Media,Balance receta + etapa + fecha
1965,Casa 1,0.25,739.6025,Reconstrucción analítica,Baja,Balance receta + etapa + fecha
1965,Casa 2,0.25,739.6025,Reconstrucción analítica,Baja,Balance receta + etapa + fecha
1965,Casa 3,0.25,739.6025,Reconstrucción analítica,Baja,Balance receta + etapa + fecha
1965,Casa 4,0.25,739.6025,Reconstrucción analítica,Media,Balance receta + etapa + fecha
1999,Casa 1,0.25,538.0525,Reconstrucción analítica,Baja,Balance receta + etapa + fecha
1999,Casa 2,0.25,538.0525,Reconstrucción analítica,Baja,Balance receta + etapa + fecha
1999,Casa 3,0.25,538.0525,Reconstrucción analítica,Baja,Balance receta + etapa + fecha
1999,Casa 4,0.25,538.0525,Reconstrucción analítica,Media,Balance receta + etapa + fecha
2012,Casa 1,0.25,202.875,Reconstrucción analítica,Baja,Balance receta + etapa + fecha
2012,Casa 2,0.25,202.875,Reconstrucción analítica,Baja,Balance receta + etapa + fecha
2012,Casa 3,0.25,202.875,Reconstrucción analítica,Baja,Balance receta + etapa + fecha
2012,Casa 4,0.25,202.875,Reconstrucción analítica,Media,Balance receta + etapa + fecha
2013,Casa 1,0.25,202.875,Reconstrucción analítica,Baja,Balance receta + etapa + fecha
2013,Casa 2,0.25,202.875,Reconstrucción analítica,Baja,Balance receta + etapa + fecha
2013,Casa 3,0.25,202.875,Reconstrucción analítica,Baja,Balance receta + etapa + fecha
2013,Casa 4,0.25,202.875,Reconstrucción analítica,Media,Balance receta + etapa + fecha
2022,Casa 1,0.25,528.0975,Reconstrucción analítica,Baja,Balance receta + etapa + fecha
2022,Casa 2,0.25,528.0975,Reconstrucción analítica,Baja,Balance receta + etapa + fecha
2022,Casa 3,0.25,528.0975,Reconstrucción analítica,Baja,Balance receta + etapa + fecha
2022,Casa 4,0.25,528.0975,Reconstrucción analítica,Media,Balance receta + etapa + fecha
2023,Casa 1,0.25,981.6375,Reconstrucción analítica,Baja,Balance receta + etapa + fecha
2023,Casa 2,0.25,981.6375,Reconstrucción analítica,Baja,Balance receta + etapa + fecha
2023,Casa 3,0.25,981.6375,Reconstrucción analítica,Baja,Balance receta + etapa + fecha
2023,Casa 4,0.25,981.6375,Reconstrucción analítica,Media,Balance receta + etapa + fecha
2027,Casa 1,1.0,3961.06,Reconstrucción analítica,Baja,Balance receta + etapa + fecha
2027,Casa 2,1.0,3961.06,Reconstrucción analítica,Baja,Balance receta + etapa + fecha
2027,Casa 3,1.0,3961.06,Reconstrucción analítica,Baja,Balance receta + etapa + fecha
2027,Casa 4,1.0,3961.06,Reconstrucción analítica,Media,Balance receta + etapa + fecha
2044,Casa 1,0.75,12046.462500000001,Reconstrucción analítica,Baja,Balance receta + etapa + fecha
2044,Casa 2,0.75,12046.462500000001,Reconstrucción analítica,Baja,Balance receta + etapa + fecha
2044,Casa 3,0.75,12046.462500000001,Reconstrucción analítica,Baja,Balance receta + etapa + fecha
2044,Casa 4,0.75,12046.462500000001,Reconstrucción analítica,Media,Balance receta + etapa + fecha
2063,Casa 1,1.25,1628.3125,Reconstrucción analítica,Baja,Balance receta + etapa + fecha
2063,Casa 2,1.25,1628.3125,Reconstrucción analítica,Baja,Balance receta + etapa + fecha
2063,Casa 3,1.25,1628.3125,Reconstrucción analítica,Baja,Balance receta + etapa + fecha
2063,Casa 4,0.25,325.6625,Reconstrucción analítica,Media,Balance receta + etapa + fecha
2251,Casa 4,1.0,1277.88,Reconstrucción analítica,Alta,Balance receta + etapa + fecha
2074,Casa 1,0.25,594.69,Reconstrucción analítica,Baja,Balance receta + etapa + fecha
2074,Casa 2,0.25,594.69,Reconstrucción analítica,Baja,Balance receta + etapa + fecha
2074,Casa 3,0.25,594.69,Reconstrucción analítica,Baja,Balance receta + etapa + fecha
2074,Casa 4,0.25,594.69,Reconstrucción analítica,Media,Balance receta + etapa + fecha
2084,Casa 1,0.25,291.5925,Reconstrucción analítica,Baja,Balance receta + etapa + fecha
2084,Casa 2,0.25,291.5925,Reconstrucción analítica,Baja,Balance receta + etapa + fecha
2084,Casa 3,0.25,291.5925,Reconstrucción analítica,Baja,Balance receta + etapa + fecha
2084,Casa 4,0.25,291.5925,Reconstrucción analítica,Media,Balance receta + etapa + fecha
2085,Casa 1,0.5,2404.865,Reconstrucción analítica,Baja,Balance receta + etapa + fecha
2085,Casa 2,0.5,2404.865,Reconstrucción analítica,Baja,Balance receta + etapa + fecha
2085,Casa 3,0.5,2404.865,Reconstrucción analítica,Baja,Balance receta + etapa + fecha
2085,Casa 4,0.5,2404.865,Reconstrucción analítica,Media,Balance receta + etapa + fecha
2090,Casa 1,0.25,425.885,Reconstrucción analítica,Baja,Balance receta + etapa + fecha
2090,Casa 2,0.25,425.885,Reconstrucción analítica,Baja,Balance receta + etapa + fecha
2090,Casa 3,0.25,425.885,Reconstrucción analítica,Baja,Balance receta + etapa + fecha
2090,Casa 4,0.25,425.885,Reconstrucción analítica,Media,Balance receta + etapa + fecha
2091,Casa 1,0.25,286.2825,Reconstrucción analítica,Baja,Balance receta + etapa + fecha
2091,Casa 2,0.25,286.2825,Reconstrucción analítica,Baja,Balance receta + etapa + fecha
2091,Casa 3,0.25,286.2825,Reconstrucción analítica,Baja,Balance receta + etapa + fecha
2091,Casa 4,0.25,286.2825,Reconstrucción analítica,Media,Balance receta + etapa + fecha
2092,Casa 1,1.0,1305.31,Reconstrucción analítica,Baja,Balance receta + etapa + fecha
2092,Casa 2,1.0,1305.31,Reconstrucción analítica,Baja,Balance receta + etapa + fecha
2092,Casa 3,1.0,1305.31,Reconstrucción analítica,Baja,Balance receta + etapa + fecha
2092,Casa 4,1.0,1305.31,Reconstrucción analítica,Media,Balance receta + etapa + fecha
2112,Casa 1,0.5,219.47,Reconstrucción analítica,Baja,Balance receta + etapa + fecha
2112,Casa 2,0.5,219.47,Reconstrucción analítica,Baja,Balance receta + etapa + fecha
2112,Casa 3,0.5,219.47,Reconstrucción analítica,Baja,Balance receta + etapa + fecha
2112,Casa 4,0.5,219.47,Reconstrucción analítica,Media,Balance receta + etapa + fecha
2113,Casa 1,0.25,68.585,Reconstrucción analítica,Baja,Balance receta + etapa + fecha
2113,Casa 2,0.25,68.585,Reconstrucción analítica,Baja,Balance receta + etapa + fecha
2113,Casa 3,0.25,68.585,Reconstrucción analítica,Baja,Balance receta + etapa + fecha
2113,Casa 4,0.25,68.585,Reconstrucción analítica,Media,Balance receta + etapa + fecha
2120,Casa 1,0.5,361.945,Reconstrucción analítica,Baja,Balance receta + etapa + fecha
2120,Casa 2,0.5,361.945,Reconstrucción analítica,Baja,Balance receta + etapa + fecha
2120,Casa 3,0.5,361.945,Reconstrucción analítica,Baja,Balance receta + etapa + fecha
2120,Casa 4,0.5,361.945,Reconstrucción analítica,Media,Balance receta + etapa + fecha
2152,Casa 1,0.5,385.84,Reconstrucción analítica,Baja,Balance receta + etapa + fecha
2152,Casa 2,0.5,385.84,Reconstrucción analítica,Baja,Balance receta + etapa + fecha
2152,Casa 3,0.5,385.84,Reconstrucción analítica,Baja,Balance receta + etapa + fecha
2152,Casa 4,0.5,385.84,Reconstrucción analítica,Media,Balance receta + etapa + fecha
2155,Casa 1,0.5,497.345,Reconstrucción analítica,Baja,Balance receta + etapa + fecha
2155,Casa 2,0.5,497.345,Reconstrucción analítica,Baja,Balance receta + etapa + fecha
2155,Casa 3,0.5,497.345,Reconstrucción analítica,Baja,Balance receta + etapa + fecha
2155,Casa 4,0.5,497.345,Reconstrucción analítica,Media,Balance receta + etapa + fecha
2158,Casa 1,4.5,24332.265,Reconstrucción analítica,Baja,Balance receta + etapa + fecha
2158,Casa 2,4.5,24332.265,Reconstrucción analítica,Baja,Balance receta + etapa + fecha
2158,Casa 3,4.5,24332.265,Reconstrucción analítica,Baja,Balance receta + etapa + fecha
2158,Casa 4,4.5,24332.265,Reconstrucción analítica,Media,Balance receta + etapa + fecha
2179,Casa 1,0.5,201.325,Reconstrucción analítica,Baja,Balance receta + etapa + fecha
2179,Casa 2,0.5,201.325,Reconstrucción analítica,Baja,Balance receta + etapa + fecha
2179,Casa 3,0.5,201.325,Reconstrucción analítica,Baja,Balance receta + etapa + fecha
2179,Casa 4,0.5,201.325,Reconstrucción analítica,Media,Balance receta + etapa + fecha
2182,Casa 1,0.25,626.105,Reconstrucción analítica,Baja,Balance receta + etapa + fecha
2182,Casa 2,0.25,626.105,Reconstrucción analítica,Baja,Balance receta + etapa + fecha
2182,Casa 3,0.25,626.105,Reconstrucción analítica,Baja,Balance receta + etapa + fecha
2182,Casa 4,0.25,626.105,Reconstrucción analítica,Media,Balance receta + etapa + fecha
2184,Casa 1,0.25,4091.815,Reconstrucción analítica,Baja,Balance receta + etapa + fecha
2184,Casa 2,0.25,4091.815,Reconstrucción analítica,Baja,Balance receta + etapa + fecha
2184,Casa 3,0.25,4091.815,Reconstrucción analítica,Baja,Balance receta + etapa + fecha
2184,Casa 4,0.25,4091.815,Reconstrucción analítica,Media,Balance receta + etapa + fecha
2188,Casa 1,0.25,344.2475,Reconstrucción analítica,Baja,Balance receta + etapa + fecha
2188,Casa 2,0.25,344.2475,Reconstrucción analítica,Baja,Balance receta + etapa + fecha
2188,Casa 3,0.25,344.2475,Reconstrucción analítica,Baja,Balance receta + etapa + fecha
2188,Casa 4,0.25,344.2475,Reconstrucción analítica,Media,Balance receta + etapa + fecha
2189,Casa 1,0.5,633.185,Reconstrucción analítica,Baja,Balance receta + etapa + fecha
2189,Casa 2,0.5,633.185,Reconstrucción analítica,Baja,Balance receta + etapa + fecha
2189,Casa 3,0.5,633.185,Reconstrucción analítica,Baja,Balance receta + etapa + fecha
2189,Casa 4,0.5,633.185,Reconstrucción analítica,Media,Balance receta + etapa + fecha
2196,Casa 1,0.25,684.735,Reconstrucción analítica,Baja,Balance receta + etapa + fecha
2196,Casa 2,0.25,684.735,Reconstrucción analítica,Baja,Balance receta + etapa + fecha
2196,Casa 3,0.25,684.735,Reconstrucción analítica,Baja,Balance receta + etapa + fecha
2196,Casa 4,0.25,684.735,Reconstrucción analítica,Media,Balance receta + etapa + fecha
2221,Casa 1,0.25,4171.0175,Reconstrucción analítica,Baja,Balance receta + etapa + fecha
2221,Casa 2,0.25,4171.0175,Reconstrucción analítica,Baja,Balance receta + etapa + fecha
2221,Casa 3,0.25,4171.0175,Reconstrucción analítica,Baja,Balance receta + etapa + fecha
2221,Casa 4,0.25,4171.0175,Reconstrucción analítica,Media,Balance receta + etapa + fecha
2246,Casa 1,0.25,34.2925,Reconstrucción analítica,Baja,Balance receta + etapa + fecha
2246,Casa 2,0.25,34.2925,Reconstrucción analítica,Baja,Balance receta + etapa + fecha
2246,Casa 3,0.25,34.2925,Reconstrucción analítica,Baja,Balance receta + etapa + fecha
2246,Casa 4,0.25,34.2925,Reconstrucción analítica,Media,Balance receta + etapa + fecha
2247,Casa 1,0.25,30.9725,Reconstrucción analítica,Baja,Balance receta + etapa + fecha
2247,Casa 2,0.25,30.9725,Reconstrucción analítica,Baja,Balance receta + etapa + fecha
2247,Casa 3,0.25,30.9725,Reconstrucción analítica,Baja,Balance receta + etapa + fecha
2247,Casa 4,0.25,30.9725,Reconstrucción analítica,Media,Balance receta + etapa + fecha
2248,Casa 1,0.25,153.0975,Reconstrucción analítica,Baja,Balance receta + etapa + fecha
2248,Casa 2,0.25,153.0975,Reconstrucción analítica,Baja,Balance receta + etapa + fecha
2248,Casa 3,0.25,153.0975,Reconstrucción analítica,Baja,Balance receta + etapa + fecha
2248,Casa 4,0.25,153.0975,Reconstrucción analítica,Media,Balance receta + etapa + fecha
2249,Casa 1,0.25,424.78,Reconstrucción analítica,Baja,Balance receta + etapa + fecha
2249,Casa 2,0.25,424.78,Reconstrucción analítica,Baja,Balance receta + etapa + fecha
2249,Casa 3,0.25,424.78,Reconstrucción analítica,Baja,Balance receta + etapa + fecha
2249,Casa 4,0.25,424.78,Reconstrucción analítica,Media,Balance receta + etapa + fecha
2250,Casa 1,0.25,489.6025,Reconstrucción analítica,Baja,Balance receta + etapa + fecha
2250,Casa 2,0.25,489.6025,Reconstrucción analítica,Baja,Balance receta + etapa + fecha
2250,Casa 3,0.25,489.6025,Reconstrucción analítica,Baja,Balance receta + etapa + fecha
2250,Casa 4,0.25,489.6025,Reconstrucción analítica,Media,Balance receta + etapa + fecha
2263,Casa 1,0.25,758.185,Reconstrucción analítica,Baja,Balance receta + etapa + fecha
2263,Casa 2,0.25,758.185,Reconstrucción analítica,Baja,Balance receta + etapa + fecha
2263,Casa 3,0.25,758.185,Reconstrucción analítica,Baja,Balance receta + etapa + fecha
2263,Casa 4,0.25,758.185,Reconstrucción analítica,Media,Balance receta + etapa + fecha
2268,Casa 1,0.25,575.4425,Reconstrucción analítica,Baja,Balance receta + etapa + fecha
2268,Casa 2,0.25,575.4425,Reconstrucción analítica,Baja,Balance receta + etapa + fecha
2268,Casa 3,0.25,575.4425,Reconstrucción analítica,Baja,Balance receta + etapa + fecha
2268,Casa 4,0.25,575.4425,Reconstrucción analítica,Media,Balance receta + etapa + fecha
2272,Casa 1,0.25,862.39,Reconstrucción analítica,Baja,Balance receta + etapa + fecha
2272,Casa 2,0.25,862.39,Reconstrucción analítica,Baja,Balance receta + etapa + fecha
2272,Casa 3,0.25,862.39,Reconstrucción analítica,Baja,Balance receta + etapa + fecha
2272,Casa 4,0.25,862.39,Reconstrucción analítica,Media,Balance receta + etapa + fecha
2273,Casa 1,0.25,857.08,Reconstrucción analítica,Baja,Balance receta + etapa + fecha
2273,Casa 2,0.25,857.08,Reconstrucción analítica,Baja,Balance receta + etapa + fecha
2273,Casa 3,0.25,857.08,Reconstrucción analítica,Baja,Balance receta + etapa + fecha
2273,Casa 4,0.25,857.08,Reconstrucción analítica,Media,Balance receta + etapa + fecha
2280,Casa 1,25.0,92920.25,Reconstrucción analítica,Media,Balance receta + etapa + fecha
2280,Casa 2,25.0,92920.25,Reconstrucción analítica,Media,Balance receta + etapa + fecha
2291,Casa 4,25.0,100663.75,Reconstrucción analítica,Baja,Balance receta + etapa + fecha
2295,Casa 3,10.0,40265.5,Reconstrucción analítica,Baja,Balance receta + etapa + fecha
2296,Casa 3,15.0,60398.25,Reconstrucción analítica,Baja,Balance receta + etapa + fecha
2281,Casa 1,6.75,17860.567500000005,Reconstrucción analítica,Media,Balance receta + etapa + fecha
2281,Casa 2,2.25,5953.522500000001,Reconstrucción analítica,Media,Balance receta + etapa + fecha
2283,Casa 2,4.5,11907.045000000002,Reconstrucción analítica,Media,Balance receta + etapa + fecha
2283,Casa 4,5.5,14553.055000000002,Reconstrucción analítica,Baja,Balance receta + etapa + fecha
2290,Casa 3,6.75,17860.5675,Reconstrucción analítica,Baja,Balance receta + etapa + fecha
2290,Casa 4,1.25,3307.5125000000003,Reconstrucción analítica,Baja,Balance receta + etapa + fecha
2292,Casa 1,2.5,8827.425,Reconstrucción analítica,Baja,Balance receta + etapa + fecha
2292,Casa 2,2.5,8827.425,Reconstrucción analítica,Media,Balance receta + etapa + fecha
2292,Casa 3,2.5,8827.425,Reconstrucción analítica,Baja,Balance receta + etapa + fecha
2292,Casa 4,2.5,8827.425,Reconstrucción analítica,Baja,Balance receta + etapa + fecha
2303,Casa 1,7.5,30199.125,Reconstrucción analítica,Baja,Balance receta + etapa + fecha
2303,Casa 2,7.5,30199.125,Reconstrucción analítica,Baja,Balance receta + etapa + fecha
2303,Casa 3,7.5,30199.125,Reconstrucción analítica,Baja,Balance receta + etapa + fecha
2303,Casa 4,7.5,30199.125,Reconstrucción analítica,Media,Balance receta + etapa + fecha
2311,Casa 1,0.25,697.5675,Reconstrucción analítica,Baja,Balance receta + etapa + fecha
2311,Casa 2,0.25,697.5675,Reconstrucción analítica,Media,Balance receta + etapa + fecha
2311,Casa 3,0.25,697.5675,Reconstrucción analítica,Baja,Balance receta + etapa + fecha
2311,Casa 4,0.25,697.5675,Reconstrucción analítica,Baja,Balance receta + etapa + fecha
2331,Casa 1,0.6666666666666666,17699.12,Reconstrucción analítica,Baja,Balance receta + etapa + fecha; Casa 4 excluida: puertas/ventanas pendiente
2331,Casa 2,0.33333333333333337,8849.560000000001,Reconstrucción analítica,Baja,Balance receta + etapa + fecha; Casa 4 excluida: puertas/ventanas pendiente
2333,Casa 2,0.33333333333333326,8849.563333333332,Reconstrucción analítica,Baja,Balance receta + etapa + fecha; Casa 4 excluida: puertas/ventanas pendiente
2333,Casa 3,0.6666666666666666,17699.126666666663,Reconstrucción analítica,Baja,Balance receta + etapa + fecha; Casa 4 excluida: puertas/ventanas pendiente
2334,Casa 1,6.25,9375.0,Reconstrucción analítica,Media,Balance receta + etapa + fecha
2334,Casa 2,6.25,9375.0,Reconstrucción analítica,Media,Balance receta + etapa + fecha
2334,Casa 3,6.25,9375.0,Reconstrucción analítica,Baja,Balance receta + etapa + fecha
2334,Casa 4,6.25,9375.0,Reconstrucción analítica,Baja,Balance receta + etapa + fecha
2336,Casa 1,1.3333333333333335,55609.37333333334,Reconstrucción analítica,Baja,Balance receta + etapa + fecha; Casa 4 excluida: policarbonato pendiente
2336,Casa 2,1.6666666666666665,69511.71666666666,Reconstrucción analítica,Media,Balance receta + etapa + fecha; Casa 4 excluida: policarbonato pendiente
2344,Casa 1,1.0,41504.42,Reconstrucción analítica,Baja,Balance receta + etapa + fecha; Casa 4 excluida: policarbonato pendiente
2348,Casa 2,0.666666666666667,29142.533333333347,Reconstrucción analítica,Baja,Balance receta + etapa + fecha; Casa 4 excluida: policarbonato pendiente
2348,Casa 3,0.33333333333333304,14571.266666666656,Reconstrucción analítica,Media,Balance receta + etapa + fecha; Casa 4 excluida: policarbonato pendiente
2351,Casa 3,2.0,85291.0,Reconstrucción analítica,Baja,Balance receta + etapa + fecha; Casa 4 excluida: policarbonato pendiente
2337,Casa 1,0.6666666666666667,6466.206666666667,Reconstrucción analítica,Baja,Balance receta + etapa + fecha; Casa 4 excluida: policarbonato pendiente
2337,Casa 2,1.3333333333333333,12932.413333333332,Reconstrucción analítica,Media,Balance receta + etapa + fecha; Casa 4 excluida: policarbonato pendiente
2345,Casa 1,0.6666666666666665,6434.793333333332,Reconstrucción analítica,Baja,Balance receta + etapa + fecha; Casa 4 excluida: policarbonato pendiente
2345,Casa 3,0.3333333333333335,3217.3966666666684,Reconstrucción analítica,Baja,Balance receta + etapa + fecha; Casa 4 excluida: policarbonato pendiente
2352,Casa 3,1.0,9500.0,Reconstrucción analítica,Baja,Balance receta + etapa + fecha; Casa 4 excluida: policarbonato pendiente
2386,Casa 1,0.5,219.415,Reconstrucción analítica,Baja,Balance receta + etapa + fecha
2386,Casa 2,0.5,219.415,Reconstrucción analítica,Baja,Balance receta + etapa + fecha
2386,Casa 3,0.5,219.415,Reconstrucción analítica,Baja,Balance receta + etapa + fecha
2386,Casa 4,0.5,219.415,Reconstrucción analítica,Media,Balance receta + etapa + fecha
2387,Casa 1,0.25,322.1425,Reconstrucción analítica,Baja,Balance receta + etapa + fecha
2387,Casa 2,0.25,322.1425,Reconstrucción analítica,Baja,Balance receta + etapa + fecha
2387,Casa 3,0.25,322.1425,Reconstrucción analítica,Baja,Balance receta + etapa + fecha
2387,Casa 4,0.25,322.1425,Reconstrucción analítica,Media,Balance receta + etapa + fecha
2388,Casa 1,0.5,235.265,Reconstrucción analítica,Baja,Balance receta + etapa + fecha
2388,Casa 2,0.5,235.265,Reconstrucción analítica,Baja,Balance receta + etapa + fecha
2388,Casa 3,0.5,235.265,Reconstrucción analítica,Baja,Balance receta + etapa + fecha
2388,Casa 4,0.5,235.265,Reconstrucción analítica,Media,Balance receta + etapa + fecha
2389,Casa 1,0.25,154.8675,Reconstrucción analítica,Baja,Balance receta + etapa + fecha
2389,Casa 2,0.25,154.8675,Reconstrucción analítica,Baja,Balance receta + etapa + fecha
2389,Casa 3,0.25,154.8675,Reconstrucción analítica,Baja,Balance receta + etapa + fecha
2389,Casa 4,0.25,154.8675,Reconstrucción analítica,Media,Balance receta + etapa + fecha
2390,Casa 1,0.25,353.9825,Reconstrucción analítica,Baja,Balance receta + etapa + fecha
2390,Casa 2,0.25,353.9825,Reconstrucción analítica,Baja,Balance receta + etapa + fecha
2390,Casa 3,0.25,353.9825,Reconstrucción analítica,Baja,Balance receta + etapa + fecha
2390,Casa 4,0.25,353.9825,Reconstrucción analítica,Media,Balance receta + etapa + fecha
2391,Casa 1,0.25,331.8575,Reconstrucción analítica,Baja,Balance receta + etapa + fecha
2391,Casa 2,0.25,331.8575,Reconstrucción analítica,Baja,Balance receta + etapa + fecha
2391,Casa 3,0.25,331.8575,Reconstrucción analítica,Baja,Balance receta + etapa + fecha
2391,Casa 4,0.25,331.8575,Reconstrucción analítica,Media,Balance receta + etapa + fecha
