Proveedor,Factura,Fecha,Descripcion_original,Cantidad,Precio_unitario,Total_linea,PDF_fuente,Linea_id,Material_homologado,Familia,Tipo_registro,Presentacion,Etapas_aplicables,Relevancia,Confianza_homologacion,Casa3_regla_23mar,Kg_por_unidad,Precio_por_kg
ALMACENES EL REY LTDA.,2000068010000077113,2025-12-04,CHUPON PLASTICO P/BE,1.0,2212.39,2212.39,Almaceneselrey/2025-12-04_50604122500310261532902000068010000077113189930818.pdf,1,Chupon Plastico P/Be,Otros insumos,Otro registrado,Unidad,Otros,4,Baja,No,,
ALMACENES EL REY LTDA.,2000068010000077113,2025-12-04,CHIS WIS PRO ORIGINA,1.0,530.97,530.97,Almaceneselrey/2025-12-04_50604122500310261532902000068010000077113189930818.pdf,2,Compra no constructiva,No constructivo,No incorporado,Unidad,No aplica,5,Alta,No,,
ALMACENES EL REY LTDA.,2000068010000077113,2025-12-04,CHUPETA PLASTICA C/T,1.0,840.71,840.71,Almaceneselrey/2025-12-04_50604122500310261532902000068010000077113189930818.pdf,3,Compra no constructiva,No constructivo,No incorporado,Unidad,No aplica,5,Alta,No,,
ALMACENES EL REY LTDA.,2000068010000077113,2025-12-04,CHUPETA ANATOMICO ES,1.0,840.71,840.71,Almaceneselrey/2025-12-04_50604122500310261532902000068010000077113189930818.pdf,4,Compra no constructiva,No constructivo,No incorporado,Unidad,No aplica,5,Alta,No,,
ALMACENES EL REY LTDA.,2000068010000077113,2025-12-04,BATIDORA MANUAL 200W,1.0,9646.02,9646.02,Almaceneselrey/2025-12-04_50604122500310261532902000068010000077113189930818.pdf,5,Herramienta / equipo,Herramientas y equipo,Herramienta/equipo,Unidad,No incorporado,5,Alta,No,,
ALMACENES EL REY LTDA.,2000068010000077117,2025-12-04,PELUCHE SONIC THE HE,1.0,6238.94,6238.94,Almaceneselrey/2025-12-04_50604122500310261532902000068010000077117134957079.pdf,6,Compra no constructiva,No constructivo,No incorporado,Unidad,No aplica,5,Alta,No,,
ALMACENES EL REY LTDA.,2000068010000077117,2025-12-04,CUBO RUBIKS 5.5CM SU,1.0,442.48,442.48,Almaceneselrey/2025-12-04_50604122500310261532902000068010000077117134957079.pdf,7,Compra no constructiva,No constructivo,No incorporado,Unidad,No aplica,5,Alta,No,,
ALMACENES EL REY LTDA.,2000068010000078070,2025-12-08,SHAMPOO P/AUTOS C/CE,1.0,3008.85,3008.85,Almaceneselrey/2025-12-08_50608122500310261532902000068010000078070308225492.pdf,8,Shampoo P/Autos C/Ce,Otros insumos,Otro registrado,Unidad,Otros,4,Baja,No,,
ALMACENES EL REY LTDA.,2000068010000078070,2025-12-08,ESPONJA P/LAVADO AUT,1.0,884.96,884.96,Almaceneselrey/2025-12-08_50608122500310261532902000068010000078070308225492.pdf,9,Esponja P/Lavado Aut,Otros insumos,Otro registrado,Unidad,Otros,4,Baja,No,,
ALMACENES EL REY LTDA.,2000068010000078070,2025-12-08,ESPONJA P/LAVADO AUT,1.0,884.96,884.96,Almaceneselrey/2025-12-08_50608122500310261532902000068010000078070308225492.pdf,10,Esponja P/Lavado Aut,Otros insumos,Otro registrado,Unidad,Otros,4,Baja,No,,
ALMACENES EL REY LTDA.,2000068010000078070,2025-12-08,PLACA ACERO P/TOMA 3,1.0,1084.07,1084.07,Almaceneselrey/2025-12-08_50608122500310261532902000068010000078070308225492.pdf,11,Interruptor / toma / caja eléctrica,Electricidad,Material permanente,Unidad,Instalación eléctrica,2,Alta,No,,
ALMACENES EL REY LTDA.,2000068010000078070,2025-12-08,PLACA ACERO P/TOMA 3,1.0,1084.07,1084.07,Almaceneselrey/2025-12-08_50608122500310261532902000068010000078070308225492.pdf,12,Interruptor / toma / caja eléctrica,Electricidad,Material permanente,Unidad,Instalación eléctrica,2,Alta,No,,
ALMACENES EL REY LTDA.,2000068010000078070,2025-12-08,PLACA ACERO P/TOMA 3,1.0,1084.07,1084.07,Almaceneselrey/2025-12-08_50608122500310261532902000068010000078070308225492.pdf,13,Interruptor / toma / caja eléctrica,Electricidad,Material permanente,Unidad,Instalación eléctrica,2,Alta,No,,
ALMACENES EL REY LTDA.,2000068010000078070,2025-12-08,LIMPIADOR PARABRISAS,1.0,4247.79,4247.79,Almaceneselrey/2025-12-08_50608122500310261532902000068010000078070308225492.pdf,14,Limpiador Parabrisas,Otros insumos,Otro registrado,Unidad,Otros,4,Baja,No,,
ALMACENES EL REY LTDA.,2000068010000078070,2025-12-08,BROCHA CERDA NATURAL,1.0,707.96,707.96,Almaceneselrey/2025-12-08_50608122500310261532902000068010000078070308225492.pdf,15,Brocha / felpa pintura,Pintura,Herramienta/equipo,Unidad,Pintura,3,Alta,No,,
ALMACENES EL REY LTDA.,2000068010000078070,2025-12-08,TAPE ELECTRICO 19MMX,1.0,884.96,884.96,Almaceneselrey/2025-12-08_50608122500310261532902000068010000078070308225492.pdf,16,Cinta eléctrica,Electricidad,Consumible de obra,Unidad,Instalación eléctrica,2,Alta,No,,
ALMACENES EL REY LTDA.,2000068010000078070,2025-12-08,TAPE ELECTRICO 19MMX,1.0,884.96,884.96,Almaceneselrey/2025-12-08_50608122500310261532902000068010000078070308225492.pdf,17,Cinta eléctrica,Electricidad,Consumible de obra,Unidad,Instalación eléctrica,2,Alta,No,,
ALMACENES EL REY LTDA.,2000068010000078070,2025-12-08,LLAVE METAL P/JARDIN,1.0,2278.76,2278.76,Almaceneselrey/2025-12-08_50608122500310261532902000068010000078070308225492.pdf,18,Accesorio hidrosanitario (genérico),Plomería,Material permanente,Unidad,Instalaciones hidrosanitarias,2,Media,No,,
ALMACENES EL REY LTDA.,2000068010000078070,2025-12-08,MANGUERA FLEXIBLE 1/,1.0,1061.95,1061.95,Almaceneselrey/2025-12-08_50608122500310261532902000068010000078070308225492.pdf,19,Manguera / abasto flexible,Plomería,Material permanente,Unidad,Instalaciones hidrosanitarias,2,Alta,No,,
ALMACENES EL REY LTDA.,2000068010000078070,2025-12-08,BROCHA CERDA NATURAL,1.0,707.96,707.96,Almaceneselrey/2025-12-08_50608122500310261532902000068010000078070308225492.pdf,20,Brocha / felpa pintura,Pintura,Herramienta/equipo,Unidad,Pintura,3,Alta,No,,
ALMACENES EL REY LTDA.,2000068010000078070,2025-12-08,MANGUERA FLEXIBLE 1/,1.0,1061.95,1061.95,Almaceneselrey/2025-12-08_50608122500310261532902000068010000078070308225492.pdf,21,Manguera / abasto flexible,Plomería,Material permanente,Unidad,Instalaciones hidrosanitarias,2,Alta,No,,
ALMACENES EL REY LTDA.,2000068010000078070,2025-12-08,MANGUERA FLEXIBLE 1/,1.0,1061.95,1061.95,Almaceneselrey/2025-12-08_50608122500310261532902000068010000078070308225492.pdf,22,Manguera / abasto flexible,Plomería,Material permanente,Unidad,Instalaciones hidrosanitarias,2,Alta,No,,
ALMACENES EL REY LTDA.,2000068010000078070,2025-12-08,MANGUERA FLEXIBLE 1/,1.0,1061.95,1061.95,Almaceneselrey/2025-12-08_50608122500310261532902000068010000078070308225492.pdf,23,Manguera / abasto flexible,Plomería,Material permanente,Unidad,Instalaciones hidrosanitarias,2,Alta,No,,
ALMACENES EL REY LTDA.,2000068010000112685,2026-07-02,CAJA PLASTICA LISA 1,1.0,398.23,398.23,Almaceneselrey/2026-07-02_50602072600310261532902000068010000112685125690495.pdf,24,Accesorio eléctrico (genérico),Electricidad,Material permanente,Unidad,Instalación eléctrica,2,Media,No,,
ALMACENES EL REY LTDA.,2000068010000112685,2026-07-02,CAJA CARTON KRAFT RE,1.0,265.49,265.49,Almaceneselrey/2026-07-02_50602072600310261532902000068010000112685125690495.pdf,25,Accesorio eléctrico (genérico),Electricidad,Material permanente,Unidad,Instalación eléctrica,2,Media,No,,
ALMACENES EL REY LTDA.,2000068010000112685,2026-07-02,SET PAYASO TIRANTES,1.0,2632.74,2632.74,Almaceneselrey/2026-07-02_50602072600310261532902000068010000112685125690495.pdf,26,Set Payaso Tirantes,Otros insumos,Otro registrado,Unidad,Otros,4,Baja,No,,
ALMACENES EL REY LTDA.,2000068010000112685,2026-07-02,BOLSA PLAST DESECHO,1.0,1305.31,1305.31,Almaceneselrey/2026-07-02_50602072600310261532902000068010000112685125690495.pdf,27,Bolsa Plast Desecho,Otros insumos,Otro registrado,Unidad,Otros,4,Baja,No,,
ALMACENES EL REY LTDA.,2000068010000112685,2026-07-02,BOLSA REUTILIZABLE 3,1.0,132.74,132.74,Almaceneselrey/2026-07-02_50602072600310261532902000068010000112685125690495.pdf,28,Bolsa Reutilizable 3,Otros insumos,Otro registrado,Unidad,Otros,4,Baja,No,,
ALMACENES EL REY LTDA.,2000068010000112685,2026-07-02,CAJA MADERA TIPO REJ,1.0,1460.18,1460.18,Almaceneselrey/2026-07-02_50602072600310261532902000068010000112685125690495.pdf,29,Accesorio eléctrico (genérico),Electricidad,Material permanente,Unidad,Instalación eléctrica,2,Media,No,,
ALMACENES EL REY LTDA.,2000068010000112685,2026-07-02,CAJA CARTON RECTANGU,1.0,884.96,884.96,Almaceneselrey/2026-07-02_50602072600310261532902000068010000112685125690495.pdf,30,Accesorio eléctrico (genérico),Electricidad,Material permanente,Unidad,Instalación eléctrica,2,Media,No,,
ALMACENES EL REY LTDA.,2000068010000112685,2026-07-02,JARRA VIDRIO 205ML T,1.0,398.23,398.23,Almaceneselrey/2026-07-02_50602072600310261532902000068010000112685125690495.pdf,31,Vidrio / espejo,Vidrios,Material permanente,Unidad,Cerramientos|Baños,3,Alta,No,,
ALMACENES EL REY LTDA.,2000068010000112685,2026-07-02,JARRA VIDRIO 205ML T,1.0,398.23,398.23,Almaceneselrey/2026-07-02_50602072600310261532902000068010000112685125690495.pdf,32,Vidrio / espejo,Vidrios,Material permanente,Unidad,Cerramientos|Baños,3,Alta,No,,
ALMACENES EL REY LTDA.,2000068010000112685,2026-07-02,JARRA VIDRIO 205ML T,1.0,398.23,398.23,Almaceneselrey/2026-07-02_50602072600310261532902000068010000112685125690495.pdf,33,Vidrio / espejo,Vidrios,Material permanente,Unidad,Cerramientos|Baños,3,Alta,No,,
ALMACENES EL REY LTDA.,2000068010000112685,2026-07-02,JARRA VIDRIO 205ML T,1.0,398.23,398.23,Almaceneselrey/2026-07-02_50602072600310261532902000068010000112685125690495.pdf,34,Vidrio / espejo,Vidrios,Material permanente,Unidad,Cerramientos|Baños,3,Alta,No,,
ALMACENES EL REY LTDA.,2000068010000112685,2026-07-02,BEBIDA SMART ALOE VE,1.0,907.08,907.08,Almaceneselrey/2026-07-02_50602072600310261532902000068010000112685125690495.pdf,35,Compra no constructiva,No constructivo,No incorporado,Unidad,No aplica,5,Alta,No,,
COLOR CENTRO BELEN LTDA.,100001010000071424,2025-07-18,ACRILICO PREPARADO PASTEL 1/4 N - Ref:,1.0,18701.0,18701.0,Color Centro Bel#U00e9n Ltda/2025-07-18_FE-50618072500310209001300100001010000071424112870000.pdf,36,Acrílico / sellador,Selladores,Consumible de obra,Unidad,Acabados,4,Alta,No,,
COLOR CENTRO BELEN LTDA.,100001010000072262,2025-08-22,ACRILICO PREPARADO PASTEL 1/4 N,1.0,18701.0,18701.0,Color Centro Bel#U00e9n Ltda/2025-08-22_FE-50622082500310209001300100001010000072262117787000.pdf,37,Acrílico / sellador,Selladores,Consumible de obra,Unidad,Acabados,4,Alta,No,,
COLOR CENTRO BELEN LTDA.,100001010000072810,2025-09-16,ACRILICO PREPARADO PASTEL 1/4 N,1.0,18700.0,18700.0,Color Centro Bel#U00e9n Ltda/2025-09-16_FE-50616092500310209001300100001010000072810177440000.pdf,38,Acrílico / sellador,Selladores,Consumible de obra,Unidad,Acabados,4,Alta,No,,
COLOR CENTRO BELEN LTDA.,100001010000072812,2025-09-16,OSA LIJA PARA AGUA PLIEGO #100,10.0,565.0,5650.0,Color Centro Bel#U00e9n Ltda/2025-09-16_FE-50616092500310209001300100001010000072812152800000.pdf,39,Lija,Pintura y acabados,Consumible de obra,Unidad,Acabados,4,Alta,No,,
COLOR CENTRO BELEN LTDA.,100001010000073148,2025-09-29,"FASAUTO MASKING VERDE 3/4"" X 50m",5.0,1600.0,8000.0,Color Centro Bel#U00e9n Ltda/2025-09-29_FE-50629092500310209001300100001010000073148126796000.pdf,40,Cinta masking,Pintura,Consumible de obra,Unidad,Pintura,3,Alta,No,,
COLOR CENTRO BELEN LTDA.,100001010000073230,2025-10-01,"HYSTIK MASKING TAPE #799 1 1/2"" X 30M",5.0,1800.0,9000.0,Color Centro Bel#U00e9n Ltda/2025-10-01_FE-50601102500310209001300100001010000073230198670000.pdf,41,Cinta masking,Pintura,Consumible de obra,Unidad,Pintura,3,Alta,No,,
COLOR CENTRO BELEN LTDA.,100001010000073808,2025-10-24,ACRILICO PREPARADO PASTEL 1/4 N,1.0,18700.5,18700.5,Color Centro Bel#U00e9n Ltda/2025-10-24_FE-50624102500310209001300100001010000073808155000000.pdf,42,Acrílico / sellador,Selladores,Consumible de obra,Unidad,Acabados,4,Alta,No,,
COLOR CENTRO BELEN LTDA.,100001010000075403,2025-12-26,ACRILICO PREPARADO PASTEL 1/4 N,1.0,18700.0,18700.0,Color Centro Bel#U00e9n Ltda/2025-12-26_FE-50626122500310209001300100001010000075403130960000.pdf,43,Acrílico / sellador,Selladores,Consumible de obra,Unidad,Acabados,4,Alta,No,,
COLOR CENTRO BELEN LTDA.,100001010000075403,2025-12-26,SUR SELLADOR SUPER CONCENTRADO 1/4,1.0,6450.0,6450.0,Color Centro Bel#U00e9n Ltda/2025-12-26_FE-50626122500310209001300100001010000075403130960000.pdf,44,Adhesivo / sellador (genérico),Adhesivos y selladores,Consumible de obra,Unidad,Acabados,4,Media,No,,
COLOR CENTRO BELEN LTDA.,100001010000075403,2025-12-26,OSA LIJA PARA AGUA PLIEGO #100,2.0,565.0,1130.0,Color Centro Bel#U00e9n Ltda/2025-12-26_FE-50626122500310209001300100001010000075403130960000.pdf,45,Lija,Pintura y acabados,Consumible de obra,Unidad,Acabados,4,Alta,No,,
COLOR CENTRO BELEN LTDA.,100001010000075403,2025-12-26,"SPARK MASKING AMARILLO 2""",2.0,4800.0,9600.0,Color Centro Bel#U00e9n Ltda/2025-12-26_FE-50626122500310209001300100001010000075403130960000.pdf,46,Cinta masking,Pintura,Consumible de obra,Unidad,Pintura,3,Alta,No,,
COLOR CENTRO BELEN LTDA.,100001010000075403,2025-12-26,MALCO TRU-GRIT POLISH REENVASADO,1.0,6000.0,6000.0,Color Centro Bel#U00e9n Ltda/2025-12-26_FE-50626122500310209001300100001010000075403130960000.pdf,47,Malco Tru-Grit Polish Reenvasado,Otros insumos,Otro registrado,Unidad,Otros,4,Baja,No,,
COLOR CENTRO BELEN LTDA.,100001010000075403,2025-12-26,FRANELA BLANCA METRO,1.0,2950.0,2950.0,Color Centro Bel#U00e9n Ltda/2025-12-26_FE-50626122500310209001300100001010000075403130960000.pdf,48,Franela Blanca Metro,Otros insumos,Otro registrado,Unidad,Otros,4,Baja,No,,
COLOR CENTRO BELEN LTDA.,100001010000077570,2026-03-19,OSA LIJA PARA AGUA PLIEGO #150,8.0,530.0,4240.0,Color Centro Bel#U00e9n Ltda/2026-03-19_FE-50619032600310209001300100001010000077570171280000.pdf,49,Lija,Pintura y acabados,Consumible de obra,Unidad,Acabados,4,Alta,No,,
COLOR CENTRO BELEN LTDA.,100001010000079523,2026-06-09,SUR APAREJO UNIVERSAL BLANCO 1/4,2.0,8192.7,16385.4,Color Centro Bel#U00e9n Ltda/2026-06-09_FE-50609062600310209001300100001010000079523114880000.pdf,50,Anticorrosivo,Pintura,Material permanente,Unidad,Estructura metálica|Pintura,3,Alta,No,,
COLOR CENTRO BELEN LTDA.,100001010000080022,2026-06-29,ACRILICO PREPARADO PASTEL 1/2 GLN N,1.0,37000.0,37000.0,Color Centro Bel#U00e9n Ltda/2026-06-29_FE-50629062600310209001300100001010000080022117225000.pdf,51,Acrílico / sellador,Selladores,Consumible de obra,Unidad,Acabados,4,Alta,No,,
CORPORACION COMERCIAL EL LAGAR,2700019010000039581,2025-01-03,PVC CODO SANITARIO DELGADO 100MM X 45° (NACIONAL),4.0,3798.0,15192.0,Ellagar/2025-01-03_FE_50603012500310130324802700019010000039581128653193.pdf,52,Accesorio PVC sanitario,Plomería sanitaria,Material permanente,Unidad,Instalación sanitaria,2,Alta,No,,
CORPORACION COMERCIAL EL LAGAR,2700019010000039581,2025-01-03,"LLAVE CONTROL ESCUADRA 1/4 VUELTA 1/2 X 1/2"" IP-120 COFLEX",2.0,4592.12,9184.24,Ellagar/2025-01-03_FE_50603012500310130324802700019010000039581128653193.pdf,53,Llave / válvula hidráulica,Plomería,Material permanente,Unidad,Instalaciones hidrosanitarias,2,Alta,No,,
CORPORACION COMERCIAL EL LAGAR,2700019010000039581,2025-01-03,"BISAGRA 3 X 3"" DORADA CON TORN S081-100 STANLEY (NATIONAL)",2.0,2207.08,4414.16,Ellagar/2025-01-03_FE_50603012500310130324802700019010000039581128653193.pdf,54,Cerrajería,Puertas y cerraduras,Material permanente,Unidad,Puertas,3,Alta,No,,
CORPORACION COMERCIAL EL LAGAR,2700019010000039581,2025-01-03,"CINTA TEFLON 3/4"" X 7MTS CTF-3/4 TRUPER",1.0,275.82,275.82,Ellagar/2025-01-03_FE_50603012500310130324802700019010000039581128653193.pdf,55,Cinta teflón,Plomería,Consumible de obra,Unidad,Instalaciones hidrosanitarias,2,Alta,No,,
CORPORACION COMERCIAL EL LAGAR,2700019010000039581,2025-01-03,"LLAVE CHORRO 1/2"" V79-110DH P.P.",2.0,5594.04,11188.08,Ellagar/2025-01-03_FE_50603012500310130324802700019010000039581128653193.pdf,56,Llave / válvula hidráulica,Plomería,Material permanente,Unidad,Instalaciones hidrosanitarias,2,Alta,No,,
CORPORACION COMERCIAL EL LAGAR,2700019010000039581,2025-01-03,CARRETILLO VERDE P/ CONSTRUCCION RUEDA HULE 65L ESPARTACO,2.0,38896.46,77792.92,Ellagar/2025-01-03_FE_50603012500310130324802700019010000039581128653193.pdf,57,Herramienta / equipo,Herramientas y equipo,Herramienta/equipo,Envase 65 L,No incorporado,5,Alta,No,,
CORPORACION COMERCIAL EL LAGAR,2700019010000039581,2025-01-03,PALA CARRILERA TRUPER PUÑO MADERA CLASICA PRY U,4.0,8339.33,33357.32,Ellagar/2025-01-03_FE_50603012500310130324802700019010000039581128653193.pdf,58,Pala / pico,Herramientas y equipo,Herramienta/equipo,Unidad,No incorporado,5,Alta,No,,
CORPORACION COMERCIAL EL LAGAR,2700019010000039581,2025-01-03,"PVC ADAPTADOR HEMBRA PRESION SCH-40 12MM - 1/2"" (NACIONAL)",5.0,215.28,1076.4,Ellagar/2025-01-03_FE_50603012500310130324802700019010000039581128653193.pdf,59,PVC presión SCH40 1/2 in x 6 m,Plomería potable,Material permanente,Unidad,Agua potable,2,Alta,No,,
CORPORACION COMERCIAL EL LAGAR,2700019010000039581,2025-01-03,"PVC ADAPTADOR MACHO PRESION SCH-40 12MM - 1/2"" (NACIONAL)",5.0,135.55,677.75,Ellagar/2025-01-03_FE_50603012500310130324802700019010000039581128653193.pdf,60,PVC presión SCH40 1/2 in x 6 m,Plomería potable,Material permanente,Unidad,Agua potable,2,Alta,No,,
CORPORACION COMERCIAL EL LAGAR,2700019010000039581,2025-01-03,PVC CODO LISO PRESION SCH-40 12MM X 90° (NACIONAL),5.0,167.44,837.2,Ellagar/2025-01-03_FE_50603012500310130324802700019010000039581128653193.pdf,61,Accesorio PVC/CPVC,Plomería,Material permanente,Unidad,Instalaciones hidrosanitarias,2,Alta,No,,
CORPORACION COMERCIAL EL LAGAR,2700019010000039581,2025-01-03,"PVC TUBO PRESION SCH-40 1/2""- 12MM X 6MTS (NACIONAL)",5.0,4392.0,21960.0,Ellagar/2025-01-03_FE_50603012500310130324802700019010000039581128653193.pdf,62,PVC presión SCH40 1/2 in x 6 m,Plomería potable,Material permanente,Pieza 6 m,Agua potable,2,Alta,No,,
CORPORACION COMERCIAL EL LAGAR,2700019010000039581,2025-01-03,PEGAMENTO PVC RESISTE EL AGUA 1/4 WET DRY SM248-5 LANCO,1.0,13365.27,13365.27,Ellagar/2025-01-03_FE_50603012500310130324802700019010000039581128653193.pdf,63,Pegamento PVC,Plomería,Consumible de obra,Unidad,Instalaciones hidrosanitarias,2,Alta,No,,
CORPORACION COMERCIAL EL LAGAR,2700019010000039581,2025-01-03,"PVC TUBO SANITARIO DELGADO SDR-50 4""- 100MM X 6MTS(NACIONAL)",1.0,13618.0,13618.0,Ellagar/2025-01-03_FE_50603012500310130324802700019010000039581128653193.pdf,64,PVC sanitario 4 in x 6 m,Plomería sanitaria,Material permanente,Pieza 6 m,Instalación sanitaria,2,Alta,No,,
CORPORACION COMERCIAL EL LAGAR,2700019010000039581,2025-01-03,TUBO IND.RECT. 50X25 1.20MMX6MTS,4.0,4672.44,18689.76,Ellagar/2025-01-03_FE_50603012500310130324802700019010000039581128653193.pdf,65,Tubo industrial metálico,Estructura metálica,Material permanente,Pieza 6 m,Estructura|Carpintería metálica,2,Alta,No,,
CORPORACION COMERCIAL EL LAGAR,2700019010000039581,2025-01-03,SEMIDURO REGLA SIN CEPILLO 25 X 75 MM 4VRAS,60.0,1479.0,88740.0,Ellagar/2025-01-03_FE_50603012500310130324802700019010000039581128653193.pdf,66,Semiduro madera,Madera,Consumible de obra,Unidad,Formaleta|Carpintería,4,Alta,No,,
CORPORACION COMERCIAL EL LAGAR,2700019010000039581,2025-01-03,CLAVO CORRIENTE C/CABEZA 2 1/2 65MM,23.0,744.51,17123.73,Ellagar/2025-01-03_FE_50603012500310130324802700019010000039581128653193.pdf,67,Clavo,Ferretería,Consumible de obra,Unidad,Múltiples etapas,4,Alta,No,,
CORPORACION COMERCIAL EL LAGAR,2700019010000039581,2025-01-03,"TORNILLO TECHO PUNTA CORRIENTE GALVA 1/4 X 2 1/2"" BLT 12UND",25.0,1234.16,30854.000000000004,Ellagar/2025-01-03_FE_50603012500310130324802700019010000039581128653193.pdf,68,Tornillo / fijación,Ferretería,Consumible de obra,Unidad,Múltiples etapas,4,Alta,No,,
CORPORACION COMERCIAL EL LAGAR,2700019010000039581,2025-01-03,H.G OND. (#28) 0.30MM 0.81X3.66 COMERCIAL,25.0,4420.35,110508.75000000001,Ellagar/2025-01-03_FE_50603012500310130324802700019010000039581128653193.pdf,69,Lámina techo ondulada #28,Cubierta y techo,Material permanente,Unidad,Cubierta,2,Alta,No,,
CORPORACION COMERCIAL EL LAGAR,2700019010000039581,2025-01-03,"TORNILLO METAL CILINDRICO 10 X 2"" BLISTER 10UND",1.0,739.82,739.82,Ellagar/2025-01-03_FE_50603012500310130324802700019010000039581128653193.pdf,70,Tornillo / fijación,Ferretería,Consumible de obra,Unidad,Múltiples etapas,4,Alta,No,,
CORPORACION COMERCIAL EL LAGAR,2700019010000039581,2025-01-03,ESPANDER PLASTICO #8 BLISTER 10UND,1.0,207.96,207.96,Ellagar/2025-01-03_FE_50603012500310130324802700019010000039581128653193.pdf,71,Espander Plastico #8 Blister 10Und,Otros insumos,Otro registrado,Unidad,Otros,4,Baja,No,,
CORPORACION COMERCIAL EL LAGAR,2700019010000039581,2025-01-03,TUBO ABASTO P/INODORO METAL FLEX. 1/2X7/8X40CM #EAS-E40 COFL,1.0,2510.71,2510.71,Ellagar/2025-01-03_FE_50603012500310130324802700019010000039581128653193.pdf,72,Inodoro,Sanitarios,Material permanente,Unidad,Aparatos sanitarios,3,Alta,No,,
CORPORACION COMERCIAL EL LAGAR,2700019010000039581,2025-01-03,"BRIDA FLEXIBLE CORTA 4""- 100MM 2-PB-200 COFLEX",1.0,4249.56,4249.56,Ellagar/2025-01-03_FE_50603012500310130324802700019010000039581128653193.pdf,73,Brida / flange sanitario,Plomería sanitaria,Material permanente,Unidad,Instalación sanitaria,2,Alta,No,,
CORPORACION COMERCIAL EL LAGAR,2700019010000039581,2025-01-03,INODORO ECOLINE BLANCO DESC/SENC 5L 1903123020 INCESA,1.0,39460.18,39460.18,Ellagar/2025-01-03_FE_50603012500310130324802700019010000039581128653193.pdf,74,Inodoro,Sanitarios,Material permanente,Envase 5 L,Aparatos sanitarios,3,Alta,No,,
CORPORACION COMERCIAL EL LAGAR,2700019010000039581,2025-01-03,MALLA SARAN 80% X 2MTS ANCHO NEGRO X METRO LINEAL,80.0,619.47,49557.600000000006,Ellagar/2025-01-03_FE_50603012500310130324802700019010000039581128653193.pdf,75,Malla sarán,Protección de obra,Consumible de obra,Unidad,Obra gris,4,Alta,No,,
CORPORACION COMERCIAL EL LAGAR,2700019010000039581,2025-01-03,SEMIDURO ALFAJILLA SIN CEPILLO 50 X 75MM 4VRAS,40.0,3548.0,141920.0,Ellagar/2025-01-03_FE_50603012500310130324802700019010000039581128653193.pdf,76,Semiduro madera,Madera,Consumible de obra,Unidad,Formaleta|Carpintería,4,Alta,No,,
CORPORACION COMERCIAL EL LAGAR,2700019010000039581,2025-01-03,SERVICIO TRANSPORTE,1.0,0.01,0.01,Ellagar/2025-01-03_FE_50603012500310130324802700019010000039581128653193.pdf,77,Transporte / flete,Servicios,Servicio,Unidad,Logística,5,Alta,No,,
CORPORACION COMERCIAL EL LAGAR,2700019010000039713,2025-01-06,ENCHUFE 15A 125V #1709 POLARIZADO EAGLE,2.0,963.72,1927.44,Ellagar/2025-01-06_FE_50606012500310130324802700019010000039713165284599.pdf,78,Enchufe / apagador,Electricidad,Material permanente,Unidad,Instalación eléctrica,2,Alta,No,,
CORPORACION COMERCIAL EL LAGAR,2700019010000039713,2025-01-06,TOMA EXTENSION 15A 125V #222 POLARIZADO C/GAZA EAGLE,2.0,1266.37,2532.74,Ellagar/2025-01-06_FE_50606012500310130324802700019010000039713165284599.pdf,79,Interruptor / toma / caja eléctrica,Electricidad,Material permanente,Unidad,Instalación eléctrica,2,Alta,No,,
CORPORACION COMERCIAL EL LAGAR,2700019010000039713,2025-01-06,TOMA DOBLE D/PARCHE #77-W BLANCO /77-V MARFIL 125V 15A EAGLE,2.0,796.46,1592.92,Ellagar/2025-01-06_FE_50606012500310130324802700019010000039713165284599.pdf,80,Interruptor / toma / caja eléctrica,Electricidad,Material permanente,Unidad,Instalación eléctrica,2,Alta,No,,
CORPORACION COMERCIAL EL LAGAR,2700019010000039713,2025-01-06,APAGADOR D/PARCHE #10150V o W 10A 125V EAGLE,3.0,573.45,1720.3500000000001,Ellagar/2025-01-06_FE_50606012500310130324802700019010000039713165284599.pdf,81,Enchufe / apagador,Electricidad,Material permanente,Unidad,Instalación eléctrica,2,Alta,No,,
CORPORACION COMERCIAL EL LAGAR,2700019010000039713,2025-01-06,BOMBILLO OPACO CORRIENTE 100W 125V P17556 SYLVANIA,3.0,433.63,1300.8899999999999,Ellagar/2025-01-06_FE_50606012500310130324802700019010000039713165284599.pdf,82,Bombillo Opaco Corriente 100W 125V P17556 Sylvania,Otros insumos,Otro registrado,Unidad,Otros,4,Baja,No,,
CORPORACION COMERCIAL EL LAGAR,2700019010000039713,2025-01-06,BT PLAFON E27 100W SUPERFICIAL BLANCO OVAL P21W,3.0,1351.5,4054.5,Ellagar/2025-01-06_FE_50606012500310130324802700019010000039713165284599.pdf,83,Luminaria empotrable,Electricidad,Material permanente,Unidad,Iluminación,2,Alta,No,,
CORPORACION COMERCIAL EL LAGAR,2700019010000039713,2025-01-06,VARILLA COOPER WELL 5/8 C/CONECTOR 1.50MTS U,2.0,8874.34,17748.68,Ellagar/2025-01-06_FE_50606012500310130324802700019010000039713165284599.pdf,84,Varilla refuerzo,Acero refuerzo,Material permanente,Pieza x 6 m,Cimentación|Estructura,1,Alta,No,,
CORPORACION COMERCIAL EL LAGAR,2700019010000039713,2025-01-06,"EMT CONDULETA BOTAGUA 1.1/4""- 31MM UL",2.0,2580.53,5161.06,Ellagar/2025-01-06_FE_50606012500310130324802700019010000039713165284599.pdf,85,Accesorio eléctrico,Electricidad,Material permanente,Unidad,Instalación eléctrica,2,Alta,No,,
CORPORACION COMERCIAL EL LAGAR,2700019010000039713,2025-01-06,COMBO BASE MEDIDOR HIERRO BRM2100MR2-N + BREAKER BR2100 C.H.,2.0,60398.23,120796.46,Ellagar/2025-01-06_FE_50606012500310130324802700019010000039713165284599.pdf,86,Centro de carga / breaker,Electricidad,Material permanente,Unidad,Instalación eléctrica,2,Alta,No,,
CORPORACION COMERCIAL EL LAGAR,2700019010000039713,2025-01-06,GUANTE LATEX XL HGV03-XL INGCO,1.0,1477.88,1477.88,Ellagar/2025-01-06_FE_50606012500310130324802700019010000039713165284599.pdf,87,EPP / protección,Seguridad obra,Consumible de obra,Unidad,Múltiples etapas,4,Alta,No,,
CORPORACION COMERCIAL EL LAGAR,2700019010000039713,2025-01-06,FREGADERO EB DX PARCHE 100X50 DERECHO DU10050D3,1.0,22123.89,22123.89,Ellagar/2025-01-06_FE_50606012500310130324802700019010000039713165284599.pdf,88,Fregadero,Cocina,Material permanente,Unidad,Mobiliario y cocina,4,Alta,No,,
CORPORACION COMERCIAL EL LAGAR,2700019010000039713,2025-01-06,CEMENTO GRIS PROGRESO UG HIDRAULICO 50KLS (GAM),25.0,5464.6,136615.0,Ellagar/2025-01-06_FE_50606012500310130324802700019010000039713165284599.pdf,89,Cemento gris 50 kg,Cemento y concretos,Material permanente,Saco 50 kg,Cimentación|Estructura|Mampostería|Contrapiso,1,Alta,No,50.0,109.292
CORPORACION COMERCIAL EL LAGAR,2700019010000039713,2025-01-06,PLASTICO PARA CONSTRUCCION NEGRO 3MTS ANCHO POR METRO,20.0,424.78,8495.599999999999,Ellagar/2025-01-06_FE_50606012500310130324802700019010000039713165284599.pdf,90,Plástico construcción,Protección de obra,Consumible de obra,Unidad,Múltiples etapas,4,Alta,No,,
CORPORACION COMERCIAL EL LAGAR,2700019010000039713,2025-01-06,VARILLA DEFORMADA GRADO 40 #3 X 6 MTS,20.0,1323.01,26460.2,Ellagar/2025-01-06_FE_50606012500310130324802700019010000039713165284599.pdf,91,Varilla #3,Acero refuerzo,Material permanente,Pieza #3 x 6 m,Cimentación|Estructura|Contrapiso,1,Alta,No,,
CORPORACION COMERCIAL EL LAGAR,2700019010000039713,2025-01-06,CAJA REGIS. CONCRETO P/BARRA TIERRA 10X10X9 PEQUEÑA,2.0,3278.76,6557.52,Ellagar/2025-01-06_FE_50606012500310130324802700019010000039713165284599.pdf,92,Accesorio eléctrico (genérico),Electricidad,Material permanente,Unidad,Instalación eléctrica,2,Media,No,,
CORPORACION COMERCIAL EL LAGAR,2700019010000039713,2025-01-06,"PVC LLAVE PASO BOLA LISA MIP 1/2""- 12MM DURMAN",2.0,2211.5,4423.0,Ellagar/2025-01-06_FE_50606012500310130324802700019010000039713165284599.pdf,93,Llave / válvula hidráulica,Plomería,Material permanente,Unidad,Instalaciones hidrosanitarias,2,Alta,No,,
CORPORACION COMERCIAL EL LAGAR,2700019010000039713,2025-01-06,ALAMBRE NEGRO RECOCIDO DE 1.68MM #16 KILO,20.0,557.7,11154.0,Ellagar/2025-01-06_FE_50606012500310130324802700019010000039713165284599.pdf,94,Alambre negro recocido #16,Acero refuerzo,Consumible de obra,Saco/bolsa 16 kg,Cimentación|Estructura,1,Alta,No,16.0,34.8563
CORPORACION COMERCIAL EL LAGAR,2700019010000039713,2025-01-06,CANDADO 30MM #110-30 YALE,1.0,4844.25,4844.25,Ellagar/2025-01-06_FE_50606012500310130324802700019010000039713165284599.pdf,95,Candado / seguridad,Puertas y cerraduras,Material permanente,Unidad,Puertas,3,Alta,No,,
CORPORACION COMERCIAL EL LAGAR,2700019010000039713,2025-01-06,"MANGUERA NIVEL TRANSPARENTE 1/2""- 12MM X METRO",15.0,1092.92,16393.800000000003,Ellagar/2025-01-06_FE_50606012500310130324802700019010000039713165284599.pdf,96,Herramienta / equipo,Herramientas y equipo,Herramienta/equipo,Unidad,No incorporado,5,Alta,No,,
CORPORACION COMERCIAL EL LAGAR,2700019010000039713,2025-01-06,NIVEL DE ALUMINIO 3 GOTAS 200CM HSL08200 INGCO,1.0,23623.89,23623.89,Ellagar/2025-01-06_FE_50606012500310130324802700019010000039713165284599.pdf,97,Herramienta / equipo,Herramientas y equipo,Herramienta/equipo,Unidad,No incorporado,5,Alta,No,,
CORPORACION COMERCIAL EL LAGAR,2700019010000039713,2025-01-06,CUERDA ALBAÑIL #24 115GRMS BLANCA,4.0,798.67,3194.68,Ellagar/2025-01-06_FE_50606012500310130324802700019010000039713165284599.pdf,98,Herramienta / accesorio herramienta,Herramientas y equipo,Herramienta/equipo,Unidad,No incorporado,5,Alta,No,,
CORPORACION COMERCIAL EL LAGAR,2700019010000039713,2025-01-06,CABLE THHN ECOPLUS #12 NEGRO CAJA 100MTS VIAKON/CONDUCEN,1.0,26548.67,26548.67,Ellagar/2025-01-06_FE_50606012500310130324802700019010000039713165284599.pdf,99,Cable eléctrico,Electricidad,Material permanente,Unidad,Instalación eléctrica,2,Alta,No,,
CORPORACION COMERCIAL EL LAGAR,2700019010000039713,2025-01-06,CABLE THHN ECOPLUS #12 ROJO CAJA 100MTS VIAKON/CONDUCEN,1.0,26548.67,26548.67,Ellagar/2025-01-06_FE_50606012500310130324802700019010000039713165284599.pdf,100,Cable eléctrico,Electricidad,Material permanente,Unidad,Instalación eléctrica,2,Alta,No,,
CORPORACION COMERCIAL EL LAGAR,2700019010000039713,2025-01-06,CRAYON AMARILLO C/FORRO 797 LYRA U,24.0,840.71,20177.04,Ellagar/2025-01-06_FE_50606012500310130324802700019010000039713165284599.pdf,101,Consumible / herramienta de obra,Ferretería,Consumible de obra,Unidad,Múltiples etapas,4,Media,No,,
CORPORACION COMERCIAL EL LAGAR,2700019010000039713,2025-01-06,LAPIZ CARPINTERO #333 LYRA U,2.0,840.71,1681.42,Ellagar/2025-01-06_FE_50606012500310130324802700019010000039713165284599.pdf,102,Recubrimiento / pintura (genérico),Pintura,Material permanente,Unidad,Pintura,3,Media,No,,
CORPORACION COMERCIAL EL LAGAR,2700019010000039713,2025-01-06,SERVICIO TRANSPORTE,1.0,0.01,0.01,Ellagar/2025-01-06_FE_50606012500310130324802700019010000039713165284599.pdf,103,Transporte / flete,Servicios,Servicio,Unidad,Logística,5,Alta,No,,
CORPORACION COMERCIAL EL LAGAR,2700019010000039714,2025-01-06,AGREGADO PIEDRA QUINTA GAM,6.0,17433.63,104601.78,Ellagar/2025-01-06_FE_50606012500310130324802700019010000039714174686550.pdf,104,Piedra / agregado,Agregados,Material permanente,m³,Cimentación|Estructura|Contrapiso,1,Alta,No,,
CORPORACION COMERCIAL EL LAGAR,2700019010000039714,2025-01-06,AGREGADO ARENA TAJO M3 GAM,6.0,17964.6,107787.59999999999,Ellagar/2025-01-06_FE_50606012500310130324802700019010000039714174686550.pdf,105,Arena,Agregados,Material permanente,m³,Cimentación|Estructura|Mampostería|Contrapiso,1,Alta,No,,
CORPORACION COMERCIAL EL LAGAR,2700018010000039109,2025-01-08,TAPE ELECTRICO SUPER #33 3M NEGRO 20MTS U,1.0,2965.35,2965.35,Ellagar/2025-01-08_FE_50608012500310130324802700018010000039109134364733.pdf,106,Cinta eléctrica,Electricidad,Consumible de obra,Unidad,Instalación eléctrica,2,Alta,No,,
CORPORACION COMERCIAL EL LAGAR,2700018010000039109,2025-01-08,"CINTA TEFLON 3/4"" X 7MTS CTF-3/4 TRUPER",1.0,277.52,277.52,Ellagar/2025-01-08_FE_50608012500310130324802700018010000039109134364733.pdf,107,Cinta teflón,Plomería,Consumible de obra,Unidad,Instalaciones hidrosanitarias,2,Alta,No,,
CORPORACION COMERCIAL EL LAGAR,2700018010000039109,2025-01-08,"CLAVO DE ACERO 3.5X50MM (2"") GRUESO BAR",250.0,28.25,7062.5,Ellagar/2025-01-08_FE_50608012500310130324802700018010000039109134364733.pdf,108,Clavo,Ferretería,Consumible de obra,Unidad,Múltiples etapas,4,Alta,No,,
CORPORACION COMERCIAL EL LAGAR,2700018010000039109,2025-01-08,SEMIDURO TABLA SIN CEPILLO 25 X200 M.M. VRAS,60.0,1125.66,67539.6,Ellagar/2025-01-08_FE_50608012500310130324802700018010000039109134364733.pdf,109,Semiduro madera,Madera,Consumible de obra,Pieza 200 m,Formaleta|Carpintería,4,Alta,No,,
CORPORACION COMERCIAL EL LAGAR,2700018010000039109,2025-01-08,SEMIDURO REGLA SIN CEPILLO 25 X 75 MM 4VRAS,25.0,1673.64,41841.0,Ellagar/2025-01-08_FE_50608012500310130324802700018010000039109134364733.pdf,110,Semiduro madera,Madera,Consumible de obra,Unidad,Formaleta|Carpintería,4,Alta,No,,
CORPORACION COMERCIAL EL LAGAR,2700018010000039109,2025-01-08,CABLE THHN ECOPLUS #8 VERDE X METRO VIAKON/CONDUCEN,10.0,802.83,8028.3,Ellagar/2025-01-08_FE_50608012500310130324802700018010000039109134364733.pdf,111,Cable eléctrico,Electricidad,Material permanente,Unidad,Instalación eléctrica,2,Alta,No,,
CORPORACION COMERCIAL EL LAGAR,2700018010000039109,2025-01-08,CABLE THHN ECOPLUS #2 BLANCO X METRO VIAKON/CONDUCEN,10.0,3389.73,33897.3,Ellagar/2025-01-08_FE_50608012500310130324802700018010000039109134364733.pdf,112,Cable THHN #2,Electricidad,Material permanente,Unidad,Instalación eléctrica,2,Alta,No,,
CORPORACION COMERCIAL EL LAGAR,2700018010000039109,2025-01-08,CABLE THHN ECOPLUS #2 ROJO X METRO VIAKON/CONDUCEN,20.0,3389.73,67794.6,Ellagar/2025-01-08_FE_50608012500310130324802700018010000039109134364733.pdf,113,Cable THHN #2,Electricidad,Material permanente,Unidad,Instalación eléctrica,2,Alta,No,,
CORPORACION COMERCIAL EL LAGAR,2700018010000039109,2025-01-08,"EMT UNION PRESION 1/2""- 12MM UL",4.0,278.76,1115.04,Ellagar/2025-01-08_FE_50608012500310130324802700018010000039109134364733.pdf,114,Accesorio eléctrico EMT,Electricidad,Material permanente,Unidad,Instalación eléctrica,2,Alta,No,,
CORPORACION COMERCIAL EL LAGAR,2700018010000039109,2025-01-08,"CURVA EMT 1/2""- 12MM UL",2.0,553.54,1107.08,Ellagar/2025-01-08_FE_50608012500310130324802700018010000039109134364733.pdf,115,Accesorio eléctrico EMT,Electricidad,Material permanente,Unidad,Instalación eléctrica,2,Alta,No,,
CORPORACION COMERCIAL EL LAGAR,2700018010000039109,2025-01-08,TUBO EMT RYMCO 12MM X 3.05 MTS (1/2 PLG) UL,1.0,2566.37,2566.37,Ellagar/2025-01-08_FE_50608012500310130324802700018010000039109134364733.pdf,116,Accesorio eléctrico EMT,Electricidad,Material permanente,Pieza 3.05 m,Instalación eléctrica,2,Alta,No,,
CORPORACION COMERCIAL EL LAGAR,2700018010000039109,2025-01-08,"EMT CONECTOR PRESION 1/2""- 12MM UL",4.0,304.42,1217.68,Ellagar/2025-01-08_FE_50608012500310130324802700018010000039109134364733.pdf,117,Accesorio eléctrico EMT,Electricidad,Material permanente,Unidad,Instalación eléctrica,2,Alta,No,,
CORPORACION COMERCIAL EL LAGAR,2700018010000039109,2025-01-08,"EMT TUBO UL 3/4""- 18MM X 3MTS",2.0,3120.35,6240.7,Ellagar/2025-01-08_FE_50608012500310130324802700018010000039109134364733.pdf,118,Accesorio eléctrico EMT,Electricidad,Material permanente,Pieza 3 m,Instalación eléctrica,2,Alta,No,,
CORPORACION COMERCIAL EL LAGAR,2700018010000039109,2025-01-08,"EMT CONECTOR PRESION 3/4""- 18MM UL",4.0,376.73,1506.92,Ellagar/2025-01-08_FE_50608012500310130324802700018010000039109134364733.pdf,119,Accesorio eléctrico EMT,Electricidad,Material permanente,Unidad,Instalación eléctrica,2,Alta,No,,
CORPORACION COMERCIAL EL LAGAR,2700018010000039109,2025-01-08,"EMT CONDULETA BOTAGUA 3/4""- 18MM UL",2.0,1267.17,2534.34,Ellagar/2025-01-08_FE_50608012500310130324802700018010000039109134364733.pdf,120,Accesorio eléctrico,Electricidad,Material permanente,Unidad,Instalación eléctrica,2,Alta,No,,
CORPORACION COMERCIAL EL LAGAR,2700018010000039109,2025-01-08,"EMT CONECTOR PRESION 1.1/4""- 31MM UL",4.0,905.66,3622.64,Ellagar/2025-01-08_FE_50608012500310130324802700018010000039109134364733.pdf,121,Accesorio eléctrico EMT,Electricidad,Material permanente,Unidad,Instalación eléctrica,2,Alta,No,,
CORPORACION COMERCIAL EL LAGAR,2700018010000039109,2025-01-08,TUBO EMT RYMCO 31 MM X 3.05 MTS (1.1/4 PLG) UL,2.0,9905.31,19810.62,Ellagar/2025-01-08_FE_50608012500310130324802700018010000039109134364733.pdf,122,Accesorio eléctrico EMT,Electricidad,Material permanente,Pieza 3.05 m,Instalación eléctrica,2,Alta,No,,
CORPORACION COMERCIAL EL LAGAR,2700018010000039109,2025-01-08,"VARILLA COOPER WELL SIN CONECTOR 5/8 X 10"" (3.00MTS) UL",2.0,16162.57,32325.14,Ellagar/2025-01-08_FE_50608012500310130324802700018010000039109134364733.pdf,123,Varilla #3,Acero refuerzo,Material permanente,Pieza #3 x 6 m,Cimentación|Estructura|Contrapiso,1,Alta,No,,
CORPORACION COMERCIAL EL LAGAR,2700018010000039109,2025-01-08,SERVICIO TRANSPORTE,1.0,0.01,0.01,Ellagar/2025-01-08_FE_50608012500310130324802700018010000039109134364733.pdf,124,Transporte / flete,Servicios,Servicio,Unidad,Logística,5,Alta,No,,
CORPORACION COMERCIAL EL LAGAR,2700017010000047532,2025-01-13,"LLAVE BAÑO EMPOTRAR 1/2"" 13111 (0131130 PF) P.P.",1.0,27871.68,27871.68,Ellagar/2025-01-13_FE_50613012500310130324802700017010000047532130682641.pdf,125,Luminaria empotrable,Electricidad,Material permanente,Unidad,Iluminación,2,Alta,No,,
CORPORACION COMERCIAL EL LAGAR,2700017010000047532,2025-01-13,PVC REDUCCION SANITARIA DELGADA SDR-32.5 100 X 50MM,2.0,3704.42,7408.84,Ellagar/2025-01-13_FE_50613012500310130324802700017010000047532130682641.pdf,126,Reducción sanitaria,Plomería sanitaria,Material permanente,Unidad,Instalación sanitaria,2,Alta,No,,
CORPORACION COMERCIAL EL LAGAR,2700017010000047532,2025-01-13,"PVC TEE SANITARIA DELGADA 100MM - 4"" (NACIONAL)",2.0,6603.54,13207.08,Ellagar/2025-01-13_FE_50613012500310130324802700017010000047532130682641.pdf,127,Accesorio PVC sanitario,Plomería sanitaria,Material permanente,Unidad,Instalación sanitaria,2,Alta,No,,
CORPORACION COMERCIAL EL LAGAR,2700017010000047532,2025-01-13,"PVC UNION TOPE PRESION SCH-40 12MM - 1/2""",2.0,2335.4,4670.8,Ellagar/2025-01-13_FE_50613012500310130324802700017010000047532130682641.pdf,128,Tope puerta,Puertas y cerraduras,Material permanente,Unidad,Puertas,3,Alta,No,,
CORPORACION COMERCIAL EL LAGAR,2700017010000047532,2025-01-13,PVC SIFON SIN REGISTRO DELGADO SDR-32.5 50MM,5.0,7006.19,35030.95,Ellagar/2025-01-13_FE_50613012500310130324802700017010000047532130682641.pdf,129,Sifón sanitario,Plomería sanitaria,Material permanente,Unidad,Instalación sanitaria,2,Alta,No,,
CORPORACION COMERCIAL EL LAGAR,2700017010000047532,2025-01-13,PVC CODO SANITARIO DELGADO 50MM X 45° (NACIONAL),5.0,966.37,4831.85,Ellagar/2025-01-13_FE_50613012500310130324802700017010000047532130682641.pdf,130,Accesorio PVC sanitario,Plomería sanitaria,Material permanente,Unidad,Instalación sanitaria,2,Alta,No,,
CORPORACION COMERCIAL EL LAGAR,2700017010000047532,2025-01-13,PVC CODO SANITARIO DELGADO 50MM X 90° (NACIONAL),5.0,1046.9,5234.5,Ellagar/2025-01-13_FE_50613012500310130324802700017010000047532130682641.pdf,131,Accesorio PVC sanitario,Plomería sanitaria,Material permanente,Unidad,Instalación sanitaria,2,Alta,No,,
CORPORACION COMERCIAL EL LAGAR,2700017010000047532,2025-01-13,"CPVC TAPON LISO AGUA CALIENTE 12MM - 1/2""",4.0,434.87,1739.48,Ellagar/2025-01-13_FE_50613012500310130324802700017010000047532130682641.pdf,132,CPVC 1/2 in x 6 m,Plomería agua caliente,Material permanente,Unidad,Agua caliente,2,Alta,No,,
CORPORACION COMERCIAL EL LAGAR,2700017010000047532,2025-01-13,PVC TAPON HEMBRA LISO PRESION SCH-40 12MM,10.0,120.8,1208.0,Ellagar/2025-01-13_FE_50613012500310130324802700017010000047532130682641.pdf,133,Accesorio PVC/CPVC,Plomería,Material permanente,Unidad,Instalaciones hidrosanitarias,2,Alta,No,,
CORPORACION COMERCIAL EL LAGAR,2700017010000047532,2025-01-13,"CPVC TUBO AGUA CALIENTE 1/2""- 12MM X 6MTS",6.0,10791.15,64746.899999999994,Ellagar/2025-01-13_FE_50613012500310130324802700017010000047532130682641.pdf,134,CPVC 1/2 in x 6 m,Plomería agua caliente,Material permanente,Pieza 6 m,Agua caliente,2,Alta,No,,
CORPORACION COMERCIAL EL LAGAR,2700017010000047532,2025-01-13,CPVC CODO LISO PRESION AGUA CALIENTE 12MM X 90°,10.0,442.92,4429.2,Ellagar/2025-01-13_FE_50613012500310130324802700017010000047532130682641.pdf,135,Accesorio PVC/CPVC,Plomería,Material permanente,Unidad,Instalaciones hidrosanitarias,2,Alta,No,,
CORPORACION COMERCIAL EL LAGAR,2700017010000047532,2025-01-13,PVC CODO LISO PRESION SCH-40 12MM X 90° (NACIONAL),10.0,169.12,1691.2,Ellagar/2025-01-13_FE_50613012500310130324802700017010000047532130682641.pdf,136,Accesorio PVC/CPVC,Plomería,Material permanente,Unidad,Instalaciones hidrosanitarias,2,Alta,No,,
CORPORACION COMERCIAL EL LAGAR,2700017010000047532,2025-01-13,"PVC TUBO PRESION SCH-40 1/2""- 12MM X 6MTS (NACIONAL)",4.0,4751.33,19005.32,Ellagar/2025-01-13_FE_50613012500310130324802700017010000047532130682641.pdf,137,PVC presión SCH40 1/2 in x 6 m,Plomería potable,Material permanente,Pieza 6 m,Agua potable,2,Alta,No,,
CORPORACION COMERCIAL EL LAGAR,2700017010000047532,2025-01-13,"PVC TUBO SANITARIO DELGADO SDR-50 4""- 100MM X 6MTS(NACIONAL)",2.0,15059.29,30118.58,Ellagar/2025-01-13_FE_50613012500310130324802700017010000047532130682641.pdf,138,PVC sanitario 4 in x 6 m,Plomería sanitaria,Material permanente,Pieza 6 m,Instalación sanitaria,2,Alta,No,,
CORPORACION COMERCIAL EL LAGAR,2700017010000047532,2025-01-13,"PVC TUBO SANITARIO DELGADO SDR-50 2""- 50MM X 6MTS (NACIONAL)",2.0,7006.19,14012.38,Ellagar/2025-01-13_FE_50613012500310130324802700017010000047532130682641.pdf,139,PVC sanitario 2 in x 6 m,Plomería sanitaria,Material permanente,Pieza 6 m,Instalación sanitaria,2,Alta,No,,
CORPORACION COMERCIAL EL LAGAR,2700017010000047532,2025-01-13,CONDUIT UNION UL 50MM TIPO A,5.0,517.7,2588.5,Ellagar/2025-01-13_FE_50613012500310130324802700017010000047532130682641.pdf,140,Conduit 2 in,Electricidad,Material permanente,Unidad,Instalación eléctrica,2,Alta,No,,
CORPORACION COMERCIAL EL LAGAR,2700017010000047532,2025-01-13,"CONDUIT TUBO UL 2""- 50MM X 3.05MTS TIPO A",5.0,7200.0,36000.0,Ellagar/2025-01-13_FE_50613012500310130324802700017010000047532130682641.pdf,141,Conduit 2 in,Electricidad,Material permanente,Pieza 3.05 m,Instalación eléctrica,2,Alta,No,,
CORPORACION COMERCIAL EL LAGAR,2700017010000047532,2025-01-13,CONDUIT UNION UL 25MM TIPO A,10.0,318.58,3185.7999999999997,Ellagar/2025-01-13_FE_50613012500310130324802700017010000047532130682641.pdf,142,Conduit / accesorio,Electricidad,Material permanente,Unidad,Instalación eléctrica,2,Alta,No,,
CORPORACION COMERCIAL EL LAGAR,2700017010000047532,2025-01-13,"CONDUIT TUBO UL 1""- 25MM X 3.05MTS TIPO A",10.0,4213.27,42132.700000000004,Ellagar/2025-01-13_FE_50613012500310130324802700017010000047532130682641.pdf,143,Conduit / accesorio,Electricidad,Material permanente,Pieza 3.05 m,Instalación eléctrica,2,Alta,No,,
CORPORACION COMERCIAL EL LAGAR,2700017010000047532,2025-01-13,CONDUIT UNION UL 12MM TIPO A,10.0,151.33,1513.3000000000002,Ellagar/2025-01-13_FE_50613012500310130324802700017010000047532130682641.pdf,144,Conduit 1/2 in,Electricidad,Material permanente,Unidad,Instalación eléctrica,2,Alta,No,,
CORPORACION COMERCIAL EL LAGAR,2700017010000047532,2025-01-13,"CONDUIT TUBO UL 1/2""- 12MM X 3.05MTS TIPO A",20.0,1146.9,22938.0,Ellagar/2025-01-13_FE_50613012500310130324802700017010000047532130682641.pdf,145,Conduit 1/2 in,Electricidad,Material permanente,Pieza 3.05 m,Instalación eléctrica,2,Alta,No,,
CORPORACION COMERCIAL EL LAGAR,2700017010000047532,2025-01-13,BOLSA REFORZADA ESTAÑON NEGRA 105X145CM (1KG),1.0,1900.99,1900.99,Ellagar/2025-01-13_FE_50613012500310130324802700017010000047532130682641.pdf,146,Bolsa Reforzada Estanon Negra 105X145Cm 1Kg,Otros insumos,Otro registrado,Saco/bolsa 1 kg,Otros,4,Baja,No,1.0,1900.99
CORPORACION COMERCIAL EL LAGAR,2700017010000047532,2025-01-13,"CONECTOR VARILLA COOPERWELL 5/8 "" UL "" USA",2.0,1805.31,3610.62,Ellagar/2025-01-13_FE_50613012500310130324802700017010000047532130682641.pdf,147,Varilla refuerzo,Acero refuerzo,Material permanente,Pieza x 6 m,Cimentación|Estructura,1,Alta,No,,
CORPORACION COMERCIAL EL LAGAR,2700017010000047532,2025-01-13,MANGUERA JARDIN REFORZADA ROJA 4 CAPAS 20MTS MAN-20X1/2X TR,1.0,10991.15,10991.15,Ellagar/2025-01-13_FE_50613012500310130324802700017010000047532130682641.pdf,148,Manguera Jardin Reforzada Roja 4 Capas 20Mts Man-20X1/2X Tr,Otros insumos,Otro registrado,Unidad,Otros,4,Baja,No,,
CORPORACION COMERCIAL EL LAGAR,2700017010000047532,2025-01-13,"MEDIDOR AGUA COMPLETO CAJA/ACCESORIOS 1/2""-12MM",1.0,43805.31,43805.31,Ellagar/2025-01-13_FE_50613012500310130324802700017010000047532130682641.pdf,149,Medidor de agua / caja,Plomería potable,Material permanente,Unidad,Agua potable,2,Alta,No,,
CORPORACION COMERCIAL EL LAGAR,2700017010000047532,2025-01-13,CABLE THHN ECOPLUS #10 BLANCO X METRO VIAKON/CONDUCEN,100.0,508.85,50885.0,Ellagar/2025-01-13_FE_50613012500310130324802700017010000047532130682641.pdf,150,Cable THHN #10,Electricidad,Material permanente,Unidad,Instalación eléctrica,2,Alta,No,,
CORPORACION COMERCIAL EL LAGAR,2700017010000047532,2025-01-13,SEMIDURO TABLA SIN CEPILLO 25 X 300MM 4VRAS,15.0,6300.0,94500.0,Ellagar/2025-01-13_FE_50613012500310130324802700017010000047532130682641.pdf,151,Semiduro madera,Madera,Consumible de obra,Unidad,Formaleta|Carpintería,4,Alta,No,,
CORPORACION COMERCIAL EL LAGAR,2700017010000047569,2025-01-13,"LLAVE BOLA BRONCE 12MM - 1/2"" GENEBRE",1.0,4716.81,4716.81,Ellagar/2025-01-13_FE_50613012500310130324802700017010000047569140523872.pdf,152,Llave / válvula hidráulica,Plomería,Material permanente,Unidad,Instalaciones hidrosanitarias,2,Alta,No,,
CORPORACION COMERCIAL EL LAGAR,2700018010000039447,2025-01-15,AGREGADO ARENA TAJO M3 GAM,6.0,17964.6,107787.59999999999,Ellagar/2025-01-15_FE_50615012500310130324802700018010000039447152126142.pdf,153,Arena,Agregados,Material permanente,m³,Cimentación|Estructura|Mampostería|Contrapiso,1,Alta,No,,
CORPORACION COMERCIAL EL LAGAR,2700018010000039447,2025-01-15,AGREGADO PIEDRA QUINTA GAM,6.0,17433.63,104601.78,Ellagar/2025-01-15_FE_50615012500310130324802700018010000039447152126142.pdf,154,Piedra / agregado,Agregados,Material permanente,m³,Cimentación|Estructura|Contrapiso,1,Alta,No,,
CORPORACION COMERCIAL EL LAGAR,2700018010000039448,2025-01-15,VARILLA DEFORMADA GRADO 40 #3 X 6 MTS,15.0,1340.93,20113.95,Ellagar/2025-01-15_FE_50615012500310130324802700018010000039448192399674.pdf,155,Varilla #3,Acero refuerzo,Material permanente,Pieza #3 x 6 m,Cimentación|Estructura|Contrapiso,1,Alta,No,,
CORPORACION COMERCIAL EL LAGAR,2700018010000039448,2025-01-15,CEMENTO GRIS PROGRESO UG HIDRAULICO 50KLS (GAM),30.0,5309.73,159291.9,Ellagar/2025-01-15_FE_50615012500310130324802700018010000039448192399674.pdf,156,Cemento gris 50 kg,Cemento y concretos,Material permanente,Saco 50 kg,Cimentación|Estructura|Mampostería|Contrapiso,1,Alta,No,50.0,106.1946
CORPORACION COMERCIAL EL LAGAR,2700018010000039448,2025-01-15,CONDUIT UNION UL 18MM TIPO A,4.0,219.03,876.12,Ellagar/2025-01-15_FE_50615012500310130324802700018010000039448192399674.pdf,157,Conduit 3/4 in,Electricidad,Material permanente,Unidad,Instalación eléctrica,2,Alta,No,,
CORPORACION COMERCIAL EL LAGAR,2700018010000039448,2025-01-15,CONDUIT CURVA UL 18MM X 90° TIPO A,2.0,796.46,1592.92,Ellagar/2025-01-15_FE_50615012500310130324802700018010000039448192399674.pdf,158,Conduit 3/4 in,Electricidad,Material permanente,Unidad,Instalación eléctrica,2,Alta,No,,
CORPORACION COMERCIAL EL LAGAR,2700018010000039448,2025-01-15,"CONDUIT TUBO UL 3/4""- 18MM X 3.05MTS TIPO A",4.0,1855.75,7423.0,Ellagar/2025-01-15_FE_50615012500310130324802700018010000039448192399674.pdf,159,Conduit 3/4 in,Electricidad,Material permanente,Pieza 3.05 m,Instalación eléctrica,2,Alta,No,,
CORPORACION COMERCIAL EL LAGAR,2700018010000039448,2025-01-15,"DISCO DIAMANTADO SEGMENTADO 9"" DDT-837D TRUPER / NEO",1.0,16008.85,16008.85,Ellagar/2025-01-15_FE_50615012500310130324802700018010000039448192399674.pdf,160,Herramienta / equipo,Herramientas y equipo,Herramienta/equipo,Unidad,No incorporado,5,Alta,No,,
CORPORACION COMERCIAL EL LAGAR,2700018010000039448,2025-01-15,CONDUIT CURVA UL 50MM X 90° TIPO A,2.0,3289.38,6578.76,Ellagar/2025-01-15_FE_50615012500310130324802700018010000039448192399674.pdf,161,Conduit 2 in,Electricidad,Material permanente,Unidad,Instalación eléctrica,2,Alta,No,,
CORPORACION COMERCIAL EL LAGAR,2700018010000039448,2025-01-15,CONDUIT CONECTOR UL 50MM TIPO A,2.0,947.79,1895.58,Ellagar/2025-01-15_FE_50615012500310130324802700018010000039448192399674.pdf,162,Conduit 2 in,Electricidad,Material permanente,Unidad,Instalación eléctrica,2,Alta,No,,
CORPORACION COMERCIAL EL LAGAR,2700017010000047900,2025-01-19,AGREGADO ARENA TAJO FINA M3,6.0,22168.14,133008.84,Ellagar/2025-01-19_FE_50619012500310130324802700017010000047900124549359.pdf,163,Arena,Agregados,Material permanente,m³,Cimentación|Estructura|Mampostería|Contrapiso,1,Alta,No,,
CORPORACION COMERCIAL EL LAGAR,2700017010000047900,2025-01-19,SERVICIO TRANSPORTE,1.0,34336.28,34336.28,Ellagar/2025-01-19_FE_50619012500310130324802700017010000047900124549359.pdf,164,Transporte / flete,Servicios,Servicio,Unidad,Logística,5,Alta,No,,
CORPORACION COMERCIAL EL LAGAR,2700020010000028057,2025-01-22,NIVEL 3 GOTAS 48 #NP-48 TRUPER U,1.0,14247.79,14247.79,Ellagar/2025-01-22_FE_50622012500310130324802700020010000028057173954723.pdf,165,Herramienta / equipo,Herramientas y equipo,Herramienta/equipo,Unidad,No incorporado,5,Alta,No,,
CORPORACION COMERCIAL EL LAGAR,2700020010000028057,2025-01-22,JUEGO BROCA SIERRA KIT-14 15PZS TRUPER / PRETUL,1.0,10274.34,10274.34,Ellagar/2025-01-22_FE_50622012500310130324802700020010000028057173954723.pdf,166,Herramienta / equipo,Herramientas y equipo,Herramienta/equipo,Unidad,No incorporado,5,Alta,No,,
CORPORACION COMERCIAL EL LAGAR,2700020010000028057,2025-01-22,SEMIDURO ALFAJILLA SIN CEPILLO 50 X 75MM 4VRAS,8.0,3300.89,26407.12,Ellagar/2025-01-22_FE_50622012500310130324802700020010000028057173954723.pdf,167,Semiduro madera,Madera,Consumible de obra,Unidad,Formaleta|Carpintería,4,Alta,No,,
CORPORACION COMERCIAL EL LAGAR,2700020010000028057,2025-01-22,"PVC LLAVE PASO BOLA LISA 1/2""- 12MM AMANCO",1.0,2211.5,2211.5,Ellagar/2025-01-22_FE_50622012500310130324802700020010000028057173954723.pdf,168,Llave / válvula hidráulica,Plomería,Material permanente,Unidad,Instalaciones hidrosanitarias,2,Alta,No,,
CORPORACION COMERCIAL EL LAGAR,2700020010000028057,2025-01-22,"PVC TEE LISA PRESION SCH-40 12MM - 1/2"" (NACIONAL)",5.0,169.12,845.6,Ellagar/2025-01-22_FE_50622012500310130324802700020010000028057173954723.pdf,169,PVC presión SCH40 1/2 in x 6 m,Plomería potable,Material permanente,Unidad,Agua potable,2,Alta,No,,
CORPORACION COMERCIAL EL LAGAR,2700020010000028057,2025-01-22,SEMIDURO REGLA SIN CEPILLO 25 X 75 MM 4VRAS,20.0,1592.92,31858.4,Ellagar/2025-01-22_FE_50622012500310130324802700020010000028057173954723.pdf,170,Semiduro madera,Madera,Consumible de obra,Unidad,Formaleta|Carpintería,4,Alta,No,,
CORPORACION COMERCIAL EL LAGAR,2700020010000028057,2025-01-22,CONDUIT CURVA UL 12MM X 90° TIPO A,10.0,557.52,5575.2,Ellagar/2025-01-22_FE_50622012500310130324802700020010000028057173954723.pdf,171,Conduit 1/2 in,Electricidad,Material permanente,Unidad,Instalación eléctrica,2,Alta,No,,
CORPORACION COMERCIAL EL LAGAR,2700020010000028057,2025-01-22,CONDUIT UNION UL 12MM TIPO A,10.0,141.24,1412.4,Ellagar/2025-01-22_FE_50622012500310130324802700020010000028057173954723.pdf,172,Conduit 1/2 in,Electricidad,Material permanente,Unidad,Instalación eléctrica,2,Alta,No,,
CORPORACION COMERCIAL EL LAGAR,2700020010000028057,2025-01-22,PVC CODO SANITARIO DELGADO 100MM X 90° (NACIONAL),2.0,4912.39,9824.78,Ellagar/2025-01-22_FE_50622012500310130324802700020010000028057173954723.pdf,173,Accesorio PVC sanitario,Plomería sanitaria,Material permanente,Unidad,Instalación sanitaria,2,Alta,No,,
CORPORACION COMERCIAL EL LAGAR,2700020010000028057,2025-01-22,SEMIDURO TABLA SIN CEPILLO 25 X 300MM 4VRAS,15.0,6300.89,94513.35,Ellagar/2025-01-22_FE_50622012500310130324802700020010000028057173954723.pdf,174,Semiduro madera,Madera,Consumible de obra,Unidad,Formaleta|Carpintería,4,Alta,No,,
CORPORACION COMERCIAL EL LAGAR,2700020010000028057,2025-01-22,ALAMBRE NEGRO RECOCIDO DE 1.68MM #16 KILO,20.0,592.92,11858.4,Ellagar/2025-01-22_FE_50622012500310130324802700020010000028057173954723.pdf,175,Alambre negro recocido #16,Acero refuerzo,Consumible de obra,Saco/bolsa 16 kg,Cimentación|Estructura,1,Alta,No,16.0,37.0575
CORPORACION COMERCIAL EL LAGAR,2700020010000028057,2025-01-22,CEMENTO GRIS PROGRESO UG HIDRAULICO 50KLS (GAM),20.0,5254.42,105088.4,Ellagar/2025-01-22_FE_50622012500310130324802700020010000028057173954723.pdf,176,Cemento gris 50 kg,Cemento y concretos,Material permanente,Saco 50 kg,Cimentación|Estructura|Mampostería|Contrapiso,1,Alta,No,50.0,105.0884
CORPORACION COMERCIAL EL LAGAR,2700019010000040797,2025-01-28,SEMIDURO TABLA SIN CEPILLO 25 X250 M.M. VRAS,84.0,1464.6,123026.4,Ellagar/2025-01-28_FE_50628012500310130324802700019010000040797189119776.pdf,177,Semiduro madera,Madera,Consumible de obra,Pieza 250 m,Formaleta|Carpintería,4,Alta,No,,
CORPORACION COMERCIAL EL LAGAR,2700019010000040797,2025-01-28,SEMIDURO TABLA SIN CEPILLO 25 X 300MM 3VRAS,14.0,4725.66,66159.23999999999,Ellagar/2025-01-28_FE_50628012500310130324802700019010000040797189119776.pdf,178,Semiduro madera,Madera,Consumible de obra,Unidad,Formaleta|Carpintería,4,Alta,No,,
CORPORACION COMERCIAL EL LAGAR,2700019010000040797,2025-01-28,"BROCHA ECONOMICA 2"" 395 CERDA NATURAL ATLAS",2.0,1393.81,2787.62,Ellagar/2025-01-28_FE_50628012500310130324802700019010000040797189119776.pdf,179,Brocha / felpa pintura,Pintura,Herramienta/equipo,Unidad,Pintura,3,Alta,No,,
CORPORACION COMERCIAL EL LAGAR,2700019010000040797,2025-01-28,SOLDADURA HILCO PUNTO ROJO #6013 3/32 (2.5X350) 1 KILO,2.0,4955.75,9911.5,Ellagar/2025-01-28_FE_50628012500310130324802700019010000040797189119776.pdf,180,Soldadura,Estructura metálica,Consumible de obra,Saco/bolsa 1 kg,Estructura|Carpintería metálica,2,Alta,No,1.0,4955.75
CORPORACION COMERCIAL EL LAGAR,2700019010000040797,2025-01-28,MECHA DE COLORES (KILO),1.0,3274.34,3274.34,Ellagar/2025-01-28_FE_50628012500310130324802700019010000040797189119776.pdf,181,Recubrimiento / pintura (genérico),Pintura,Material permanente,Unidad,Pintura,3,Media,No,,
CORPORACION COMERCIAL EL LAGAR,2700019010000040797,2025-01-28,DILUYENTE THINNER CORRIENTE GALON - NO CONTROL. X ICD,1.0,7522.12,7522.12,Ellagar/2025-01-28_FE_50628012500310130324802700019010000040797189119776.pdf,182,Thinner / diluyente,Pintura,Consumible de obra,Unidad,Pintura,3,Alta,No,,
CORPORACION COMERCIAL EL LAGAR,2700019010000040797,2025-01-28,ANTICORROSIVO CORROSTOP #9000-700-14 NEGRO CUARTO SUR,1.0,3938.05,3938.05,Ellagar/2025-01-28_FE_50628012500310130324802700019010000040797189119776.pdf,183,Anticorrosivo,Pintura,Material permanente,Unidad,Estructura metálica|Pintura,3,Alta,No,,
CORPORACION COMERCIAL EL LAGAR,2700019010000040797,2025-01-28,TUBO IND.REDONDO 19X1.20MMX6MTS,4.0,2128.32,8513.28,Ellagar/2025-01-28_FE_50628012500310130324802700019010000040797189119776.pdf,184,Tubo industrial metálico,Estructura metálica,Material permanente,Pieza 6 m,Estructura|Carpintería metálica,2,Alta,No,,
CORPORACION COMERCIAL EL LAGAR,2700019010000040797,2025-01-28,TUBO IND.REDONDO 31X1.20MMX6MTS,8.0,3561.95,28495.6,Ellagar/2025-01-28_FE_50628012500310130324802700019010000040797189119776.pdf,185,Tubo industrial metálico,Estructura metálica,Material permanente,Pieza 6 m,Estructura|Carpintería metálica,2,Alta,No,,
CORPORACION COMERCIAL EL LAGAR,2700019010000040797,2025-01-28,CLAVO CORRIENTE C/CABEZA 2 1/2 65MM,23.0,792.04,18216.92,Ellagar/2025-01-28_FE_50628012500310130324802700019010000040797189119776.pdf,186,Clavo,Ferretería,Consumible de obra,Unidad,Múltiples etapas,4,Alta,No,,
CORPORACION COMERCIAL EL LAGAR,2700019010000040797,2025-01-28,"CLAVO DE ACERO 3.5X50MM (2"") GRUESO BAR",250.0,37.17,9292.5,Ellagar/2025-01-28_FE_50628012500310130324802700019010000040797189119776.pdf,187,Clavo,Ferretería,Consumible de obra,Unidad,Múltiples etapas,4,Alta,No,,
CORPORACION COMERCIAL EL LAGAR,2700019010000040797,2025-01-28,SEMIDURO REGLA SIN CEPILLO 25 X 75 MM 4VRAS,25.0,1592.92,39823.0,Ellagar/2025-01-28_FE_50628012500310130324802700019010000040797189119776.pdf,188,Semiduro madera,Madera,Consumible de obra,Unidad,Formaleta|Carpintería,4,Alta,No,,
CORPORACION COMERCIAL EL LAGAR,2700019010000041350,2025-02-06,AGREGADO ARENA TAJO M3 GAM,6.0,17964.6,107787.59999999999,Ellagar/2025-02-06_FE_50606022500310130324802700019010000041350104225088.pdf,189,Arena,Agregados,Material permanente,m³,Cimentación|Estructura|Mampostería|Contrapiso,1,Alta,No,,
CORPORACION COMERCIAL EL LAGAR,2700019010000041350,2025-02-06,AGREGADO PIEDRA QUINTA GAM,6.0,17433.63,104601.78,Ellagar/2025-02-06_FE_50606022500310130324802700019010000041350104225088.pdf,190,Piedra / agregado,Agregados,Material permanente,m³,Cimentación|Estructura|Contrapiso,1,Alta,No,,
CORPORACION COMERCIAL EL LAGAR,2700019010000041349,2025-02-06,CAUTIN ELECTRICO TIPO LAPIZ 30W #CAU-30P PRETUL/TRUPER,1.0,3672.57,3672.57,Ellagar/2025-02-06_FE_50606022500310130324802700019010000041349105191574.pdf,191,Accesorio eléctrico (genérico),Electricidad,Material permanente,Unidad,Instalación eléctrica,2,Media,No,,
CORPORACION COMERCIAL EL LAGAR,2700019010000041349,2025-02-06,ANTEOJO SEGURIDAD NORMAL LENTE TRANSPARENTE,1.0,1300.89,1300.89,Ellagar/2025-02-06_FE_50606022500310130324802700019010000041349105191574.pdf,192,Anteojo Seguridad Normal Lente Transparente,Otros insumos,Otro registrado,Unidad,Otros,4,Baja,No,,
CORPORACION COMERCIAL EL LAGAR,2700019010000041349,2025-02-06,CILINDRO GAS BUTANO JUMBOSTAR,2.0,2300.0,4600.0,Ellagar/2025-02-06_FE_50606022500310130324802700019010000041349105191574.pdf,193,Gas butano,Consumibles,Consumible de obra,Unidad,Múltiples etapas,4,Alta,No,,
CORPORACION COMERCIAL EL LAGAR,2700019010000041349,2025-02-06,SOPLETE GAS JUMBO STAR I-132 U,1.0,17212.39,17212.39,Ellagar/2025-02-06_FE_50606022500310130324802700019010000041349105191574.pdf,194,Consumible / herramienta de obra,Ferretería,Consumible de obra,Unidad,Múltiples etapas,4,Media,No,,
CORPORACION COMERCIAL EL LAGAR,2700019010000041349,2025-02-06,SEMIDURO TABLA SIN CEPILLO 25 X 300MM 3VRAS,10.0,4725.66,47256.6,Ellagar/2025-02-06_FE_50606022500310130324802700019010000041349105191574.pdf,195,Semiduro madera,Madera,Consumible de obra,Unidad,Formaleta|Carpintería,4,Alta,No,,
CORPORACION COMERCIAL EL LAGAR,2700019010000041349,2025-02-06,SEMIDURO REGLA SIN CEPILLO 25 X 75 MM 4VRAS,7.0,1592.92,11150.44,Ellagar/2025-02-06_FE_50606022500310130324802700019010000041349105191574.pdf,196,Semiduro madera,Madera,Consumible de obra,Unidad,Formaleta|Carpintería,4,Alta,No,,
CORPORACION COMERCIAL EL LAGAR,2700019010000041349,2025-02-06,PVC CODO SANITARIO DELGADO 50MM X 90° (NACIONAL),5.0,1150.44,5752.200000000001,Ellagar/2025-02-06_FE_50606022500310130324802700019010000041349105191574.pdf,197,Accesorio PVC sanitario,Plomería sanitaria,Material permanente,Unidad,Instalación sanitaria,2,Alta,No,,
CORPORACION COMERCIAL EL LAGAR,2700019010000041349,2025-02-06,"PVC TUBO SANITARIO DELGADO SDR-50 2""- 50MM X 6MTS (NACIONAL)",2.0,7699.12,15398.24,Ellagar/2025-02-06_FE_50606022500310130324802700019010000041349105191574.pdf,198,PVC sanitario 2 in x 6 m,Plomería sanitaria,Material permanente,Pieza 6 m,Instalación sanitaria,2,Alta,No,,
CORPORACION COMERCIAL EL LAGAR,2700019010000041349,2025-02-06,CPVC CODO LISO PRESION AGUA CALIENTE 12MM X 90°,20.0,486.73,9734.6,Ellagar/2025-02-06_FE_50606022500310130324802700019010000041349105191574.pdf,199,Accesorio PVC/CPVC,Plomería,Material permanente,Unidad,Instalaciones hidrosanitarias,2,Alta,No,,
CORPORACION COMERCIAL EL LAGAR,2700019010000041349,2025-02-06,PVC CODO LISO PRESION SCH-40 12MM X 90° (NACIONAL),20.0,185.84,3716.8,Ellagar/2025-02-06_FE_50606022500310130324802700019010000041349105191574.pdf,200,Accesorio PVC/CPVC,Plomería,Material permanente,Unidad,Instalaciones hidrosanitarias,2,Alta,No,,
CORPORACION COMERCIAL EL LAGAR,2700019010000041349,2025-02-06,"CAJA RECTANGULAR EMT 1/2""- 12MM UL",10.0,707.96,7079.6,Ellagar/2025-02-06_FE_50606022500310130324802700019010000041349105191574.pdf,201,Accesorio eléctrico EMT,Electricidad,Material permanente,Unidad,Instalación eléctrica,2,Alta,No,,
CORPORACION COMERCIAL EL LAGAR,2700019010000041349,2025-02-06,CONDUIT UNION UL 12MM TIPO A,10.0,168.14,1681.3999999999999,Ellagar/2025-02-06_FE_50606022500310130324802700019010000041349105191574.pdf,202,Conduit 1/2 in,Electricidad,Material permanente,Unidad,Instalación eléctrica,2,Alta,No,,
CORPORACION COMERCIAL EL LAGAR,2700019010000041349,2025-02-06,CONDUIT CURVA UL 12MM X 90° TIPO A,20.0,663.72,13274.400000000001,Ellagar/2025-02-06_FE_50606022500310130324802700019010000041349105191574.pdf,203,Conduit 1/2 in,Electricidad,Material permanente,Unidad,Instalación eléctrica,2,Alta,No,,
CORPORACION COMERCIAL EL LAGAR,2700019010000041349,2025-02-06,CEMENTO GRIS PROGRESO UG HIDRAULICO 50KLS (GAM),45.0,5530.97,248893.65000000002,Ellagar/2025-02-06_FE_50606022500310130324802700019010000041349105191574.pdf,204,Cemento gris 50 kg,Cemento y concretos,Material permanente,Saco 50 kg,Cimentación|Estructura|Mampostería|Contrapiso,1,Alta,No,50.0,110.6194
CORPORACION COMERCIAL EL LAGAR,2700020010000028886,2025-02-11,"H.G. NIPLE 12 X 150MM - 1/2 X 6""",6.0,469.03,2814.18,Ellagar/2025-02-11_FE_50611022500310130324802700020010000028886144574920.pdf,205,Niple / accesorio HG,Plomería,Material permanente,Unidad,Instalaciones hidrosanitarias,2,Alta,No,,
CORPORACION COMERCIAL EL LAGAR,2700020010000028886,2025-02-11,"H.G. CROMADO NIPLE 12 X 150MM - 1/2 X 6""",6.0,1637.17,9823.02,Ellagar/2025-02-11_FE_50611022500310130324802700020010000028886144574920.pdf,206,Niple / accesorio HG,Plomería,Material permanente,Unidad,Instalaciones hidrosanitarias,2,Alta,No,,
CORPORACION COMERCIAL EL LAGAR,2700020010000028886,2025-02-11,ADHESIVO EPOXICO COMPONENTE A-B 2 DE 1/4 =1/2G ANCHORMAX 590,1.0,71044.25,71044.25,Ellagar/2025-02-11_FE_50611022500310130324802700020010000028886144574920.pdf,207,Adhesivo / sellante,Ferretería,Consumible de obra,Unidad,Múltiples etapas,4,Alta,No,,
CORPORACION COMERCIAL EL LAGAR,2700020010000028886,2025-02-11,PEGAMENTO PVC RESISTE EL AGUA 1/4 WET DRY SM248-5 LANCO,1.0,13707.96,13707.96,Ellagar/2025-02-11_FE_50611022500310130324802700020010000028886144574920.pdf,208,Pegamento PVC,Plomería,Consumible de obra,Unidad,Instalaciones hidrosanitarias,2,Alta,No,,
CORPORACION COMERCIAL EL LAGAR,2700020010000028886,2025-02-11,"CLAVO DE ACERO 3.5X50MM (2"") GRUESO BAR",250.0,37.17,9292.5,Ellagar/2025-02-11_FE_50611022500310130324802700020010000028886144574920.pdf,209,Clavo,Ferretería,Consumible de obra,Unidad,Múltiples etapas,4,Alta,No,,
CORPORACION COMERCIAL EL LAGAR,2700020010000028886,2025-02-11,"CINTA TEFLON 3/4"" X 7MTS CTF-3/4 TRUPER",4.0,283.19,1132.76,Ellagar/2025-02-11_FE_50611022500310130324802700020010000028886144574920.pdf,210,Cinta teflón,Plomería,Consumible de obra,Unidad,Instalaciones hidrosanitarias,2,Alta,No,,
CORPORACION COMERCIAL EL LAGAR,2700020010000028886,2025-02-11,"H.G. CODO 1/2""- 12MM X 90°",12.0,513.27,6159.24,Ellagar/2025-02-11_FE_50611022500310130324802700020010000028886144574920.pdf,211,Niple / accesorio HG,Plomería,Material permanente,Unidad,Instalaciones hidrosanitarias,2,Alta,No,,
CORPORACION COMERCIAL EL LAGAR,2700020010000028886,2025-02-11,"CPVC ADAPTADOR MACHO AGUA CALIENTE 12MM - 1/2""",10.0,522.12,5221.2,Ellagar/2025-02-11_FE_50611022500310130324802700020010000028886144574920.pdf,212,CPVC 1/2 in x 6 m,Plomería agua caliente,Material permanente,Unidad,Agua caliente,2,Alta,No,,
CORPORACION COMERCIAL EL LAGAR,2700020010000028886,2025-02-11,"CPVC ADAPTADOR HEMBRA AGUA CALIENTE 12MM - 1/2""",10.0,1681.42,16814.2,Ellagar/2025-02-11_FE_50611022500310130324802700020010000028886144574920.pdf,213,CPVC 1/2 in x 6 m,Plomería agua caliente,Material permanente,Unidad,Agua caliente,2,Alta,No,,
CORPORACION COMERCIAL EL LAGAR,2700020010000028886,2025-02-11,"PVC ADAPTADOR HEMBRA PRESION SCH-40 12MM - 1/2"" (NACIONAL)",10.0,238.94,2389.4,Ellagar/2025-02-11_FE_50611022500310130324802700020010000028886144574920.pdf,214,PVC presión SCH40 1/2 in x 6 m,Plomería potable,Material permanente,Unidad,Agua potable,2,Alta,No,,
CORPORACION COMERCIAL EL LAGAR,2700020010000028886,2025-02-11,PVC CODO LISO PRESION SCH-40 12MM X 90° (NACIONAL),10.0,185.84,1858.4,Ellagar/2025-02-11_FE_50611022500310130324802700020010000028886144574920.pdf,215,Accesorio PVC/CPVC,Plomería,Material permanente,Unidad,Instalaciones hidrosanitarias,2,Alta,No,,
CORPORACION COMERCIAL EL LAGAR,2700020010000028886,2025-02-11,"PVC ADAPTADOR MACHO PRESION SCH-40 12MM - 1/2"" (NACIONAL)",10.0,150.44,1504.4,Ellagar/2025-02-11_FE_50611022500310130324802700020010000028886144574920.pdf,216,PVC presión SCH40 1/2 in x 6 m,Plomería potable,Material permanente,Unidad,Agua potable,2,Alta,No,,
CORPORACION COMERCIAL EL LAGAR,2700020010000028886,2025-02-11,"PVC UNION LISA PRESION SCH-40 12MM - 1/2""",10.0,141.59,1415.9,Ellagar/2025-02-11_FE_50611022500310130324802700020010000028886144574920.pdf,217,PVC presión SCH40 1/2 in x 6 m,Plomería potable,Material permanente,Unidad,Agua potable,2,Alta,No,,
CORPORACION COMERCIAL EL LAGAR,2700020010000028886,2025-02-11,DISCO P/ CORTE ULTRADELG PLAN METAL 9X5/64X7/8 DW8067-LA DW,5.0,3495.58,17477.9,Ellagar/2025-02-11_FE_50611022500310130324802700020010000028886144574920.pdf,218,Herramienta / equipo,Herramientas y equipo,Herramienta/equipo,Unidad,No incorporado,5,Alta,No,,
CORPORACION COMERCIAL EL LAGAR,2700020010000028886,2025-02-11,CONDUIT UNION UL 18MM TIPO A,10.0,243.36,2433.6000000000004,Ellagar/2025-02-11_FE_50611022500310130324802700020010000028886144574920.pdf,219,Conduit 3/4 in,Electricidad,Material permanente,Unidad,Instalación eléctrica,2,Alta,No,,
CORPORACION COMERCIAL EL LAGAR,2700020010000028886,2025-02-11,CONDUIT CURVA UL 18MM X 90° TIPO A,10.0,783.19,7831.900000000001,Ellagar/2025-02-11_FE_50611022500310130324802700020010000028886144574920.pdf,220,Conduit 3/4 in,Electricidad,Material permanente,Unidad,Instalación eléctrica,2,Alta,No,,
CORPORACION COMERCIAL EL LAGAR,2700020010000028886,2025-02-11,CONDUIT CURVA UL 12MM X 90° TIPO A,15.0,637.17,9557.55,Ellagar/2025-02-11_FE_50611022500310130324802700020010000028886144574920.pdf,221,Conduit 1/2 in,Electricidad,Material permanente,Unidad,Instalación eléctrica,2,Alta,No,,
CORPORACION COMERCIAL EL LAGAR,2700020010000028886,2025-02-11,CONDUIT UNION UL 12MM TIPO A,20.0,150.44,3008.8,Ellagar/2025-02-11_FE_50611022500310130324802700020010000028886144574920.pdf,222,Conduit 1/2 in,Electricidad,Material permanente,Unidad,Instalación eléctrica,2,Alta,No,,
CORPORACION COMERCIAL EL LAGAR,2700020010000028886,2025-02-11,"CONDUIT TUBO UL 1/2""- 12MM X 3.05MTS TIPO A",20.0,1283.19,25663.800000000003,Ellagar/2025-02-11_FE_50611022500310130324802700020010000028886144574920.pdf,223,Conduit 1/2 in,Electricidad,Material permanente,Pieza 3.05 m,Instalación eléctrica,2,Alta,No,,
CORPORACION COMERCIAL EL LAGAR,2700020010000028886,2025-02-11,CEMENTO GRIS PROGRESO UG HIDRAULICO 50KLS (GAM),10.0,5973.45,59734.5,Ellagar/2025-02-11_FE_50611022500310130324802700020010000028886144574920.pdf,224,Cemento gris 50 kg,Cemento y concretos,Material permanente,Saco 50 kg,Cimentación|Estructura|Mampostería|Contrapiso,1,Alta,No,50.0,119.469
CORPORACION COMERCIAL EL LAGAR,2700018010000040913,2025-02-13,SOLDADURA 60/40 RADIO/TV TUBO 2UND MIYAKO,1.0,2212.39,2212.39,Ellagar/2025-02-13_FE_50613022500310130324802700018010000040913152875691.pdf,225,Soldadura,Estructura metálica,Consumible de obra,Unidad,Estructura|Carpintería metálica,2,Alta,No,,
CORPORACION COMERCIAL EL LAGAR,2700018010000040913,2025-02-13,"3 METROS DE TUBO PVC PRESION SCH-40 1/2""- 12MM",4.0,3672.57,14690.28,Ellagar/2025-02-13_FE_50613022500310130324802700018010000040913152875691.pdf,226,PVC presión SCH40 1/2 in x 6 m,Plomería potable,Material permanente,Unidad,Agua potable,2,Alta,No,,
CORPORACION COMERCIAL EL LAGAR,2700018010000040913,2025-02-13,"CPVC UNION LISA AGUA CALIENTE 12MM - 1/2""",10.0,424.78,4247.799999999999,Ellagar/2025-02-13_FE_50613022500310130324802700018010000040913152875691.pdf,227,CPVC 1/2 in x 6 m,Plomería agua caliente,Material permanente,Unidad,Agua caliente,2,Alta,No,,
CORPORACION COMERCIAL EL LAGAR,2700018010000040913,2025-02-13,"PVC UNION LISA PRESION SCH-40 12MM - 1/2""",10.0,141.59,1415.9,Ellagar/2025-02-13_FE_50613022500310130324802700018010000040913152875691.pdf,228,PVC presión SCH40 1/2 in x 6 m,Plomería potable,Material permanente,Unidad,Agua potable,2,Alta,No,,
CORPORACION COMERCIAL EL LAGAR,2700020010000029156,2025-02-17,CAJA OCTOGONAL EMT PESADA 1/2 x 3/4 #20,10.0,526.55,5265.5,Ellagar/2025-02-17_FE_50617022500310130324802700020010000029156122992642.pdf,229,Accesorio eléctrico EMT,Electricidad,Material permanente,Unidad,Instalación eléctrica,2,Alta,No,,
CORPORACION COMERCIAL EL LAGAR,2700020010000029156,2025-02-17,PLATINA 75X6MMX6MTS,1.0,15008.85,15008.85,Ellagar/2025-02-17_FE_50617022500310130324802700020010000029156122992642.pdf,230,Platina metálica,Estructura metálica,Material permanente,Unidad,Estructura|Carpintería metálica,2,Alta,No,,
CORPORACION COMERCIAL EL LAGAR,2700020010000029156,2025-02-17,CORTADORA TUBO PVC 1 5/8PLG #COT-PVC TRUPER,1.0,5575.22,5575.22,Ellagar/2025-02-17_FE_50617022500310130324802700020010000029156122992642.pdf,231,Tubería PVC / CPVC,Plomería,Material permanente,Unidad,Instalaciones hidrosanitarias,2,Alta,No,,
CORPORACION COMERCIAL EL LAGAR,2700020010000029156,2025-02-17,"CAJA RECTANGULAR EMT 1/2""- 12MM UL",15.0,362.83,5442.45,Ellagar/2025-02-17_FE_50617022500310130324802700020010000029156122992642.pdf,232,Accesorio eléctrico EMT,Electricidad,Material permanente,Unidad,Instalación eléctrica,2,Alta,No,,
CORPORACION COMERCIAL EL LAGAR,2700020010000029156,2025-02-17,VARILLA DEFORMADA GRADO 40 #3 X 6 MTS,20.0,1349.56,26991.199999999997,Ellagar/2025-02-17_FE_50617022500310130324802700020010000029156122992642.pdf,233,Varilla #3,Acero refuerzo,Material permanente,Pieza #3 x 6 m,Cimentación|Estructura|Contrapiso,1,Alta,No,,
CORPORACION COMERCIAL EL LAGAR,2700020010000029156,2025-02-17,"PVC TUBO PRESION SCH-40 1/2""- 12MM X 6MTS (NACIONAL)",5.0,5221.24,26106.199999999997,Ellagar/2025-02-17_FE_50617022500310130324802700020010000029156122992642.pdf,234,PVC presión SCH40 1/2 in x 6 m,Plomería potable,Material permanente,Pieza 6 m,Agua potable,2,Alta,No,,
CORPORACION COMERCIAL EL LAGAR,2700020010000029156,2025-02-17,"PVC TEE LISA PRESION SCH-40 12MM - 1/2"" (NACIONAL)",15.0,185.84,2787.6,Ellagar/2025-02-17_FE_50617022500310130324802700020010000029156122992642.pdf,235,PVC presión SCH40 1/2 in x 6 m,Plomería potable,Material permanente,Unidad,Agua potable,2,Alta,No,,
CORPORACION COMERCIAL EL LAGAR,2700020010000029156,2025-02-17,"CPVC TEE LISA AGUA CALIENTE 12MM - 1/2""",15.0,646.02,9690.3,Ellagar/2025-02-17_FE_50617022500310130324802700020010000029156122992642.pdf,236,CPVC 1/2 in x 6 m,Plomería agua caliente,Material permanente,Unidad,Agua caliente,2,Alta,No,,
CORPORACION COMERCIAL EL LAGAR,2700020010000029156,2025-02-17,PVC CODO LISO PRESION SCH-40 12MM X 90° (NACIONAL),15.0,185.84,2787.6,Ellagar/2025-02-17_FE_50617022500310130324802700020010000029156122992642.pdf,237,Accesorio PVC/CPVC,Plomería,Material permanente,Unidad,Instalaciones hidrosanitarias,2,Alta,No,,
CORPORACION COMERCIAL EL LAGAR,2700020010000029156,2025-02-17,CPVC CODO LISO PRESION AGUA CALIENTE 12MM X 90°,15.0,486.73,7300.950000000001,Ellagar/2025-02-17_FE_50617022500310130324802700020010000029156122992642.pdf,238,Accesorio PVC/CPVC,Plomería,Material permanente,Unidad,Instalaciones hidrosanitarias,2,Alta,No,,
CORPORACION COMERCIAL EL LAGAR,2700020010000029156,2025-02-17,CONDUIT CONECTOR UL 18MM TIPO A,20.0,238.94,4778.8,Ellagar/2025-02-17_FE_50617022500310130324802700020010000029156122992642.pdf,239,Conduit 3/4 in,Electricidad,Material permanente,Unidad,Instalación eléctrica,2,Alta,No,,
CORPORACION COMERCIAL EL LAGAR,2700020010000029156,2025-02-17,CONDUIT CONECTOR UL 12MM TIPO A,20.0,185.84,3716.8,Ellagar/2025-02-17_FE_50617022500310130324802700020010000029156122992642.pdf,240,Conduit 1/2 in,Electricidad,Material permanente,Unidad,Instalación eléctrica,2,Alta,No,,
CORPORACION COMERCIAL EL LAGAR,2700017010000049962,2025-02-18,CEMENTO GRIS PROGRESO UG HIDRAULICO 50KLS (GAM),20.0,5973.45,119469.0,Ellagar/2025-02-18_FE_50618022500310130324802700017010000049962187787298.pdf,241,Cemento gris 50 kg,Cemento y concretos,Material permanente,Saco 50 kg,Cimentación|Estructura|Mampostería|Contrapiso,1,Alta,No,50.0,119.469
CORPORACION COMERCIAL EL LAGAR,2700019010000042061,2025-02-20,CONCRETO BLOQUE 12 X 20 X 40 TITAN (GAM B.S.J),100.0,407.08,40708.0,Ellagar/2025-02-20_FE_50620022500310130324802700019010000042061170942507.pdf,242,Block concreto 12x20x40,Mampostería,Material permanente,Unidad 12x20x40 cm,Mampostería,1,Alta,No,,
CORPORACION COMERCIAL EL LAGAR,2700019010000042321,2025-02-25,SOLDADURA HILCO PUNTO ROJO #6013 3/32 (2.5X350) 1 KILO,2.0,4955.75,9911.5,Ellagar/2025-02-25_FE_50625022500310130324802700019010000042321178753993.pdf,243,Soldadura,Estructura metálica,Consumible de obra,Saco/bolsa 1 kg,Estructura|Carpintería metálica,2,Alta,No,1.0,4955.75
CORPORACION COMERCIAL EL LAGAR,2700019010000042321,2025-02-25,"PVC TUBO SANITARIO DELGADO SDR-50 4""- 100MM X 6MTS(NACIONAL)",5.0,17654.87,88274.34999999999,Ellagar/2025-02-25_FE_50625022500310130324802700019010000042321178753993.pdf,244,PVC sanitario 4 in x 6 m,Plomería sanitaria,Material permanente,Pieza 6 m,Instalación sanitaria,2,Alta,No,,
CORPORACION COMERCIAL EL LAGAR,2700019010000042321,2025-02-25,CPVC CODO LISO PRESION AGUA CALIENTE 12MM X 45°,20.0,796.46,15929.2,Ellagar/2025-02-25_FE_50625022500310130324802700019010000042321178753993.pdf,245,Accesorio PVC/CPVC,Plomería,Material permanente,Unidad,Instalaciones hidrosanitarias,2,Alta,No,,
CORPORACION COMERCIAL EL LAGAR,2700019010000042321,2025-02-25,PVC CODO LISO PRESION SCH-40 12MM X 45°,20.0,336.28,6725.599999999999,Ellagar/2025-02-25_FE_50625022500310130324802700019010000042321178753993.pdf,246,Accesorio PVC/CPVC,Plomería,Material permanente,Unidad,Instalaciones hidrosanitarias,2,Alta,No,,
CORPORACION COMERCIAL EL LAGAR,2700019010000042321,2025-02-25,CONDUIT UNION UL 12MM TIPO A,20.0,150.44,3008.8,Ellagar/2025-02-25_FE_50625022500310130324802700019010000042321178753993.pdf,247,Conduit 1/2 in,Electricidad,Material permanente,Unidad,Instalación eléctrica,2,Alta,No,,
CORPORACION COMERCIAL EL LAGAR,2700019010000042321,2025-02-25,CONDUIT CONECTOR UL 12MM TIPO A,20.0,185.84,3716.8,Ellagar/2025-02-25_FE_50625022500310130324802700019010000042321178753993.pdf,248,Conduit 1/2 in,Electricidad,Material permanente,Unidad,Instalación eléctrica,2,Alta,No,,
CORPORACION COMERCIAL EL LAGAR,2700019010000042321,2025-02-25,CONDUIT CURVA UL 12MM X 90° TIPO A,20.0,637.17,12743.4,Ellagar/2025-02-25_FE_50625022500310130324802700019010000042321178753993.pdf,249,Conduit 1/2 in,Electricidad,Material permanente,Unidad,Instalación eléctrica,2,Alta,No,,
CORPORACION COMERCIAL EL LAGAR,2700019010000042321,2025-02-25,ALAMBRE NEGRO RECOCIDO DE 1.68MM #16 KILO,20.0,592.92,11858.4,Ellagar/2025-02-25_FE_50625022500310130324802700019010000042321178753993.pdf,250,Alambre negro recocido #16,Acero refuerzo,Consumible de obra,Saco/bolsa 16 kg,Cimentación|Estructura,1,Alta,No,16.0,37.0575
CORPORACION COMERCIAL EL LAGAR,2700019010000042321,2025-02-25,CEMENTO GRIS PROGRESO UG HIDRAULICO 50KLS (GAM),10.0,5973.45,59734.5,Ellagar/2025-02-25_FE_50625022500310130324802700019010000042321178753993.pdf,251,Cemento gris 50 kg,Cemento y concretos,Material permanente,Saco 50 kg,Cimentación|Estructura|Mampostería|Contrapiso,1,Alta,No,50.0,119.469
CORPORACION COMERCIAL EL LAGAR,2700019010000042321,2025-02-25,"CLAVO DE ACERO 3.5X50MM (2"") GRUESO BAR",500.0,37.17,18585.0,Ellagar/2025-02-25_FE_50625022500310130324802700019010000042321178753993.pdf,252,Clavo,Ferretería,Consumible de obra,Unidad,Múltiples etapas,4,Alta,No,,
CORPORACION COMERCIAL EL LAGAR,2700019010000042321,2025-02-25,TUBO GALV.ESTRUC.RECT. 50X150X1.50MMX6MTS,2.0,17345.13,34690.26,Ellagar/2025-02-25_FE_50625022500310130324802700019010000042321178753993.pdf,253,Tubo estructural 50x150,Estructura metálica,Material permanente,Pieza 6 m,Estructura|Cubierta,2,Alta,No,,
CORPORACION COMERCIAL EL LAGAR,2700019010000042321,2025-02-25,"PERFIL ""C"" GALV. 70X50X15MM C-18X6.00MTS",14.0,6150.44,86106.15999999999,Ellagar/2025-02-25_FE_50625022500310130324802700019010000042321178753993.pdf,254,Perfil C galvanizado,Estructura metálica,Material permanente,Pieza 6.00 m,Cubierta|Estructura,2,Alta,No,,
CORPORACION COMERCIAL EL LAGAR,2700019010000042321,2025-02-25,SEMIDURO REGLA SIN CEPILLO 25 X 75 MM 4VRAS,5.0,1681.42,8407.1,Ellagar/2025-02-25_FE_50625022500310130324802700019010000042321178753993.pdf,255,Semiduro madera,Madera,Consumible de obra,Unidad,Formaleta|Carpintería,4,Alta,No,,
CORPORACION COMERCIAL EL LAGAR,2700020010000029714,2025-03-01,CONCRETO BLOQUE 12 X 20 X 40 TITAN (GAM B.S.J),60.0,407.08,24424.8,Ellagar/2025-03-01_FE_50601032500310130324802700020010000029714121468261.pdf,256,Block concreto 12x20x40,Mampostería,Material permanente,Unidad 12x20x40 cm,Mampostería,1,Alta,No,,
CORPORACION COMERCIAL EL LAGAR,2700020010000029714,2025-03-01,LAMINA POLICARBONATO ONDULADO 81 X 183 TRANSP MARLON CS,2.0,6221.24,12442.48,Ellagar/2025-03-01_FE_50601032500310130324802700020010000029714121468261.pdf,257,Lámina techo ondulada #28,Cubierta y techo,Material permanente,Unidad,Cubierta,2,Alta,No,,
CORPORACION COMERCIAL EL LAGAR,2700020010000029714,2025-03-01,H.G OND. #28 0.32 METALUM 0.81X3.66 METALCO,17.0,8407.08,142920.36,Ellagar/2025-03-01_FE_50601032500310130324802700020010000029714121468261.pdf,258,Lámina techo ondulada #28,Cubierta y techo,Material permanente,Unidad,Cubierta,2,Alta,No,,
CORPORACION COMERCIAL EL LAGAR,2700020010000029714,2025-03-01,"TORNILLO TECHO GALVANIZADO 1/4"" X 2"" PUNTA BROCA BOLSA 50UND",6.0,1725.66,10353.960000000001,Ellagar/2025-03-01_FE_50601032500310130324802700020010000029714121468261.pdf,259,Tornillo / fijación,Ferretería,Consumible de obra,Unidad,Múltiples etapas,4,Alta,No,,
CORPORACION COMERCIAL EL LAGAR,2700017010000050934,2025-03-03,"CAJA DE PASO 12X12"" 30.4x30.4x10.1cm 12124F EMPOTRAR C.H.",1.0,27292.04,27292.04,Ellagar/2025-03-03_FE_50603032500310130324802700017010000050934142714915.pdf,260,Luminaria empotrable,Electricidad,Material permanente,Unidad,Iluminación,2,Alta,No,,
CORPORACION COMERCIAL EL LAGAR,2700017010000050934,2025-03-03,"CONDUIT TUBO UL 3/4""- 18MM X 3.05MTS TIPO A",10.0,2057.52,20575.2,Ellagar/2025-03-03_FE_50603032500310130324802700017010000050934142714915.pdf,261,Conduit 3/4 in,Electricidad,Material permanente,Pieza 3.05 m,Instalación eléctrica,2,Alta,No,,
CORPORACION COMERCIAL EL LAGAR,2700017010000050934,2025-03-03,CEMENTO GRIS PROGRESO UG HIDRAULICO 50KLS (GAM),10.0,5973.45,59734.5,Ellagar/2025-03-03_FE_50603032500310130324802700017010000050934142714915.pdf,262,Cemento gris 50 kg,Cemento y concretos,Material permanente,Saco 50 kg,Cimentación|Estructura|Mampostería|Contrapiso,1,Alta,No,50.0,119.469
CORPORACION COMERCIAL EL LAGAR,2700017010000050934,2025-03-03,"PVC TEE SANITARIA DELGADA 50MM - 2"" (NACIONAL)",6.0,1694.69,10168.14,Ellagar/2025-03-03_FE_50603032500310130324802700017010000050934142714915.pdf,263,Accesorio PVC sanitario,Plomería sanitaria,Material permanente,Unidad,Instalación sanitaria,2,Alta,No,,
CORPORACION COMERCIAL EL LAGAR,2700017010000050934,2025-03-03,SIFON DE CONCRETO 4 PULG ( 100MM ),1.0,4818.58,4818.58,Ellagar/2025-03-03_FE_50603032500310130324802700017010000050934142714915.pdf,264,Sifón sanitario,Plomería sanitaria,Material permanente,Unidad,Instalación sanitaria,2,Alta,No,,
CORPORACION COMERCIAL EL LAGAR,2700017010000050934,2025-03-03,TRAMPA DE GRASA DE CONCRETO 45X31X27,1.0,6902.65,6902.65,Ellagar/2025-03-03_FE_50603032500310130324802700017010000050934142714915.pdf,265,Trampa de grasa,Plomería sanitaria,Material permanente,Unidad,Instalación sanitaria,2,Alta,No,,
CORPORACION COMERCIAL EL LAGAR,2700017010000050934,2025-03-03,"PVC TUBO SANITARIO DELGADO SDR-50 2""- 50MM X 6MTS (NACIONAL)",3.0,8185.84,24557.52,Ellagar/2025-03-03_FE_50603032500310130324802700017010000050934142714915.pdf,266,PVC sanitario 2 in x 6 m,Plomería sanitaria,Material permanente,Pieza 6 m,Instalación sanitaria,2,Alta,No,,
CORPORACION COMERCIAL EL LAGAR,2700017010000050934,2025-03-03,PVC REDUCCION SANITARIA DELGADA SDR-32.5 100 X 50MM,2.0,4026.55,8053.1,Ellagar/2025-03-03_FE_50603032500310130324802700017010000050934142714915.pdf,267,Reducción sanitaria,Plomería sanitaria,Material permanente,Unidad,Instalación sanitaria,2,Alta,No,,
CORPORACION COMERCIAL EL LAGAR,2700017010000050934,2025-03-03,"PVC TEE SANITARIA DELGADA 100MM - 4"" (NACIONAL)",2.0,7743.36,15486.72,Ellagar/2025-03-03_FE_50603032500310130324802700017010000050934142714915.pdf,268,Accesorio PVC sanitario,Plomería sanitaria,Material permanente,Unidad,Instalación sanitaria,2,Alta,No,,
CORPORACION COMERCIAL EL LAGAR,2700017010000050934,2025-03-03,MECATE PIOLA 1 KG ROLLO ROLLO G-007224,1.0,3672.57,3672.57,Ellagar/2025-03-03_FE_50603032500310130324802700017010000050934142714915.pdf,269,Mecate / cuerda albañil,Ferretería,Consumible de obra,Saco/bolsa 1 kg,Múltiples etapas,4,Alta,No,1.0,3672.57
CORPORACION COMERCIAL EL LAGAR,2700017010000050934,2025-03-03,CONDUIT CONECTOR UL 18MM TIPO A,20.0,238.94,4778.8,Ellagar/2025-03-03_FE_50603032500310130324802700017010000050934142714915.pdf,270,Conduit 3/4 in,Electricidad,Material permanente,Unidad,Instalación eléctrica,2,Alta,No,,
CORPORACION COMERCIAL EL LAGAR,2700017010000050934,2025-03-03,CONDUIT CONECTOR UL 12MM TIPO A,15.0,185.84,2787.6,Ellagar/2025-03-03_FE_50603032500310130324802700017010000050934142714915.pdf,271,Conduit 1/2 in,Electricidad,Material permanente,Unidad,Instalación eléctrica,2,Alta,No,,
CORPORACION COMERCIAL EL LAGAR,2700017010000050934,2025-03-03,"CONDUIT TUBO UL 1/2""- 12MM X 3.05MTS TIPO A",20.0,1283.19,25663.800000000003,Ellagar/2025-03-03_FE_50603032500310130324802700017010000050934142714915.pdf,272,Conduit 1/2 in,Electricidad,Material permanente,Pieza 3.05 m,Instalación eléctrica,2,Alta,No,,
CORPORACION COMERCIAL EL LAGAR,2700017010000051515,2025-03-11,CAJA EMPOTRAR PREVISTA KIT LAVADORA,1.0,23283.19,23283.19,Ellagar/2025-03-11_FE_50611032500310130324802700017010000051515181163249.pdf,273,Luminaria empotrable,Electricidad,Material permanente,Unidad,Iluminación,2,Alta,No,,
CORPORACION COMERCIAL EL LAGAR,2700017010000051515,2025-03-11,H.G OND. #26 METALUM 0.45 0.81 X 1.83 MTS METALCO,1.0,6327.43,6327.43,Ellagar/2025-03-11_FE_50611032500310130324802700017010000051515181163249.pdf,274,Lámina techo ondulada #28,Cubierta y techo,Material permanente,Unidad,Cubierta,2,Alta,No,,
CORPORACION COMERCIAL EL LAGAR,2700017010000051515,2025-03-11,"CINTA TEFLON 3/4"" X 7MTS CTF-3/4 TRUPER",2.0,283.19,566.38,Ellagar/2025-03-11_FE_50611032500310130324802700017010000051515181163249.pdf,275,Cinta teflón,Plomería,Consumible de obra,Unidad,Instalaciones hidrosanitarias,2,Alta,No,,
CORPORACION COMERCIAL EL LAGAR,2700017010000051515,2025-03-11,LAPIZ CARPINTERO #333 LYRA U,4.0,884.96,3539.84,Ellagar/2025-03-11_FE_50611032500310130324802700017010000051515181163249.pdf,276,Recubrimiento / pintura (genérico),Pintura,Material permanente,Unidad,Pintura,3,Media,No,,
CORPORACION COMERCIAL EL LAGAR,2700017010000051515,2025-03-11,PINO REGLA 1X3X3.20M (19X65MM),10.0,1278.76,12787.6,Ellagar/2025-03-11_FE_50611032500310130324802700017010000051515181163249.pdf,277,Madera pino,Madera,Material/consumible,Pieza 3.20 m,Formaleta|Carpintería,4,Alta,No,,
CORPORACION COMERCIAL EL LAGAR,2700017010000051515,2025-03-11,PEGAMENTO PVC RESISTE EL AGUA 1/4 WET DRY SM248-5 LANCO,1.0,13707.96,13707.96,Ellagar/2025-03-11_FE_50611032500310130324802700017010000051515181163249.pdf,278,Pegamento PVC,Plomería,Consumible de obra,Unidad,Instalaciones hidrosanitarias,2,Alta,No,,
CORPORACION COMERCIAL EL LAGAR,2700017010000051515,2025-03-11,"EMT GAZA 1 OREJA 3/4""- 18MM UL",50.0,97.35,4867.5,Ellagar/2025-03-11_FE_50611032500310130324802700017010000051515181163249.pdf,279,Accesorio eléctrico EMT,Electricidad,Material permanente,Unidad,Instalación eléctrica,2,Alta,No,,
CORPORACION COMERCIAL EL LAGAR,2700017010000051515,2025-03-11,PVC CODO SANITARIO DELGADO 50MM X 90° (NACIONAL),10.0,1225.66,12256.6,Ellagar/2025-03-11_FE_50611032500310130324802700017010000051515181163249.pdf,280,Accesorio PVC sanitario,Plomería sanitaria,Material permanente,Unidad,Instalación sanitaria,2,Alta,No,,
CORPORACION COMERCIAL EL LAGAR,2700017010000051515,2025-03-11,PVC CODO SANITARIO DELGADO 100MM X 90° (NACIONAL),4.0,5707.96,22831.84,Ellagar/2025-03-11_FE_50611032500310130324802700017010000051515181163249.pdf,281,Accesorio PVC sanitario,Plomería sanitaria,Material permanente,Unidad,Instalación sanitaria,2,Alta,No,,
CORPORACION COMERCIAL EL LAGAR,2700017010000051515,2025-03-11,"PVC TEE SANITARIA DELGADA 100MM - 4"" (NACIONAL)",4.0,7743.36,30973.44,Ellagar/2025-03-11_FE_50611032500310130324802700017010000051515181163249.pdf,282,Accesorio PVC sanitario,Plomería sanitaria,Material permanente,Unidad,Instalación sanitaria,2,Alta,No,,
CORPORACION COMERCIAL EL LAGAR,2700017010000051515,2025-03-11,CONCRETO BLOQUE 12 X 20 X 40 TITAN (GAM B.S.J),300.0,407.08,122124.0,Ellagar/2025-03-11_FE_50611032500310130324802700017010000051515181163249.pdf,283,Block concreto 12x20x40,Mampostería,Material permanente,Unidad 12x20x40 cm,Mampostería,1,Alta,No,,
CORPORACION COMERCIAL EL LAGAR,2700017010000051515,2025-03-11,ARO REPELLO EMT 4 X 4 1GANG #1341,5.0,858.41,4292.05,Ellagar/2025-03-11_FE_50611032500310130324802700017010000051515181163249.pdf,284,Mortero repello,Morteros,Material permanente,Unidad,Repello,2,Alta,No,,
CORPORACION COMERCIAL EL LAGAR,2700017010000051515,2025-03-11,"CAJA OCTOGONAL EMT 1/2""- 12MM UL",5.0,526.55,2632.75,Ellagar/2025-03-11_FE_50611032500310130324802700017010000051515181163249.pdf,285,Accesorio eléctrico EMT,Electricidad,Material permanente,Unidad,Instalación eléctrica,2,Alta,No,,
CORPORACION COMERCIAL EL LAGAR,2700017010000051515,2025-03-11,"EMT CAJA CUADRADA 1/2 X 3/4 X 2.1/8"" DOBLE FONDO UL",5.0,703.54,3517.7,Ellagar/2025-03-11_FE_50611032500310130324802700017010000051515181163249.pdf,286,Accesorio eléctrico EMT,Electricidad,Material permanente,Unidad,Instalación eléctrica,2,Alta,No,,
CORPORACION COMERCIAL EL LAGAR,2700017010000051515,2025-03-11,"CAJA RECTANGULAR EMT 1/2""- 12MM UL",10.0,362.83,3628.2999999999997,Ellagar/2025-03-11_FE_50611032500310130324802700017010000051515181163249.pdf,287,Accesorio eléctrico EMT,Electricidad,Material permanente,Unidad,Instalación eléctrica,2,Alta,No,,
CORPORACION COMERCIAL EL LAGAR,2700017010000051515,2025-03-11,PVC TAPON HEMBRA LISO PRESION SCH-40 12MM,20.0,141.59,2831.8,Ellagar/2025-03-11_FE_50611032500310130324802700017010000051515181163249.pdf,288,Accesorio PVC/CPVC,Plomería,Material permanente,Unidad,Instalaciones hidrosanitarias,2,Alta,No,,
CORPORACION COMERCIAL EL LAGAR,2700017010000051515,2025-03-11,"CPVC TAPON LISO AGUA CALIENTE 12MM - 1/2""",20.0,477.88,9557.6,Ellagar/2025-03-11_FE_50611032500310130324802700017010000051515181163249.pdf,289,CPVC 1/2 in x 6 m,Plomería agua caliente,Material permanente,Unidad,Agua caliente,2,Alta,No,,
CORPORACION COMERCIAL EL LAGAR,2700017010000051515,2025-03-11,"PVC ADAPTADOR MACHO PRESION SCH-40 12MM - 1/2"" (NACIONAL)",15.0,150.44,2256.6,Ellagar/2025-03-11_FE_50611032500310130324802700017010000051515181163249.pdf,290,PVC presión SCH40 1/2 in x 6 m,Plomería potable,Material permanente,Unidad,Agua potable,2,Alta,No,,
CORPORACION COMERCIAL EL LAGAR,2700017010000051515,2025-03-11,PVC CANOA GAZA BAJANTE REDONDA 50MM,10.0,407.08,4070.7999999999997,Ellagar/2025-03-11_FE_50611032500310130324802700017010000051515181163249.pdf,291,Canoa / bajante PVC,Plomería pluvial,Material permanente,Unidad,Cubierta|Pluvial,4,Alta,No,,
CORPORACION COMERCIAL EL LAGAR,2700017010000051515,2025-03-11,PVC CANOA GAZA BAJANTE REDONDA 100MM,10.0,477.88,4778.8,Ellagar/2025-03-11_FE_50611032500310130324802700017010000051515181163249.pdf,292,Canoa / bajante PVC,Plomería pluvial,Material permanente,Unidad,Cubierta|Pluvial,4,Alta,No,,
CORPORACION COMERCIAL EL LAGAR,2700017010000051515,2025-03-11,LLANETA MANGO DE HULE NEGRO,2.0,4778.76,9557.52,Ellagar/2025-03-11_FE_50611032500310130324802700017010000051515181163249.pdf,293,Herramienta manual,Herramientas y equipo,Herramienta/equipo,Unidad,No incorporado,5,Alta,No,,
CORPORACION COMERCIAL EL LAGAR,2700017010000051515,2025-03-11,MORTERO REPEMAX BLANCO REPELLO 90 FINO 40K INTACO,2.0,5132.74,10265.48,Ellagar/2025-03-11_FE_50611032500310130324802700017010000051515181163249.pdf,294,Mortero repello fino 40 kg,Morteros,Material permanente,Unidad,Repello,2,Alta,No,,
CORPORACION COMERCIAL EL LAGAR,2700017010000051515,2025-03-11,MORTERO REPEMAX REPELLO 80 GRUESO 40 KILOS INTACO,30.0,3500.0,105000.0,Ellagar/2025-03-11_FE_50611032500310130324802700017010000051515181163249.pdf,295,Mortero repello grueso 40 kg,Morteros,Material permanente,Saco/bolsa 40 kg,Repello,2,Alta,No,40.0,87.5
CORPORACION COMERCIAL EL LAGAR,2700017010000051687,2025-03-13,AGREGADO ARENA TAJO M3 GAM,3.0,17964.6,53893.799999999996,Ellagar/2025-03-13_FE_50613032500310130324802700017010000051687169531089.pdf,296,Arena,Agregados,Material permanente,m³,Cimentación|Estructura|Mampostería|Contrapiso,1,Alta,No,,
CORPORACION COMERCIAL EL LAGAR,2700017010000051687,2025-03-13,AGREGADO PIEDRA CUARTILLA M3 GAM,3.0,16106.19,48318.57,Ellagar/2025-03-13_FE_50613032500310130324802700017010000051687169531089.pdf,297,Piedra / agregado,Agregados,Material permanente,m³,Cimentación|Estructura|Contrapiso,1,Alta,No,,
CORPORACION COMERCIAL EL LAGAR,2700017010000051687,2025-03-13,CEMENTO GRIS PROGRESO UG HIDRAULICO 50KLS (GAM),22.0,5973.45,131415.9,Ellagar/2025-03-13_FE_50613032500310130324802700017010000051687169531089.pdf,298,Cemento gris 50 kg,Cemento y concretos,Material permanente,Saco 50 kg,Cimentación|Estructura|Mampostería|Contrapiso,1,Alta,No,50.0,119.469
CORPORACION COMERCIAL EL LAGAR,2700017010000051687,2025-03-13,SERVICIO TRANSPORTE,1.0,34336.28,34336.28,Ellagar/2025-03-13_FE_50613032500310130324802700017010000051687169531089.pdf,299,Transporte / flete,Servicios,Servicio,Unidad,Logística,5,Alta,No,,
CORPORACION COMERCIAL EL LAGAR,2700017010000051952,2025-03-17,MORTERO REPEMAX REPELLO 80 GRUESO 40 KILOS INTACO,10.0,3500.0,35000.0,Ellagar/2025-03-17_FE_50617032500310130324802700017010000051952194742938.pdf,300,Mortero repello grueso 40 kg,Morteros,Material permanente,Saco/bolsa 40 kg,Repello,2,Alta,No,40.0,87.5
CORPORACION COMERCIAL EL LAGAR,2700017010000051952,2025-03-17,CILINDRO GAS BUTANO JUMBOSTAR,2.0,2300.0,4600.0,Ellagar/2025-03-17_FE_50617032500310130324802700017010000051952194742938.pdf,301,Gas butano,Consumibles,Consumible de obra,Unidad,Múltiples etapas,4,Alta,No,,
CORPORACION COMERCIAL EL LAGAR,2700017010000051952,2025-03-17,"EXTRACTOR AIRE MF 100/4"" 120V PUNTO FILO LED",1.0,25500.0,25500.0,Ellagar/2025-03-17_FE_50617032500310130324802700017010000051952194742938.pdf,302,Iluminación LED,Electricidad,Material permanente,Unidad,Iluminación,2,Alta,No,,
CORPORACION COMERCIAL EL LAGAR,2700017010000051952,2025-03-17,CAJA EMPOTRAR PREVISTA KIT ICE MAKER,1.0,15221.24,15221.24,Ellagar/2025-03-17_FE_50617032500310130324802700017010000051952194742938.pdf,303,Luminaria empotrable,Electricidad,Material permanente,Unidad,Iluminación,2,Alta,No,,
CORPORACION COMERCIAL EL LAGAR,2700017010000051952,2025-03-17,"CAJA RECTANGULAR EMT 1/2""- 12MM UL",15.0,362.83,5442.45,Ellagar/2025-03-17_FE_50617032500310130324802700017010000051952194742938.pdf,304,Accesorio eléctrico EMT,Electricidad,Material permanente,Unidad,Instalación eléctrica,2,Alta,No,,
CORPORACION COMERCIAL EL LAGAR,2700017010000051952,2025-03-17,TAPE ELECTRICO SUPER #33 3M NEGRO 20MTS U,2.0,2767.33,5534.66,Ellagar/2025-03-17_FE_50617032500310130324802700017010000051952194742938.pdf,305,Cinta eléctrica,Electricidad,Consumible de obra,Unidad,Instalación eléctrica,2,Alta,No,,
CORPORACION COMERCIAL EL LAGAR,2700017010000051952,2025-03-17,CONDUIT CURVA UL 12MM X 90° TIPO A,20.0,637.17,12743.4,Ellagar/2025-03-17_FE_50617032500310130324802700017010000051952194742938.pdf,306,Conduit 1/2 in,Electricidad,Material permanente,Unidad,Instalación eléctrica,2,Alta,No,,
CORPORACION COMERCIAL EL LAGAR,2700017010000051952,2025-03-17,H.G OND. #28 0.32 METALUM 0.81X1.83 METALCO,1.0,4203.54,4203.54,Ellagar/2025-03-17_FE_50617032500310130324802700017010000051952194742938.pdf,307,Lámina techo ondulada #28,Cubierta y techo,Material permanente,Unidad,Cubierta,2,Alta,No,,
CORPORACION COMERCIAL EL LAGAR,2700017010000051952,2025-03-17,CONDUIT CONECTOR UL 12MM TIPO A,45.0,185.84,8362.8,Ellagar/2025-03-17_FE_50617032500310130324802700017010000051952194742938.pdf,308,Conduit 1/2 in,Electricidad,Material permanente,Unidad,Instalación eléctrica,2,Alta,No,,
CORPORACION COMERCIAL EL LAGAR,2700017010000051952,2025-03-17,"H.G. CODO 1/2""- 12MM X 90°",10.0,513.27,5132.7,Ellagar/2025-03-17_FE_50617032500310130324802700017010000051952194742938.pdf,309,Niple / accesorio HG,Plomería,Material permanente,Unidad,Instalaciones hidrosanitarias,2,Alta,No,,
CORPORACION COMERCIAL EL LAGAR,2700017010000051952,2025-03-17,"CONDUIT TUBO UL 1/2""- 12MM X 3.05MTS TIPO A",30.0,1283.19,38495.700000000004,Ellagar/2025-03-17_FE_50617032500310130324802700017010000051952194742938.pdf,310,Conduit 1/2 in,Electricidad,Material permanente,Pieza 3.05 m,Instalación eléctrica,2,Alta,No,,
CORPORACION COMERCIAL EL LAGAR,2700018010000042985,2025-03-19,"CINTA TEFLON 1/2"" X 7MTS CTF-1/2 TRUPER",1.0,150.44,150.44,Ellagar/2025-03-19_FE_50619032500310130324802700018010000042985114593964.pdf,311,Cinta teflón,Plomería,Consumible de obra,Unidad,Instalaciones hidrosanitarias,2,Alta,No,,
CORPORACION COMERCIAL EL LAGAR,2700018010000042985,2025-03-19,"TUBO ABASTO DOBLE 1/2""X1/2""X1/2""",1.0,5451.33,5451.33,Ellagar/2025-03-19_FE_50619032500310130324802700018010000042985114593964.pdf,312,Metal / perfil (genérico),Estructura metálica,Material permanente,Unidad,Estructura|Cubierta,2,Media,No,,
CORPORACION COMERCIAL EL LAGAR,2700018010000042985,2025-03-19,VALVULA SEGURIDAD 1/2 12 MM U,1.0,11557.52,11557.52,Ellagar/2025-03-19_FE_50619032500310130324802700018010000042985114593964.pdf,313,Llave / válvula hidráulica,Plomería,Material permanente,Unidad,Instalaciones hidrosanitarias,2,Alta,No,,
CORPORACION COMERCIAL EL LAGAR,2700018010000042985,2025-03-19,"H.G. NIPLE 12 X 50MM - 1/2 X 2""",2.0,203.54,407.08,Ellagar/2025-03-19_FE_50619032500310130324802700018010000042985114593964.pdf,314,Niple / accesorio HG,Plomería,Material permanente,Unidad,Instalaciones hidrosanitarias,2,Alta,No,,
CORPORACION COMERCIAL EL LAGAR,2700018010000042986,2025-03-19,CEMENTO GRIS PROGRESO UG HIDRAULICO 50KLS (GAM),15.0,5256.64,78849.6,Ellagar/2025-03-19_FE_50619032500310130324802700018010000042986148166610.pdf,315,Cemento gris 50 kg,Cemento y concretos,Material permanente,Saco 50 kg,Cimentación|Estructura|Mampostería|Contrapiso,1,Alta,No,50.0,105.1328
CORPORACION COMERCIAL EL LAGAR,2700018010000042986,2025-03-19,VARILLA DEFORMADA GRADO 40 #3 X 6 MTS,25.0,1349.56,33739.0,Ellagar/2025-03-19_FE_50619032500310130324802700018010000042986148166610.pdf,316,Varilla #3,Acero refuerzo,Material permanente,Pieza #3 x 6 m,Cimentación|Estructura|Contrapiso,1,Alta,No,,
CORPORACION COMERCIAL EL LAGAR,2700018010000042986,2025-03-19,MORTERO REPEMAX REPELLO 80 GRUESO 40 KILOS INTACO,30.0,3500.0,105000.0,Ellagar/2025-03-19_FE_50619032500310130324802700018010000042986148166610.pdf,317,Mortero repello grueso 40 kg,Morteros,Material permanente,Saco/bolsa 40 kg,Repello,2,Alta,No,40.0,87.5
CORPORACION COMERCIAL EL LAGAR,2700017010000052567,2025-03-24,"PVC TAPON REGISTRO SANITARIO GRUESO S-40 100MM - 4""",3.0,2721.24,8163.719999999999,Ellagar/2025-03-24_FE_50624032500310130324802700017010000052567122724750.pdf,318,Accesorio PVC sanitario,Plomería sanitaria,Material permanente,Unidad,Instalación sanitaria,2,Alta,No,,
CORPORACION COMERCIAL EL LAGAR,2700017010000052567,2025-03-24,"PVC ADAPTADOR REGISTRO SANITARIO GRUESO S-40 100MM - 4""",4.0,5659.29,22637.16,Ellagar/2025-03-24_FE_50624032500310130324802700017010000052567122724750.pdf,319,Accesorio PVC sanitario,Plomería sanitaria,Material permanente,Unidad,Instalación sanitaria,2,Alta,No,,
CORPORACION COMERCIAL EL LAGAR,2700017010000052567,2025-03-24,VARILLA GRAFILADA 5.25MM X 6 MTRS,5.0,663.72,3318.6000000000004,Ellagar/2025-03-24_FE_50624032500310130324802700017010000052567122724750.pdf,320,Varilla refuerzo,Acero refuerzo,Material permanente,Pieza x 6 m,Cimentación|Estructura,1,Alta,No,,
CORPORACION COMERCIAL EL LAGAR,2700017010000052567,2025-03-24,MORTERO REPEMAX GRIS 90 REPELLO FINO 40KILOS INTACO,10.0,4203.54,42035.4,Ellagar/2025-03-24_FE_50624032500310130324802700017010000052567122724750.pdf,321,Mortero repello fino 40 kg,Morteros,Material permanente,Saco/bolsa 40 kg,Repello,2,Alta,No,40.0,105.0885
CORPORACION COMERCIAL EL LAGAR,2700017010000052567,2025-03-24,MORTERO REPEMAX REPELLO 80 GRUESO 40 KILOS INTACO,15.0,3500.0,52500.0,Ellagar/2025-03-24_FE_50624032500310130324802700017010000052567122724750.pdf,322,Mortero repello grueso 40 kg,Morteros,Material permanente,Saco/bolsa 40 kg,Repello,2,Alta,No,40.0,87.5
CORPORACION COMERCIAL EL LAGAR,2700017010000052567,2025-03-24,PINO REGLA 1X3X3.20M (19X65MM),8.0,1278.76,10230.08,Ellagar/2025-03-24_FE_50624032500310130324802700017010000052567122724750.pdf,323,Madera pino,Madera,Material/consumible,Pieza 3.20 m,Formaleta|Carpintería,4,Alta,No,,
CORPORACION COMERCIAL EL LAGAR,2700017010000052567,2025-03-24,CONDUIT CURVA UL 50MM X 90° TIPO A,2.0,3654.87,7309.74,Ellagar/2025-03-24_FE_50624032500310130324802700017010000052567122724750.pdf,324,Conduit 2 in,Electricidad,Material permanente,Unidad,Instalación eléctrica,2,Alta,No,,
CORPORACION COMERCIAL EL LAGAR,2700017010000052567,2025-03-24,"CONDUIT TUBO UL 2""- 50MM X 3.05MTS TIPO A",4.0,8008.85,32035.4,Ellagar/2025-03-24_FE_50624032500310130324802700017010000052567122724750.pdf,325,Conduit 2 in,Electricidad,Material permanente,Pieza 3.05 m,Instalación eléctrica,2,Alta,No,,
CORPORACION COMERCIAL EL LAGAR,2700017010000052567,2025-03-24,"CONDUIT TUBO UL 3/4""- 18MM X 3.05MTS TIPO A",10.0,2057.52,20575.2,Ellagar/2025-03-24_FE_50624032500310130324802700017010000052567122724750.pdf,326,Conduit 3/4 in,Electricidad,Material permanente,Pieza 3.05 m,Instalación eléctrica,2,Alta,No,,
CORPORACION COMERCIAL EL LAGAR,2700017010000052567,2025-03-24,"CLAVO DE ACERO 3.5X50MM (2"") GRUESO BAR",500.0,37.17,18585.0,Ellagar/2025-03-24_FE_50624032500310130324802700017010000052567122724750.pdf,327,Clavo,Ferretería,Consumible de obra,Unidad,Múltiples etapas,4,Alta,No,,
CORPORACION COMERCIAL EL LAGAR,2700017010000052567,2025-03-24,SEMIDURO REGLA SIN CEPILLO 25 X 75 MM 4VRAS,10.0,1681.42,16814.2,Ellagar/2025-03-24_FE_50624032500310130324802700017010000052567122724750.pdf,328,Semiduro madera,Madera,Consumible de obra,Unidad,Formaleta|Carpintería,4,Alta,No,,
CORPORACION COMERCIAL EL LAGAR,2700017010000052567,2025-03-24,SEMIDURO TABLA SIN CEPILLO 25 X 300MM 4VRAS,10.0,6637.17,66371.7,Ellagar/2025-03-24_FE_50624032500310130324802700017010000052567122724750.pdf,329,Semiduro madera,Madera,Consumible de obra,Unidad,Formaleta|Carpintería,4,Alta,No,,
CORPORACION COMERCIAL EL LAGAR,2700018010000043332,2025-03-24,MORTERO REPEMAX REPELLO 80 GRUESO 40 KILOS INTACO,20.0,3500.0,70000.0,Ellagar/2025-03-24_FE_50624032500310130324802700018010000043332110609967.pdf,330,Mortero repello grueso 40 kg,Morteros,Material permanente,Saco/bolsa 40 kg,Repello,2,Alta,No,40.0,87.5
CORPORACION COMERCIAL EL LAGAR,2700018010000043752,2025-03-31,"LAMINA GYPSUM EXTERIOR DENSGLASS AMARIL ""GP"" 1.22X2.44 12MM",3.0,16327.43,48982.29,Ellagar/2025-03-31_FE_50631032500310130324802700018010000043752104443527.pdf,331,Densglass 12 mm,Gypsum y liviano,Material permanente,Unidad,Fachada|Cielos y divisiones,3,Alta,No,,
CORPORACION COMERCIAL EL LAGAR,2700018010000043752,2025-03-31,"CLAVO IMPACTO DE ACERO 1 1/4"" P/ GYPSUM",200.0,26.55,5310.0,Ellagar/2025-03-31_FE_50631032500310130324802700018010000043752104443527.pdf,332,Clavo,Ferretería,Consumible de obra,Unidad,Múltiples etapas,4,Alta,No,,
CORPORACION COMERCIAL EL LAGAR,2700018010000043752,2025-03-31,TIRO CAFE GYPSUM CALIBRE 22,100.0,71.68,7168.000000000001,Ellagar/2025-03-31_FE_50631032500310130324802700018010000043752104443527.pdf,333,Tiro fijación,Ferretería,Consumible de obra,Unidad,Cielos y divisiones,4,Alta,No,,
CORPORACION COMERCIAL EL LAGAR,2700018010000043752,2025-03-31,"PUNTA PHILIPS 2"" SHOCKWAVE 48-32-4862 MILWAUKEE",2.0,964.6,1929.2,Ellagar/2025-03-31_FE_50631032500310130324802700018010000043752104443527.pdf,334,"Punta Philips 2"" Shockwave 48-32-4862 Milwaukee",Otros insumos,Otro registrado,Unidad,Otros,4,Baja,No,,
CORPORACION COMERCIAL EL LAGAR,2700018010000043752,2025-03-31,"PVC TUBO PRESION SCH-40 1/2""- 12MM X 6MTS (NACIONAL)",4.0,4026.55,16106.2,Ellagar/2025-03-31_FE_50631032500310130324802700018010000043752104443527.pdf,335,PVC presión SCH40 1/2 in x 6 m,Plomería potable,Material permanente,Pieza 6 m,Agua potable,2,Alta,No,,
CORPORACION COMERCIAL EL LAGAR,2700018010000043752,2025-03-31,"LAMINA GYPSUM INTERIOR ULTRA LIGHT ""REY"" 1.22X2.44 12MM",36.0,5265.49,189557.63999999998,Ellagar/2025-03-31_FE_50631032500310130324802700018010000043752104443527.pdf,336,Lámina gypsum 12 mm,Gypsum y liviano,Material permanente,Unidad,Cielos y divisiones,3,Alta,No,,
CORPORACION COMERCIAL EL LAGAR,2700018010000043752,2025-03-31,"CINTA TEFLON 3/4"" X 7MTS CTF-3/4 TRUPER",2.0,283.19,566.38,Ellagar/2025-03-31_FE_50631032500310130324802700018010000043752104443527.pdf,337,Cinta teflón,Plomería,Consumible de obra,Unidad,Instalaciones hidrosanitarias,2,Alta,No,,
CORPORACION COMERCIAL EL LAGAR,2700018010000043752,2025-03-31,"LLAVE CONTROL ESCUADRA 1/4 VUELTA 1/2 X 1/2"" IP-120 COFLEX",14.0,4685.84,65601.76000000001,Ellagar/2025-03-31_FE_50631032500310130324802700018010000043752104443527.pdf,338,Llave / válvula hidráulica,Plomería,Material permanente,Unidad,Instalaciones hidrosanitarias,2,Alta,No,,
CORPORACION COMERCIAL EL LAGAR,2700018010000043752,2025-03-31,"PVC TUBO SANITARIO DELGADO SDR-50 2""- 50MM X 6MTS (NACIONAL)",3.0,6283.19,18849.57,Ellagar/2025-03-31_FE_50631032500310130324802700018010000043752104443527.pdf,339,PVC sanitario 2 in x 6 m,Plomería sanitaria,Material permanente,Pieza 6 m,Instalación sanitaria,2,Alta,No,,
CORPORACION COMERCIAL EL LAGAR,2700018010000043752,2025-03-31,"CPVC TUBO AGUA CALIENTE 1/2""- 12MM X 6MTS",4.0,11858.41,47433.64,Ellagar/2025-03-31_FE_50631032500310130324802700018010000043752104443527.pdf,340,CPVC 1/2 in x 6 m,Plomería agua caliente,Material permanente,Pieza 6 m,Agua caliente,2,Alta,No,,
CORPORACION COMERCIAL EL LAGAR,2700018010000043752,2025-03-31,MORTERO REPEMAX REPELLO 80 GRUESO 40 KILOS INTACO,15.0,3500.0,52500.0,Ellagar/2025-03-31_FE_50631032500310130324802700018010000043752104443527.pdf,341,Mortero repello grueso 40 kg,Morteros,Material permanente,Saco/bolsa 40 kg,Repello,2,Alta,No,40.0,87.5
CORPORACION COMERCIAL EL LAGAR,2700018010000043752,2025-03-31,"TORNILLO GYPSUM PUNTA CORRIENTE 6 X 1 1/4"" BOLSA 100UND",10.0,482.3,4823.0,Ellagar/2025-03-31_FE_50631032500310130324802700018010000043752104443527.pdf,342,Tornillo / fijación,Ferretería,Consumible de obra,Unidad,Múltiples etapas,4,Alta,No,,
CORPORACION COMERCIAL EL LAGAR,2700018010000043752,2025-03-31,PERFIL GYPSUM FURRING OMEGA 2.1/2 X 366 CMS CAL #25,66.0,703.54,46433.64,Ellagar/2025-03-31_FE_50631032500310130324802700018010000043752104443527.pdf,343,Perfil gypsum furring,Gypsum y liviano,Material permanente,Unidad,Cielos y divisiones,3,Alta,No,,
CORPORACION COMERCIAL EL LAGAR,2700018010000043752,2025-03-31,PERFIL GYP CANAL P/CIELO 1.1/2X4.88MT #20.70MM DUROCK/PLYCEM,66.0,1331.86,87902.76,Ellagar/2025-03-31_FE_50631032500310130324802700018010000043752104443527.pdf,344,Perfil gypsum canal cielo,Gypsum y liviano,Material permanente,Unidad,Cielos y divisiones,3,Alta,No,,
CORPORACION COMERCIAL EL LAGAR,2700018010000043752,2025-03-31,PERFIL GYPSUM ANGULAR 25X25 X 305 CMS CAL #25,65.0,376.11,24447.15,Ellagar/2025-03-31_FE_50631032500310130324802700018010000043752104443527.pdf,345,Lámina gypsum 12 mm,Gypsum y liviano,Material permanente,Unidad,Cielos y divisiones,3,Alta,No,,
CORPORACION COMERCIAL EL LAGAR,2700018010000043752,2025-03-31,ESQUINERO GYPSUM PLASTICO 1.1/4 X 10,133.0,836.28,111225.23999999999,Ellagar/2025-03-31_FE_50631032500310130324802700018010000043752104443527.pdf,346,Moldura / esquinero,Acabados,Material permanente,Unidad,Acabados,4,Alta,No,,
CORPORACION COMERCIAL EL LAGAR,2700018010000043752,2025-03-31,PERFIL GYPSUM TRACK/CANAL 3X10 CAL 0.36MM,63.0,752.21,47389.23,Ellagar/2025-03-31_FE_50631032500310130324802700018010000043752104443527.pdf,347,Perfil gypsum track,Gypsum y liviano,Material permanente,Unidad,Cielos y divisiones,3,Alta,No,,
CORPORACION COMERCIAL EL LAGAR,2700018010000043752,2025-03-31,PERFIL GYPSUM STUD/POSTE 3X10 CAL 0.36MM,62.0,840.71,52124.020000000004,Ellagar/2025-03-31_FE_50631032500310130324802700018010000043752104443527.pdf,348,Perfil gypsum stud,Gypsum y liviano,Material permanente,Unidad,Cielos y divisiones,3,Alta,No,,
CORPORACION COMERCIAL EL LAGAR,2700018010000043752,2025-03-31,"TORNILLO TORLAK PUNTA BROCA 8 X 1/2"" BOLSA 100UND",2.0,438.05,876.1,Ellagar/2025-03-31_FE_50631032500310130324802700018010000043752104443527.pdf,349,Tornillo / fijación,Ferretería,Consumible de obra,Unidad,Múltiples etapas,4,Alta,No,,
CORPORACION COMERCIAL EL LAGAR,2700018010000043752,2025-03-31,"TORNILLO TORLAK PUNTA CORRIENTE 8 X 1/2"" BOLSA 100UND",2.0,438.05,876.1,Ellagar/2025-03-31_FE_50631032500310130324802700018010000043752104443527.pdf,350,Tornillo / fijación,Ferretería,Consumible de obra,Unidad,Múltiples etapas,4,Alta,No,,
CORPORACION COMERCIAL EL LAGAR,2700017010000053175,2025-04-02,LIJA PARA MADERA #100 C 3M U,1.0,376.11,376.11,Ellagar/2025-04-02_FE_50602042500310130324802700017010000053175159978186.pdf,351,Lija,Pintura y acabados,Consumible de obra,Unidad,Acabados,4,Alta,No,,
CORPORACION COMERCIAL EL LAGAR,2700017010000053175,2025-04-02,LIJA MADERA 180 FANDELI,2.0,407.08,814.16,Ellagar/2025-04-02_FE_50602042500310130324802700017010000053175159978186.pdf,352,Lija,Pintura y acabados,Consumible de obra,Unidad,Acabados,4,Alta,No,,
CORPORACION COMERCIAL EL LAGAR,2700017010000053175,2025-04-02,TIRO CAFE GYPSUM CALIBRE 22,200.0,71.68,14336.000000000002,Ellagar/2025-04-02_FE_50602042500310130324802700017010000053175159978186.pdf,353,Tiro fijación,Ferretería,Consumible de obra,Unidad,Cielos y divisiones,4,Alta,No,,
CORPORACION COMERCIAL EL LAGAR,2700017010000053175,2025-04-02,"CLAVO IMPACTO DE ACERO 1 1/4"" P/ GYPSUM",100.0,26.55,2655.0,Ellagar/2025-04-02_FE_50602042500310130324802700017010000053175159978186.pdf,354,Clavo,Ferretería,Consumible de obra,Unidad,Múltiples etapas,4,Alta,No,,
CORPORACION COMERCIAL EL LAGAR,2700017010000053175,2025-04-02,PVC TAPON HEMBRA SANITARIO GRUESO S-40 50MM,5.0,632.74,3163.7,Ellagar/2025-04-02_FE_50602042500310130324802700017010000053175159978186.pdf,355,Accesorio PVC sanitario,Plomería sanitaria,Material permanente,Unidad,Instalación sanitaria,2,Alta,No,,
CORPORACION COMERCIAL EL LAGAR,2700017010000053175,2025-04-02,"TORNILLO TORLAK PUNTA BROCA 8 X 1/2"" BOLSA 100UND",1.0,438.05,438.05,Ellagar/2025-04-02_FE_50602042500310130324802700017010000053175159978186.pdf,356,Tornillo / fijación,Ferretería,Consumible de obra,Unidad,Múltiples etapas,4,Alta,No,,
CORPORACION COMERCIAL EL LAGAR,2700017010000053175,2025-04-02,PVC REDUCCION SANITARIA DELGADA SDR-32.5 100 X 50MM,2.0,4026.55,8053.1,Ellagar/2025-04-02_FE_50602042500310130324802700017010000053175159978186.pdf,357,Reducción sanitaria,Plomería sanitaria,Material permanente,Unidad,Instalación sanitaria,2,Alta,No,,
CORPORACION COMERCIAL EL LAGAR,2700017010000053175,2025-04-02,PEGAMENTO PVC RESISTE EL AGUA 1/4 WET DRY SM248-5 LANCO,1.0,13707.96,13707.96,Ellagar/2025-04-02_FE_50602042500310130324802700017010000053175159978186.pdf,358,Pegamento PVC,Plomería,Consumible de obra,Unidad,Instalaciones hidrosanitarias,2,Alta,No,,
CORPORACION COMERCIAL EL LAGAR,2700017010000053175,2025-04-02,CONDUIT CONECTOR UL 12MM TIPO A,40.0,185.84,7433.6,Ellagar/2025-04-02_FE_50602042500310130324802700017010000053175159978186.pdf,359,Conduit 1/2 in,Electricidad,Material permanente,Unidad,Instalación eléctrica,2,Alta,No,,
CORPORACION COMERCIAL EL LAGAR,2700017010000053175,2025-04-02,PVC CODO SANITARIO DELGADO 50MM X 90° (NACIONAL),8.0,707.96,5663.68,Ellagar/2025-04-02_FE_50602042500310130324802700017010000053175159978186.pdf,360,Accesorio PVC sanitario,Plomería sanitaria,Material permanente,Unidad,Instalación sanitaria,2,Alta,No,,
CORPORACION COMERCIAL EL LAGAR,2700018010000043863,2025-04-03,PERFIL GYPSUM STUD/POSTE 3X10 CAL 0.36MM,4.0,893.81,3575.24,Ellagar/2025-04-03_FE_50603042500310130324802700018010000043863145517792.pdf,361,Perfil gypsum stud,Gypsum y liviano,Material permanente,Unidad,Cielos y divisiones,3,Alta,No,,
CORPORACION COMERCIAL EL LAGAR,2700018010000043863,2025-04-03,PERFIL GYPSUM TRACK/CANAL 3X10 CAL 0.36MM,10.0,792.04,7920.4,Ellagar/2025-04-03_FE_50603042500310130324802700018010000043863145517792.pdf,362,Perfil gypsum track,Gypsum y liviano,Material permanente,Unidad,Cielos y divisiones,3,Alta,No,,
CORPORACION COMERCIAL EL LAGAR,2700018010000043863,2025-04-03,ESQUINERO GYPSUM METAL 1.1/4 X 10,5.0,464.6,2323.0,Ellagar/2025-04-03_FE_50603042500310130324802700018010000043863145517792.pdf,363,Moldura / esquinero,Acabados,Material permanente,Unidad,Acabados,4,Alta,No,,
CORPORACION COMERCIAL EL LAGAR,2700018010000043863,2025-04-03,PERFIL GYP CANAL P/CIELO 1.1/2X4.88MT #20.70MM DUROCK/PLYCEM,16.0,1331.86,21309.76,Ellagar/2025-04-03_FE_50603042500310130324802700018010000043863145517792.pdf,364,Perfil gypsum canal cielo,Gypsum y liviano,Material permanente,Unidad,Cielos y divisiones,3,Alta,No,,
CORPORACION COMERCIAL EL LAGAR,2700018010000043863,2025-04-03,TUBO NEGRO ESTRUC.CUAD. 50X50X1.50MMX6.00MTS,1.0,8367.26,8367.26,Ellagar/2025-04-03_FE_50603042500310130324802700018010000043863145517792.pdf,365,Tubo estructural 50x50,Estructura metálica,Material permanente,Pieza 6.00 m,Estructura|Cubierta,2,Alta,No,,
CORPORACION COMERCIAL EL LAGAR,2700018010000043863,2025-04-03,TUBO NEGRO ESTRUC.CUAD.100X100X1.50MMX6.00MTS,20.0,16455.75,329115.0,Ellagar/2025-04-03_FE_50603042500310130324802700018010000043863145517792.pdf,366,Tubo estructural 100x100,Estructura metálica,Material permanente,Pieza 6.00 m,Estructura|Cubierta,2,Alta,No,,
CORPORACION COMERCIAL EL LAGAR,2700018010000043863,2025-04-03,TUBO NEGRO ESTRUC.RECT. 50X150X1.50MMX6.00MTS,15.0,16477.88,247168.2,Ellagar/2025-04-03_FE_50603042500310130324802700018010000043863145517792.pdf,367,Tubo estructural 50x150,Estructura metálica,Material permanente,Pieza 6.00 m,Estructura|Cubierta,2,Alta,No,,
CORPORACION COMERCIAL EL LAGAR,2700019010000045002,2025-04-03,CEMENTO GRIS PROGRESO UG HIDRAULICO 50KLS (GAM),40.0,5973.45,238938.0,Ellagar/2025-04-03_FE_50603042500310130324802700019010000045002197819345.pdf,368,Cemento gris 50 kg,Cemento y concretos,Material permanente,Saco 50 kg,Cimentación|Estructura|Mampostería|Contrapiso,1,Alta,No,50.0,119.469
CORPORACION COMERCIAL EL LAGAR,2700019010000045002,2025-04-03,DILUYENTE THINNER CORRIENTE GALON - NO CONTROL. X ICD,1.0,6721.24,6721.24,Ellagar/2025-04-03_FE_50603042500310130324802700019010000045002197819345.pdf,369,Thinner / diluyente,Pintura,Consumible de obra,Unidad,Pintura,3,Alta,No,,
CORPORACION COMERCIAL EL LAGAR,2700019010000045002,2025-04-03,SOLDADURA HILCO PUNTO ROJO #6013 3/32 (2.5X350) 5 KILOS,1.0,23893.81,23893.81,Ellagar/2025-04-03_FE_50603042500310130324802700019010000045002197819345.pdf,370,Soldadura,Estructura metálica,Consumible de obra,Saco/bolsa 5 kg,Estructura|Carpintería metálica,2,Alta,No,5.0,4778.762
CORPORACION COMERCIAL EL LAGAR,2700019010000045002,2025-04-03,ANTICORROSIVO CORROSTOP #9000-000-06 BLANCO GALON SUR,1.0,13230.09,13230.09,Ellagar/2025-04-03_FE_50603042500310130324802700019010000045002197819345.pdf,371,Anticorrosivo,Pintura,Material permanente,Unidad,Estructura metálica|Pintura,3,Alta,No,,
CORPORACION COMERCIAL EL LAGAR,2700019010000045002,2025-04-03,TUBO NEGRO ESTRUC.CUAD. 50X50X1.50MMX6.00MTS,10.0,8367.26,83672.6,Ellagar/2025-04-03_FE_50603042500310130324802700019010000045002197819345.pdf,372,Tubo estructural 50x50,Estructura metálica,Material permanente,Pieza 6.00 m,Estructura|Cubierta,2,Alta,No,,
CORPORACION COMERCIAL EL LAGAR,2700017010000053534,2025-04-07,"DISCO DIAMANTADO SEGMENTADO 4 1/2"" DDT-829D TRUPER / NEO",1.0,6150.44,6150.44,Ellagar/2025-04-07_FE_50607042500310130324802700017010000053534117214216.pdf,373,Herramienta / equipo,Herramientas y equipo,Herramienta/equipo,Unidad,No incorporado,5,Alta,No,,
CORPORACION COMERCIAL EL LAGAR,2700017010000053534,2025-04-07,"DISCO DIAMANTADO SEGMENTADO 9"" DDT-837D TRUPER / NEO",1.0,17831.86,17831.86,Ellagar/2025-04-07_FE_50607042500310130324802700017010000053534117214216.pdf,374,Herramienta / equipo,Herramientas y equipo,Herramienta/equipo,Unidad,No incorporado,5,Alta,No,,
CORPORACION COMERCIAL EL LAGAR,2700017010000053534,2025-04-07,CILINDRO GAS BUTANO JUMBOSTAR,2.0,2300.0,4600.0,Ellagar/2025-04-07_FE_50607042500310130324802700017010000053534117214216.pdf,375,Gas butano,Consumibles,Consumible de obra,Unidad,Múltiples etapas,4,Alta,No,,
CORPORACION COMERCIAL EL LAGAR,2700017010000053534,2025-04-07,"EMT CONECTOR TSJ 1/2""- 12MM UL",20.0,119.47,2389.4,Ellagar/2025-04-07_FE_50607042500310130324802700017010000053534117214216.pdf,376,Accesorio eléctrico EMT,Electricidad,Material permanente,Unidad,Instalación eléctrica,2,Alta,No,,
CORPORACION COMERCIAL EL LAGAR,2700017010000053534,2025-04-07,PLACA REDONDA EMT CON HUECO UL,15.0,150.44,2256.6,Ellagar/2025-04-07_FE_50607042500310130324802700017010000053534117214216.pdf,377,Accesorio eléctrico EMT,Electricidad,Material permanente,Unidad,Instalación eléctrica,2,Alta,No,,
CORPORACION COMERCIAL EL LAGAR,2700017010000053534,2025-04-07,CAJA OCTOGONAL EMT PESADA 1/2 x 3/4 #20,15.0,526.55,7898.249999999999,Ellagar/2025-04-07_FE_50607042500310130324802700017010000053534117214216.pdf,378,Accesorio eléctrico EMT,Electricidad,Material permanente,Unidad,Instalación eléctrica,2,Alta,No,,
CORPORACION COMERCIAL EL LAGAR,2700017010000053534,2025-04-07,"CONDUIT TUBO UL 3/4""- 18MM X 3.05MTS TIPO A",10.0,2057.52,20575.2,Ellagar/2025-04-07_FE_50607042500310130324802700017010000053534117214216.pdf,379,Conduit 3/4 in,Electricidad,Material permanente,Pieza 3.05 m,Instalación eléctrica,2,Alta,No,,
CORPORACION COMERCIAL EL LAGAR,2700017010000053534,2025-04-07,CONDUIT CONECTOR UL 38MM TIPO A,4.0,646.02,2584.08,Ellagar/2025-04-07_FE_50607042500310130324802700017010000053534117214216.pdf,380,Conduit / accesorio,Electricidad,Material permanente,Unidad,Instalación eléctrica,2,Alta,No,,
CORPORACION COMERCIAL EL LAGAR,2700017010000053534,2025-04-07,CONDUIT CURVA UL 38MM X 90° TIPO A,3.0,2530.97,7592.91,Ellagar/2025-04-07_FE_50607042500310130324802700017010000053534117214216.pdf,381,Conduit / accesorio,Electricidad,Material permanente,Unidad,Instalación eléctrica,2,Alta,No,,
CORPORACION COMERCIAL EL LAGAR,2700017010000053534,2025-04-07,"CONDUIT TUBO UL 1.1/2""- 38MM X 3.05MTS TIPO A",3.0,6057.52,18172.56,Ellagar/2025-04-07_FE_50607042500310130324802700017010000053534117214216.pdf,382,Conduit 1/2 in,Electricidad,Material permanente,Pieza 3.05 m,Instalación eléctrica,2,Alta,No,,
CORPORACION COMERCIAL EL LAGAR,2700017010000053534,2025-04-07,TUBO IND.GALV.RECT. 50X25 1.20MMX6MTS,5.0,4778.76,23893.800000000003,Ellagar/2025-04-07_FE_50607042500310130324802700017010000053534117214216.pdf,383,Tubo industrial metálico,Estructura metálica,Material permanente,Pieza 6 m,Estructura|Carpintería metálica,2,Alta,No,,
CORPORACION COMERCIAL EL LAGAR,2700017010000053534,2025-04-07,ALAMBRE NEGRO RECOCIDO DE 1.68MM #16 KILO,25.0,544.25,13606.25,Ellagar/2025-04-07_FE_50607042500310130324802700017010000053534117214216.pdf,384,Alambre negro recocido #16,Acero refuerzo,Consumible de obra,Saco/bolsa 16 kg,Cimentación|Estructura,1,Alta,No,16.0,34.0156
CORPORACION COMERCIAL EL LAGAR,2700017010000053534,2025-04-07,PVC CODO SANITARIO DELGADO 38MM X 90° (NACIONAL),6.0,575.22,3451.32,Ellagar/2025-04-07_FE_50607042500310130324802700017010000053534117214216.pdf,385,Accesorio PVC sanitario,Plomería sanitaria,Material permanente,Unidad,Instalación sanitaria,2,Alta,No,,
CORPORACION COMERCIAL EL LAGAR,2700017010000053534,2025-04-07,"PVC TUBO SANIT DELGADO SDR-50 1.1/2""- 38MM X 6MTS (NACIONAL)",3.0,9730.09,29190.27,Ellagar/2025-04-07_FE_50607042500310130324802700017010000053534117214216.pdf,386,PVC sanitario 2 in x 6 m,Plomería sanitaria,Material permanente,Pieza 6 m,Instalación sanitaria,2,Alta,No,,
CORPORACION COMERCIAL EL LAGAR,2700017010000053534,2025-04-07,"PVC TUBO SANITARIO DELGADO SDR-50 2""- 50MM X 6MTS (NACIONAL)",4.0,6283.19,25132.76,Ellagar/2025-04-07_FE_50607042500310130324802700017010000053534117214216.pdf,387,PVC sanitario 2 in x 6 m,Plomería sanitaria,Material permanente,Pieza 6 m,Instalación sanitaria,2,Alta,No,,
CORPORACION COMERCIAL EL LAGAR,2700017010000053534,2025-04-07,"PVC TUBO SANITARIO DELGADO SDR-50 4""- 100MM X 6MTS(NACIONAL)",2.0,13451.33,26902.66,Ellagar/2025-04-07_FE_50607042500310130324802700017010000053534117214216.pdf,388,PVC sanitario 4 in x 6 m,Plomería sanitaria,Material permanente,Pieza 6 m,Instalación sanitaria,2,Alta,No,,
CORPORACION COMERCIAL EL LAGAR,2700018010000044101,2025-04-08,AGREGADO ARENA TAJO FINA M3,6.0,22168.14,133008.84,Ellagar/2025-04-08_FE_50608042500310130324802700018010000044101106003919.pdf,389,Arena,Agregados,Material permanente,m³,Cimentación|Estructura|Mampostería|Contrapiso,1,Alta,No,,
CORPORACION COMERCIAL EL LAGAR,2700018010000044101,2025-04-08,SERVICIO TRANSPORTE,1.0,33982.3,33982.3,Ellagar/2025-04-08_FE_50608042500310130324802700018010000044101106003919.pdf,390,Transporte / flete,Servicios,Servicio,Unidad,Logística,5,Alta,No,,
CORPORACION COMERCIAL EL LAGAR,2700018010000044419,2025-04-14,CEMENTO GRIS PROGRESO UG HIDRAULICO 50KLS (GAM),10.0,5973.45,59734.5,Ellagar/2025-04-14_FE_50614042500310130324802700018010000044419126523370.pdf,391,Cemento gris 50 kg,Cemento y concretos,Material permanente,Saco 50 kg,Cimentación|Estructura|Mampostería|Contrapiso,1,Alta,No,50.0,119.469
CORPORACION COMERCIAL EL LAGAR,2700018010000044420,2025-04-14,CEMENTO GRIS PROGRESO UG HIDRAULICO 50KLS (GAM),10.0,5973.45,59734.5,Ellagar/2025-04-14_FE_50614042500310130324802700018010000044420182144244.pdf,392,Cemento gris 50 kg,Cemento y concretos,Material permanente,Saco 50 kg,Cimentación|Estructura|Mampostería|Contrapiso,1,Alta,No,50.0,119.469
CORPORACION COMERCIAL EL LAGAR,2700018010000044420,2025-04-14,CANDADO #264-38/40MM + PRO / TRI-A BLISTER,1.0,3628.32,3628.32,Ellagar/2025-04-14_FE_50614042500310130324802700018010000044420182144244.pdf,393,Candado / seguridad,Puertas y cerraduras,Material permanente,Unidad,Puertas,3,Alta,No,,
CORPORACION COMERCIAL EL LAGAR,2700018010000044420,2025-04-14,CANDADO DE COMBINACION P/BICICLETA OC189,1.0,3451.33,3451.33,Ellagar/2025-04-14_FE_50614042500310130324802700018010000044420182144244.pdf,394,Candado / seguridad,Puertas y cerraduras,Material permanente,Unidad,Puertas,3,Alta,No,,
CORPORACION COMERCIAL EL LAGAR,2700019010000045633,2025-04-15,TERMINAL OJO 12-10 10 PAQ 25PCS #1090922,4.0,3752.21,15008.84,Ellagar/2025-04-15_FE_50615042500310130324802700019010000045633163511539.pdf,395,Conector eléctrico,Electricidad,Material permanente,Unidad,Instalación eléctrica,2,Alta,No,,
CORPORACION COMERCIAL EL LAGAR,2700019010000045633,2025-04-15,PLACA CUADRADA EMT S/HUECO UL,5.0,265.49,1327.45,Ellagar/2025-04-15_FE_50615042500310130324802700019010000045633163511539.pdf,396,Accesorio eléctrico EMT,Electricidad,Material permanente,Unidad,Instalación eléctrica,2,Alta,No,,
CORPORACION COMERCIAL EL LAGAR,2700019010000045840,2025-04-21,PLATANO VERDE CON LIMON PRO,2.0,290.38,580.76,Ellagar/2025-04-21_FE_50621042500310130324802700019010000045840101323457.pdf,397,Platano Verde Con Limon Pro,Otros insumos,Otro registrado,Unidad,Otros,4,Baja,No,,
CORPORACION COMERCIAL EL LAGAR,2700019010000045840,2025-04-21,"BROCA METAL HSS TIN COATED G118 3/16"" INTRUDER / IRWIN",1.0,1061.95,1061.95,Ellagar/2025-04-21_FE_50621042500310130324802700019010000045840101323457.pdf,398,Herramienta / equipo,Herramientas y equipo,Herramienta/equipo,Unidad,No incorporado,5,Alta,No,,
CORPORACION COMERCIAL EL LAGAR,2700019010000045840,2025-04-21,SOPORTE P/ESTANTE BLISTER BCO 12PZS DECOSTEEL,1.0,929.2,929.2,Ellagar/2025-04-21_FE_50621042500310130324802700019010000045840101323457.pdf,399,Accesorio hidrosanitario (genérico),Plomería,Material permanente,Unidad,Instalaciones hidrosanitarias,2,Media,No,,
CORPORACION COMERCIAL EL LAGAR,2700019010000045840,2025-04-21,SPRAY BOSNY BLANCO BRILLANTE #40,1.0,3371.68,3371.68,Ellagar/2025-04-21_FE_50621042500310130324802700019010000045840101323457.pdf,400,Pintura / laca / tinte,Pintura,Material permanente,Unidad,Pintura,3,Alta,No,,
CORPORACION COMERCIAL EL LAGAR,2700019010000045839,2025-04-21,"TORNILLO TORLAK PUNTA CORRIENTE 8 X 1/2"" BOLSA 100UND",4.0,438.05,1752.2,Ellagar/2025-04-21_FE_50621042500310130324802700019010000045839153554410.pdf,401,Tornillo / fijación,Ferretería,Consumible de obra,Unidad,Múltiples etapas,4,Alta,No,,
CORPORACION COMERCIAL EL LAGAR,2700019010000045839,2025-04-21,CORNISA PVC BLANCA 5.9 MTS,3.0,2654.87,7964.61,Ellagar/2025-04-21_FE_50621042500310130324802700019010000045839153554410.pdf,402,Cornisa PVC,Acabados,Material permanente,Unidad,Cielos y divisiones|Acabados,4,Alta,No,,
CORPORACION COMERCIAL EL LAGAR,2700019010000045839,2025-04-21,TABLILLA PVC 20CM 6MM X 5.95MTS BLANCA MATE CANET T-29,5.0,3716.81,18584.05,Ellagar/2025-04-21_FE_50621042500310130324802700019010000045839153554410.pdf,403,Panel / tablilla PVC,Acabados,Material permanente,Unidad,Cielos y divisiones|Acabados,4,Alta,No,,
CORPORACION COMERCIAL EL LAGAR,2700019010000045839,2025-04-21,LIJA DE AGUA #100C 3M U,20.0,522.12,10442.4,Ellagar/2025-04-21_FE_50621042500310130324802700019010000045839153554410.pdf,404,Lija,Pintura y acabados,Consumible de obra,Unidad,Acabados,4,Alta,No,,
CORPORACION COMERCIAL EL LAGAR,2700019010000045839,2025-04-21,SELLADOR P/CONCRETO PRE-SEAL #PS183-2 BLANCO CUBETA LANCO,2.0,40619.47,81238.94,Ellagar/2025-04-21_FE_50621042500310130324802700019010000045839153554410.pdf,405,Sellador concreto,Pintura,Material permanente,Unidad,Pintura,3,Alta,No,,
CORPORACION COMERCIAL EL LAGAR,2700019010000045839,2025-04-21,"TORNILLO TORLAK PUNTA BROCA 8 X 1/2"" BOLSA 100UND",3.0,438.05,1314.15,Ellagar/2025-04-21_FE_50621042500310130324802700019010000045839153554410.pdf,406,Tornillo / fijación,Ferretería,Consumible de obra,Unidad,Múltiples etapas,4,Alta,No,,
CORPORACION COMERCIAL EL LAGAR,2700019010000045838,2025-04-21,"PVC TUBO SANIT DELGADO SDR-50 1.1/2""- 38MM X 6MTS (NACIONAL)",4.0,9730.09,38920.36,Ellagar/2025-04-21_FE_50621042500310130324802700019010000045838146391741.pdf,407,PVC sanitario 2 in x 6 m,Plomería sanitaria,Material permanente,Pieza 6 m,Instalación sanitaria,2,Alta,No,,
CORPORACION COMERCIAL EL LAGAR,2700019010000045838,2025-04-21,CONDUIT CURVA UL 12MM X 90° TIPO A,20.0,637.17,12743.4,Ellagar/2025-04-21_FE_50621042500310130324802700019010000045838146391741.pdf,408,Conduit 1/2 in,Electricidad,Material permanente,Unidad,Instalación eléctrica,2,Alta,No,,
CORPORACION COMERCIAL EL LAGAR,2700019010000045838,2025-04-21,"CONDUIT TUBO UL 1/2""- 12MM X 3.05MTS TIPO A",20.0,1269.91,25398.2,Ellagar/2025-04-21_FE_50621042500310130324802700019010000045838146391741.pdf,409,Conduit 1/2 in,Electricidad,Material permanente,Pieza 3.05 m,Instalación eléctrica,2,Alta,No,,
CORPORACION COMERCIAL EL LAGAR,2700019010000045838,2025-04-21,PVC CODO SANITARIO DELGADO 75MM X 90° (NACIONAL),4.0,1902.65,7610.6,Ellagar/2025-04-21_FE_50621042500310130324802700019010000045838146391741.pdf,410,Accesorio PVC sanitario,Plomería sanitaria,Material permanente,Unidad,Instalación sanitaria,2,Alta,No,,
CORPORACION COMERCIAL EL LAGAR,2700019010000045838,2025-04-21,"PVC TUBO SANITARIO DELGADO BLANCO 3""- 75MM X 6MTS",2.0,13097.35,26194.7,Ellagar/2025-04-21_FE_50621042500310130324802700019010000045838146391741.pdf,411,Tubería PVC / CPVC,Plomería,Material permanente,Pieza 6 m,Instalaciones hidrosanitarias,2,Alta,No,,
CORPORACION COMERCIAL EL LAGAR,2700019010000045838,2025-04-21,SEMIDURO REGLA SIN CEPILLO 25 X 75 MM 4VRAS,40.0,1681.42,67256.8,Ellagar/2025-04-21_FE_50621042500310130324802700019010000045838146391741.pdf,412,Semiduro madera,Madera,Consumible de obra,Unidad,Formaleta|Carpintería,4,Alta,No,,
CORPORACION COMERCIAL EL LAGAR,2700019010000045838,2025-04-21,SEMIDURO TABLA SIN CEPILLO 25 X 150 M.M. VRAS,120.0,969.03,116283.59999999999,Ellagar/2025-04-21_FE_50621042500310130324802700019010000045838146391741.pdf,413,Semiduro madera,Madera,Consumible de obra,Pieza 150 m,Formaleta|Carpintería,4,Alta,No,,
CORPORACION COMERCIAL EL LAGAR,2700019010000045838,2025-04-21,SEMIDURO TABLA SIN CEPILLO 25 X 300MM 4VRAS,30.0,6637.17,199115.1,Ellagar/2025-04-21_FE_50621042500310130324802700019010000045838146391741.pdf,414,Semiduro madera,Madera,Consumible de obra,Unidad,Formaleta|Carpintería,4,Alta,No,,
CORPORACION COMERCIAL EL LAGAR,2700017010000054363,2025-04-23,MORTERO REPEMAX MURO SECO 125-W1 BLANCO 25 KILOS INTACO,2.0,6769.91,13539.82,Ellagar/2025-04-23_FE_50623042500310130324802700017010000054363155656663.pdf,415,Mortero repello,Morteros,Material permanente,Saco/bolsa 25 kg,Repello,2,Alta,No,25.0,270.7964
CORPORACION COMERCIAL EL LAGAR,2700017010000054363,2025-04-23,"CLAVO IMPACTO DE ACERO 25MM (1"") P/GYPSUM",100.0,23.01,2301.0,Ellagar/2025-04-23_FE_50623042500310130324802700017010000054363155656663.pdf,416,Clavo,Ferretería,Consumible de obra,Unidad,Múltiples etapas,4,Alta,No,,
CORPORACION COMERCIAL EL LAGAR,2700017010000054363,2025-04-23,"TORNILLO GYPSUM PUNTA CORRIENTE 6 X 1 1/4"" BOLSA 100UND",1.0,482.3,482.3,Ellagar/2025-04-23_FE_50623042500310130324802700017010000054363155656663.pdf,417,Tornillo / fijación,Ferretería,Consumible de obra,Unidad,Múltiples etapas,4,Alta,No,,
CORPORACION COMERCIAL EL LAGAR,2700017010000054363,2025-04-23,CEMENTO GRIS PROGRESO UG HIDRAULICO 50KLS (GAM),10.0,5973.45,59734.5,Ellagar/2025-04-23_FE_50623042500310130324802700017010000054363155656663.pdf,418,Cemento gris 50 kg,Cemento y concretos,Material permanente,Saco 50 kg,Cimentación|Estructura|Mampostería|Contrapiso,1,Alta,No,50.0,119.469
CORPORACION COMERCIAL EL LAGAR,2700018010000044899,2025-04-24,"TORNILLO TORLAK PUNTA CORRIENTE 8 X 1/2"" BOLSA 100UND",2.0,438.05,876.1,Ellagar/2025-04-24_FE_50624042500310130324802700018010000044899195713945.pdf,419,Tornillo / fijación,Ferretería,Consumible de obra,Unidad,Múltiples etapas,4,Alta,No,,
CORPORACION COMERCIAL EL LAGAR,2700018010000044899,2025-04-24,CINTA P/JUNTAS DUROCK 4 X 150 PIES (46MTS) TG,2.0,4079.65,8159.3,Ellagar/2025-04-24_FE_50624042500310130324802700018010000044899195713945.pdf,420,Cinta juntas gypsum/durock,Gypsum y liviano,Consumible de obra,Unidad,Cielos y divisiones,3,Alta,No,,
CORPORACION COMERCIAL EL LAGAR,2700018010000044899,2025-04-24,MASILLA P/GYPSUM INTER EASY FINISH TAPA MORADA CUB 26.3KG,2.0,16548.67,33097.34,Ellagar/2025-04-24_FE_50624042500310130324802700018010000044899195713945.pdf,421,Pasta / masilla gypsum,Gypsum y liviano,Material permanente,Saco/bolsa 26.3 kg,Cielos y divisiones,3,Alta,No,26.3,629.227
CORPORACION COMERCIAL EL LAGAR,2700018010000044899,2025-04-24,AGREGADO PIEDRA CUARTILLA M3 GAM,3.0,15849.56,47548.68,Ellagar/2025-04-24_FE_50624042500310130324802700018010000044899195713945.pdf,422,Piedra / agregado,Agregados,Material permanente,m³,Cimentación|Estructura|Contrapiso,1,Alta,No,,
CORPORACION COMERCIAL EL LAGAR,2700018010000044899,2025-04-24,"LAMINA GYPSUM EXTERIOR DENSGLASS AMARIL ""GP"" 1.22X2.44 12MM",1.0,16570.8,16570.8,Ellagar/2025-04-24_FE_50624042500310130324802700018010000044899195713945.pdf,423,Densglass 12 mm,Gypsum y liviano,Material permanente,Unidad,Fachada|Cielos y divisiones,3,Alta,No,,
CORPORACION COMERCIAL EL LAGAR,2700018010000044899,2025-04-24,CEMENTO GRIS PROGRESO UG HIDRAULICO 50KLS (GAM),50.0,5973.45,298672.5,Ellagar/2025-04-24_FE_50624042500310130324802700018010000044899195713945.pdf,424,Cemento gris 50 kg,Cemento y concretos,Material permanente,Saco 50 kg,Cimentación|Estructura|Mampostería|Contrapiso,1,Alta,No,50.0,119.469
CORPORACION COMERCIAL EL LAGAR,2700018010000044899,2025-04-24,SERVICIO TRANSPORTE,1.0,37964.6,37964.6,Ellagar/2025-04-24_FE_50624042500310130324802700018010000044899195713945.pdf,425,Transporte / flete,Servicios,Servicio,Unidad,Logística,5,Alta,No,,
CORPORACION COMERCIAL EL LAGAR,2700017010000055271,2025-05-07,PLACA P/TOMA 30-50A METALICA #327A CUADRADA EAGLE,4.0,969.03,3876.12,Ellagar/2025-05-07_FE_50607052500310130324802700017010000055271180377369.pdf,426,Interruptor / toma / caja eléctrica,Electricidad,Material permanente,Unidad,Instalación eléctrica,2,Alta,No,,
CORPORACION COMERCIAL EL LAGAR,2700017010000055271,2025-05-07,TOMA EMPOTRAR #32 50A 125/250V 3P-3W (10-50R) EAGLE,4.0,1942.48,7769.92,Ellagar/2025-05-07_FE_50607052500310130324802700017010000055271180377369.pdf,427,Luminaria empotrable,Electricidad,Material permanente,Unidad,Iluminación,2,Alta,No,,
CORPORACION COMERCIAL EL LAGAR,2700017010000055271,2025-05-07,"TORNILLO GYPSUM PUNTA CORRIENTE 6 X 1 1/4"" BOLSA 100UND",1.0,482.3,482.3,Ellagar/2025-05-07_FE_50607052500310130324802700017010000055271180377369.pdf,428,Tornillo / fijación,Ferretería,Consumible de obra,Unidad,Múltiples etapas,4,Alta,No,,
CORPORACION COMERCIAL EL LAGAR,2700017010000055271,2025-05-07,TAPE ELECTRICO SUPER #33 3M NEGRO 20MTS U,2.0,2767.33,5534.66,Ellagar/2025-05-07_FE_50607052500310130324802700017010000055271180377369.pdf,429,Cinta eléctrica,Electricidad,Consumible de obra,Unidad,Instalación eléctrica,2,Alta,No,,
CORPORACION COMERCIAL EL LAGAR,2700017010000055271,2025-05-07,CABLE THHN ECOPLUS #6 BLANCO X METRO VIAKON/CONDUCEN,12.0,1411.5,16938.0,Ellagar/2025-05-07_FE_50607052500310130324802700017010000055271180377369.pdf,430,Cable eléctrico,Electricidad,Material permanente,Unidad,Instalación eléctrica,2,Alta,No,,
CORPORACION COMERCIAL EL LAGAR,2700017010000055271,2025-05-07,CABLE THHN ECOPLUS #6 NEGRO X METRO VIAKON/CONDUCEN,12.0,1411.5,16938.0,Ellagar/2025-05-07_FE_50607052500310130324802700017010000055271180377369.pdf,431,Cable eléctrico,Electricidad,Material permanente,Unidad,Instalación eléctrica,2,Alta,No,,
CORPORACION COMERCIAL EL LAGAR,2700017010000055271,2025-05-07,CABLE THHN ECOPLUS #6 ROJO X METRO VIAKON/CONDUCEN,12.0,1411.5,16938.0,Ellagar/2025-05-07_FE_50607052500310130324802700017010000055271180377369.pdf,432,Cable eléctrico,Electricidad,Material permanente,Unidad,Instalación eléctrica,2,Alta,No,,
CORPORACION COMERCIAL EL LAGAR,2700017010000055271,2025-05-07,CABLE THHN ECOPLUS #10 BLANCO X METRO VIAKON/CONDUCEN,30.0,508.85,15265.5,Ellagar/2025-05-07_FE_50607052500310130324802700017010000055271180377369.pdf,433,Cable THHN #10,Electricidad,Material permanente,Unidad,Instalación eléctrica,2,Alta,No,,
CORPORACION COMERCIAL EL LAGAR,2700017010000055271,2025-05-07,CABLE THHN ECOPLUS #10 NEGRO X METRO VIAKON/CONDUCEN,30.0,508.85,15265.5,Ellagar/2025-05-07_FE_50607052500310130324802700017010000055271180377369.pdf,434,Cable THHN #10,Electricidad,Material permanente,Unidad,Instalación eléctrica,2,Alta,No,,
CORPORACION COMERCIAL EL LAGAR,2700017010000055271,2025-05-07,CABLE THHN ECOPLUS #10 ROJO X METRO VIAKON/CONDUCEN,30.0,508.85,15265.5,Ellagar/2025-05-07_FE_50607052500310130324802700017010000055271180377369.pdf,435,Cable THHN #10,Electricidad,Material permanente,Unidad,Instalación eléctrica,2,Alta,No,,
CORPORACION COMERCIAL EL LAGAR,2700017010000055271,2025-05-07,CABLE THHN ECOPLUS #10 VERDE X METRO VIAKON/CONDUCEN,50.0,508.85,25442.5,Ellagar/2025-05-07_FE_50607052500310130324802700017010000055271180377369.pdf,436,Cable THHN #10,Electricidad,Material permanente,Unidad,Instalación eléctrica,2,Alta,No,,
CORPORACION COMERCIAL EL LAGAR,2700017010000055270,2025-05-07,MASILLA P/GYPSUM CUBETA 26KL INTACO,1.0,15570.8,15570.8,Ellagar/2025-05-07_FE_50607052500310130324802700017010000055270138649769.pdf,437,Pasta / masilla gypsum,Gypsum y liviano,Material permanente,Unidad,Cielos y divisiones,3,Alta,No,,
CORPORACION COMERCIAL EL LAGAR,2700017010000055270,2025-05-07,PEGAMENTO PVC RESISTE EL AGUA 1/4 WET DRY SM248-5 LANCO,1.0,13707.96,13707.96,Ellagar/2025-05-07_FE_50607052500310130324802700017010000055270138649769.pdf,438,Pegamento PVC,Plomería,Consumible de obra,Unidad,Instalaciones hidrosanitarias,2,Alta,No,,
CORPORACION COMERCIAL EL LAGAR,2700017010000055270,2025-05-07,CEMENTO GRIS PROGRESO UG HIDRAULICO 50KLS (GAM),15.0,5973.45,89601.75,Ellagar/2025-05-07_FE_50607052500310130324802700017010000055270138649769.pdf,439,Cemento gris 50 kg,Cemento y concretos,Material permanente,Saco 50 kg,Cimentación|Estructura|Mampostería|Contrapiso,1,Alta,No,50.0,119.469
CORPORACION COMERCIAL EL LAGAR,2700017010000055270,2025-05-07,DISCO P/ CORTE ULTRADELG PLAN METAL 9X5/64X7/8 DW8067-LA DW,5.0,2876.11,14380.550000000001,Ellagar/2025-05-07_FE_50607052500310130324802700017010000055270138649769.pdf,440,Herramienta / equipo,Herramientas y equipo,Herramienta/equipo,Unidad,No incorporado,5,Alta,No,,
CORPORACION COMERCIAL EL LAGAR,2700017010000055270,2025-05-07,CLAVO CORRIENTE C/CABEZA 2 1/2 65MM,23.0,792.04,18216.92,Ellagar/2025-05-07_FE_50607052500310130324802700017010000055270138649769.pdf,441,Clavo,Ferretería,Consumible de obra,Unidad,Múltiples etapas,4,Alta,No,,
CORPORACION COMERCIAL EL LAGAR,2700017010000055270,2025-05-07,"CLAVO DE ACERO 3.5X50MM (2"") GRUESO BAR",500.0,37.17,18585.0,Ellagar/2025-05-07_FE_50607052500310130324802700017010000055270138649769.pdf,442,Clavo,Ferretería,Consumible de obra,Unidad,Múltiples etapas,4,Alta,No,,
CORPORACION COMERCIAL EL LAGAR,2700017010000055270,2025-05-07,CUERDA ALBAÑIL #27 115GRMS BLANCA,4.0,884.96,3539.84,Ellagar/2025-05-07_FE_50607052500310130324802700017010000055270138649769.pdf,443,Herramienta / accesorio herramienta,Herramientas y equipo,Herramienta/equipo,Unidad,No incorporado,5,Alta,No,,
CORPORACION COMERCIAL EL LAGAR,2700019010000047084,2025-05-12,CEMENTO GRIS PROGRESO UG HIDRAULICO 50KLS (GAM),20.0,5615.04,112300.8,Ellagar/2025-05-12_FE_50612052500310130324802700019010000047084110505455.pdf,444,Cemento gris 50 kg,Cemento y concretos,Material permanente,Saco 50 kg,Cimentación|Estructura|Mampostería|Contrapiso,1,Alta,No,50.0,112.3008
CORPORACION COMERCIAL EL LAGAR,2700019010000047085,2025-05-12,M&M S CHOCOLATE 45 GRS,2.0,442.48,884.96,Ellagar/2025-05-12_FE_50612052500310130324802700019010000047085135897340.pdf,445,M M S Chocolate 45 Grs,Otros insumos,Otro registrado,Unidad,Otros,4,Baja,No,,
CORPORACION COMERCIAL EL LAGAR,2700019010000047085,2025-05-12,PAPIOLAS DELUXE 75G,1.0,880.53,880.53,Ellagar/2025-05-12_FE_50612052500310130324802700019010000047085135897340.pdf,446,Papiolas Deluxe 75G,Otros insumos,Otro registrado,Unidad,Otros,4,Baja,No,,
CORPORACION COMERCIAL EL LAGAR,2700019010000047085,2025-05-12,CHIS WIS 69GRS,1.0,438.05,438.05,Ellagar/2025-05-12_FE_50612052500310130324802700019010000047085135897340.pdf,447,Compra no constructiva,No constructivo,No incorporado,Unidad,No aplica,5,Alta,No,,
CORPORACION COMERCIAL EL LAGAR,2700019010000047085,2025-05-12,CINTA NO MAS CLAVOS 1.5MTRS X 19MM 120KGS PATTEX,1.0,2867.26,2867.26,Ellagar/2025-05-12_FE_50612052500310130324802700019010000047085135897340.pdf,448,Consumible / herramienta de obra,Ferretería,Consumible de obra,Unidad,Múltiples etapas,4,Media,No,,
CORPORACION COMERCIAL EL LAGAR,2700018010000045865,2025-05-14,TRIDENT SLAB WHITE YERBA,1.0,376.11,376.11,Ellagar/2025-05-14_FE_50614052500310130324802700018010000045865109377529.pdf,449,Trident Slab White Yerba,Otros insumos,Otro registrado,Unidad,Otros,4,Baja,No,,
CORPORACION COMERCIAL EL LAGAR,2700018010000045865,2025-05-14,SOCKET FIJO DE PORCELANA ROSCA E-12 U,1.0,309.73,309.73,Ellagar/2025-05-14_FE_50614052500310130324802700018010000045865109377529.pdf,450,Socket Fijo De Porcelana Rosca E-12 U,Otros insumos,Otro registrado,Unidad,Otros,4,Baja,No,,
CORPORACION COMERCIAL EL LAGAR,2700018010000045865,2025-05-14,BATERIA ALKALINA AAA 1.5V LR03 6023 KODAK (BLISTER 8UND),1.0,2566.37,2566.37,Ellagar/2025-05-14_FE_50614052500310130324802700018010000045865109377529.pdf,451,Bateria Alkalina Aaa 1.5V Lr03 6023 Kodak Blister 8Und,Otros insumos,Otro registrado,Unidad,Otros,4,Baja,No,,
CORPORACION COMERCIAL EL LAGAR,2700018010000045865,2025-05-14,BATERIA ALKALINA AA 1.5V LR6 6014 KODAK (BLISTER 2UND),1.0,707.96,707.96,Ellagar/2025-05-14_FE_50614052500310130324802700018010000045865109377529.pdf,452,Bateria Alkalina Aa 1.5V Lr6 6014 Kodak Blister 2Und,Otros insumos,Otro registrado,Unidad,Otros,4,Baja,No,,
CORPORACION COMERCIAL EL LAGAR,2700018010000045866,2025-05-14,LLAVE FRANCESA C/FORRO HULE #PET-10X TRUPER U,1.0,4592.92,4592.92,Ellagar/2025-05-14_FE_50614052500310130324802700018010000045866107714363.pdf,453,Accesorio hidrosanitario (genérico),Plomería,Material permanente,Unidad,Instalaciones hidrosanitarias,2,Media,No,,
CORPORACION COMERCIAL EL LAGAR,2700018010000045866,2025-05-14,AISLANTE TERMICO PRODEX A-3 3MM 122CM X 10MTS,1.0,12296.46,12296.46,Ellagar/2025-05-14_FE_50614052500310130324802700018010000045866107714363.pdf,454,Aislante térmico,Cubierta y techo,Material permanente,Unidad,Cubierta,2,Alta,No,,
CORPORACION COMERCIAL EL LAGAR,2700018010000045866,2025-05-14,ESCOBA SUPER DIANA,1.0,2079.21,2079.21,Ellagar/2025-05-14_FE_50614052500310130324802700018010000045866107714363.pdf,455,Escoba Super Diana,Otros insumos,Otro registrado,Unidad,Otros,4,Baja,No,,
CORPORACION COMERCIAL EL LAGAR,2700018010000045866,2025-05-14,CILINDRO GAS BUTANO JUMBOSTAR,2.0,2300.0,4600.0,Ellagar/2025-05-14_FE_50614052500310130324802700018010000045866107714363.pdf,456,Gas butano,Consumibles,Consumible de obra,Unidad,Múltiples etapas,4,Alta,No,,
CORPORACION COMERCIAL EL LAGAR,2700018010000045866,2025-05-14,CABLE THHN ECOPLUS #12 VERDE X METRO VIAKON/CONDUCEN,50.0,265.49,13274.5,Ellagar/2025-05-14_FE_50614052500310130324802700018010000045866107714363.pdf,457,Cable eléctrico,Electricidad,Material permanente,Unidad,Instalación eléctrica,2,Alta,No,,
CORPORACION COMERCIAL EL LAGAR,2700018010000045866,2025-05-14,CEMENTO GRIS PROGRESO UG HIDRAULICO 50KLS (GAM),10.0,5973.45,59734.5,Ellagar/2025-05-14_FE_50614052500310130324802700018010000045866107714363.pdf,458,Cemento gris 50 kg,Cemento y concretos,Material permanente,Saco 50 kg,Cimentación|Estructura|Mampostería|Contrapiso,1,Alta,No,50.0,119.469
CORPORACION COMERCIAL EL LAGAR,2700018010000045866,2025-05-14,CINTA P/JUNTAS DUROCK 4 X 150 PIES (46MTS) TG,1.0,4079.65,4079.65,Ellagar/2025-05-14_FE_50614052500310130324802700018010000045866107714363.pdf,459,Cinta juntas gypsum/durock,Gypsum y liviano,Consumible de obra,Unidad,Cielos y divisiones,3,Alta,No,,
CORPORACION COMERCIAL EL LAGAR,2700018010000045866,2025-05-14,CINTA P/JUNTAS PAPEL 250 PIES GYPSUM,1.0,1752.21,1752.21,Ellagar/2025-05-14_FE_50614052500310130324802700018010000045866107714363.pdf,460,Lámina gypsum 12 mm,Gypsum y liviano,Material permanente,Unidad,Cielos y divisiones,3,Alta,No,,
CORPORACION COMERCIAL EL LAGAR,2700018010000045866,2025-05-14,ESPATULA P/GYPSUM ETA-12 TRUPER U,1.0,4230.09,4230.09,Ellagar/2025-05-14_FE_50614052500310130324802700018010000045866107714363.pdf,461,Herramienta / equipo,Herramientas y equipo,Herramienta/equipo,Unidad,No incorporado,5,Alta,No,,
CORPORACION COMERCIAL EL LAGAR,2700018010000045866,2025-05-14,"ESPATULA FLEXIBLE MANGO MADERA 6"" #ET-6F TRUPER",1.0,2836.28,2836.28,Ellagar/2025-05-14_FE_50614052500310130324802700018010000045866107714363.pdf,462,Herramienta / equipo,Herramientas y equipo,Herramienta/equipo,Unidad,No incorporado,5,Alta,No,,
CORPORACION COMERCIAL EL LAGAR,2700018010000045866,2025-05-14,CONDUIT CURVA UL 12MM X 90° TIPO A,30.0,637.17,19115.1,Ellagar/2025-05-14_FE_50614052500310130324802700018010000045866107714363.pdf,463,Conduit 1/2 in,Electricidad,Material permanente,Unidad,Instalación eléctrica,2,Alta,No,,
CORPORACION COMERCIAL EL LAGAR,2700018010000045866,2025-05-14,"CAJA RECTANGULAR EMT 1/2""- 12MM UL",30.0,362.83,10884.9,Ellagar/2025-05-14_FE_50614052500310130324802700018010000045866107714363.pdf,464,Accesorio eléctrico EMT,Electricidad,Material permanente,Unidad,Instalación eléctrica,2,Alta,No,,
CORPORACION COMERCIAL EL LAGAR,2700018010000045866,2025-05-14,CONDUIT CONECTOR UL 12MM TIPO A,20.0,185.84,3716.8,Ellagar/2025-05-14_FE_50614052500310130324802700018010000045866107714363.pdf,465,Conduit 1/2 in,Electricidad,Material permanente,Unidad,Instalación eléctrica,2,Alta,No,,
CORPORACION COMERCIAL EL LAGAR,2700018010000045866,2025-05-14,"CONDUIT TUBO UL 1/2""- 12MM X 3.05MTS TIPO A",20.0,1269.91,25398.2,Ellagar/2025-05-14_FE_50614052500310130324802700018010000045866107714363.pdf,466,Conduit 1/2 in,Electricidad,Material permanente,Pieza 3.05 m,Instalación eléctrica,2,Alta,No,,
CORPORACION COMERCIAL EL LAGAR,2700018010000045866,2025-05-14,"PERFIL ""C"" GALV. 70X50X15MM C-18X6.00MTS",14.0,5265.49,73716.86,Ellagar/2025-05-14_FE_50614052500310130324802700018010000045866107714363.pdf,467,Perfil C galvanizado,Estructura metálica,Material permanente,Pieza 6.00 m,Cubierta|Estructura,2,Alta,No,,
CORPORACION COMERCIAL EL LAGAR,2700018010000045866,2025-05-14,TUBO GALV.ESTRUC.RECT. 50X150X1.50MMX6MTS,2.0,17345.13,34690.26,Ellagar/2025-05-14_FE_50614052500310130324802700018010000045866107714363.pdf,468,Tubo estructural 50x150,Estructura metálica,Material permanente,Pieza 6 m,Estructura|Cubierta,2,Alta,No,,
CORPORACION COMERCIAL EL LAGAR,2700018010000045866,2025-05-14,ALAMBRE NEGRO RECOCIDO DE 1.68MM #16 KILO,20.0,544.25,10885.0,Ellagar/2025-05-14_FE_50614052500310130324802700018010000045866107714363.pdf,469,Alambre negro recocido #16,Acero refuerzo,Consumible de obra,Saco/bolsa 16 kg,Cimentación|Estructura,1,Alta,No,16.0,34.0156
CORPORACION COMERCIAL EL LAGAR,2700018010000045866,2025-05-14,VARILLA DEFORMADA GRADO 40 #3 X 6 MTS,30.0,1349.56,40486.799999999996,Ellagar/2025-05-14_FE_50614052500310130324802700018010000045866107714363.pdf,470,Varilla #3,Acero refuerzo,Material permanente,Pieza #3 x 6 m,Cimentación|Estructura|Contrapiso,1,Alta,No,,
CORPORACION COMERCIAL EL LAGAR,2700018010000046193,2025-05-19,"PVC TUBO PRESION SCH-40 1/2""- 12MM X 6MTS (NACIONAL)",5.0,4026.55,20132.75,Ellagar/2025-05-19_FE_50619052500310130324802700018010000046193128319164.pdf,471,PVC presión SCH40 1/2 in x 6 m,Plomería potable,Material permanente,Pieza 6 m,Agua potable,2,Alta,No,,
CORPORACION COMERCIAL EL LAGAR,2700018010000046193,2025-05-19,CONDUIT CURVA UL 12MM X 90° TIPO A,20.0,637.17,12743.4,Ellagar/2025-05-19_FE_50619052500310130324802700018010000046193128319164.pdf,472,Conduit 1/2 in,Electricidad,Material permanente,Unidad,Instalación eléctrica,2,Alta,No,,
CORPORACION COMERCIAL EL LAGAR,2700018010000046193,2025-05-19,MORTERO REPEMAX REPELLO 80 GRUESO 40 KILOS INTACO,30.0,3500.0,105000.0,Ellagar/2025-05-19_FE_50619052500310130324802700018010000046193128319164.pdf,473,Mortero repello grueso 40 kg,Morteros,Material permanente,Saco/bolsa 40 kg,Repello,2,Alta,No,40.0,87.5
CORPORACION COMERCIAL EL LAGAR,2700018010000046193,2025-05-19,CEMENTO GRIS PROGRESO UG HIDRAULICO 50KLS (GAM),20.0,5973.45,119469.0,Ellagar/2025-05-19_FE_50619052500310130324802700018010000046193128319164.pdf,474,Cemento gris 50 kg,Cemento y concretos,Material permanente,Saco 50 kg,Cimentación|Estructura|Mampostería|Contrapiso,1,Alta,No,50.0,119.469
CORPORACION COMERCIAL EL LAGAR,2700018010000046193,2025-05-19,LAMINA POLICARBONATO ONDULADO 81 X 183 TRANSP MARLON CS,2.0,6221.24,12442.48,Ellagar/2025-05-19_FE_50619052500310130324802700018010000046193128319164.pdf,475,Lámina techo ondulada #28,Cubierta y techo,Material permanente,Unidad,Cubierta,2,Alta,No,,
CORPORACION COMERCIAL EL LAGAR,2700018010000046193,2025-05-19,H.G OND.METALUM 0.36 #28 0.81X3.66MTS METALCO,20.0,9535.4,190708.0,Ellagar/2025-05-19_FE_50619052500310130324802700018010000046193128319164.pdf,476,Lámina techo ondulada #28,Cubierta y techo,Material permanente,Unidad,Cubierta,2,Alta,No,,
CORPORACION COMERCIAL EL LAGAR,2700018010000046194,2025-05-19,PVC CANOA TUBO BAJANTE REDONDO BLANCO 75MM X 6MTS,2.0,19247.79,38495.58,Ellagar/2025-05-19_FE_50619052500310130324802700018010000046194157139104.pdf,477,Tubería PVC / CPVC,Plomería,Material permanente,Pieza 6 m,Instalaciones hidrosanitarias,2,Alta,No,,
CORPORACION COMERCIAL EL LAGAR,2700018010000046194,2025-05-19,"TORNILLO TORLAK PUNTA BROCA 8 X 1/2"" BOLSA 100UND",1.0,438.05,438.05,Ellagar/2025-05-19_FE_50619052500310130324802700018010000046194157139104.pdf,478,Tornillo / fijación,Ferretería,Consumible de obra,Unidad,Múltiples etapas,4,Alta,No,,
CORPORACION COMERCIAL EL LAGAR,2700018010000046194,2025-05-19,CARTUCHO SELLADOR JUNTAS DURETAN GRIS DRT09,2.0,4862.83,9725.66,Ellagar/2025-05-19_FE_50619052500310130324802700018010000046194157139104.pdf,479,Duretan / sellador juntas,Selladores,Consumible de obra,Unidad,Acabados,4,Alta,No,,
CORPORACION COMERCIAL EL LAGAR,2700018010000046194,2025-05-19,H.G ACCESORIO CUMBRERA #28 18,7.0,2880.53,20163.710000000003,Ellagar/2025-05-19_FE_50619052500310130324802700018010000046194157139104.pdf,480,Lámina techo ondulada #28,Cubierta y techo,Material permanente,Unidad,Cubierta,2,Alta,No,,
CORPORACION COMERCIAL EL LAGAR,2700018010000046194,2025-05-19,H.G ACCESORIO BOTAGUA #28 12,5.0,1699.12,8495.599999999999,Ellagar/2025-05-19_FE_50619052500310130324802700018010000046194157139104.pdf,481,Lámina techo ondulada #28,Cubierta y techo,Material permanente,Unidad,Cubierta,2,Alta,No,,
CORPORACION COMERCIAL EL LAGAR,2700017010000056514,2025-05-27,"CLAVO DE ACERO 3.5X50MM (2"") GRUESO BAR",250.0,37.17,9292.5,Ellagar/2025-05-27_FE_50627052500310130324802700017010000056514116167835.pdf,482,Clavo,Ferretería,Consumible de obra,Unidad,Múltiples etapas,4,Alta,No,,
CORPORACION COMERCIAL EL LAGAR,2700017010000056514,2025-05-27,LENTES DE SOL PARA HOMBRE DISEÑOS SURTIDOS 2156,1.0,2654.87,2654.87,Ellagar/2025-05-27_FE_50627052500310130324802700017010000056514116167835.pdf,483,Protección personal,Seguridad obra,Consumible de obra,Unidad,Múltiples etapas,4,Alta,No,,
CORPORACION COMERCIAL EL LAGAR,2700017010000056514,2025-05-27,"DISCO SIERRA P/MADERA 7.1/4X5/8"" 48 DIENTES #ST-748 TRUPER",1.0,5300.89,5300.89,Ellagar/2025-05-27_FE_50627052500310130324802700017010000056514116167835.pdf,484,Herramienta / equipo,Herramientas y equipo,Herramienta/equipo,Unidad,No incorporado,5,Alta,No,,
CORPORACION COMERCIAL EL LAGAR,2700017010000056514,2025-05-27,PVC CODO SANITARIO DELGADO 38MM X 90° (NACIONAL),6.0,575.22,3451.32,Ellagar/2025-05-27_FE_50627052500310130324802700017010000056514116167835.pdf,485,Accesorio PVC sanitario,Plomería sanitaria,Material permanente,Unidad,Instalación sanitaria,2,Alta,No,,
CORPORACION COMERCIAL EL LAGAR,2700017010000056514,2025-05-27,VARILLA DEFORMADA GRADO 40 #3 X 6 MTS,15.0,1349.56,20243.399999999998,Ellagar/2025-05-27_FE_50627052500310130324802700017010000056514116167835.pdf,486,Varilla #3,Acero refuerzo,Material permanente,Pieza #3 x 6 m,Cimentación|Estructura|Contrapiso,1,Alta,No,,
CORPORACION COMERCIAL EL LAGAR,2700017010000056514,2025-05-27,GUANTE ANTIDESLIZANTE NITRILO CON PUNTOS PAR,2.0,1216.81,2433.62,Ellagar/2025-05-27_FE_50627052500310130324802700017010000056514116167835.pdf,487,EPP / protección,Seguridad obra,Consumible de obra,Unidad,Múltiples etapas,4,Alta,No,,
CORPORACION COMERCIAL EL LAGAR,2700017010000056514,2025-05-27,CONDUIT CURVA UL 18MM X 90° TIPO A,10.0,783.19,7831.900000000001,Ellagar/2025-05-27_FE_50627052500310130324802700017010000056514116167835.pdf,488,Conduit 3/4 in,Electricidad,Material permanente,Unidad,Instalación eléctrica,2,Alta,No,,
CORPORACION COMERCIAL EL LAGAR,2700017010000056514,2025-05-27,CONDUIT CONECTOR UL 18MM TIPO A,10.0,238.94,2389.4,Ellagar/2025-05-27_FE_50627052500310130324802700017010000056514116167835.pdf,489,Conduit 3/4 in,Electricidad,Material permanente,Unidad,Instalación eléctrica,2,Alta,No,,
CORPORACION COMERCIAL EL LAGAR,2700017010000056514,2025-05-27,CONDUIT CONECTOR UL 12MM TIPO A,30.0,185.84,5575.2,Ellagar/2025-05-27_FE_50627052500310130324802700017010000056514116167835.pdf,490,Conduit 1/2 in,Electricidad,Material permanente,Unidad,Instalación eléctrica,2,Alta,No,,
CORPORACION COMERCIAL EL LAGAR,2700017010000056514,2025-05-27,PINO REGLA 1X3X3.20M (19X65MM),15.0,1323.01,19845.15,Ellagar/2025-05-27_FE_50627052500310130324802700017010000056514116167835.pdf,491,Madera pino,Madera,Material/consumible,Pieza 3.20 m,Formaleta|Carpintería,4,Alta,No,,
CORPORACION COMERCIAL EL LAGAR,2700017010000056514,2025-05-27,SERVICIO CORTE METAL,1.0,500.0,500.0,Ellagar/2025-05-27_FE_50627052500310130324802700017010000056514116167835.pdf,492,Servicio mobiliario,Carpintería y mobiliario,Servicio,Unidad,Mobiliario,3,Alta,No,,
CORPORACION COMERCIAL EL LAGAR,2700020010000032936,2025-05-28,CEMENTO GRIS PROGRESO UG HIDRAULICO 50KLS (GAM),20.0,5973.45,119469.0,Ellagar/2025-05-28_FE_50628052500310130324802700020010000032936190514993.pdf,493,Cemento gris 50 kg,Cemento y concretos,Material permanente,Saco 50 kg,Cimentación|Estructura|Mampostería|Contrapiso,1,Alta,No,50.0,119.469
CORPORACION COMERCIAL EL LAGAR,2700020010000032936,2025-05-28,MORTERO REPEMAX REPELLO 80 GRUESO 40 KILOS INTACO,20.0,3500.0,70000.0,Ellagar/2025-05-28_FE_50628052500310130324802700020010000032936190514993.pdf,494,Mortero repello grueso 40 kg,Morteros,Material permanente,Saco/bolsa 40 kg,Repello,2,Alta,No,40.0,87.5
CORPORACION COMERCIAL EL LAGAR,2700018010000046764,2025-05-28,VARILLA DEFORMADA GRADO 40 #3 X 6 MTS,15.0,1349.56,20243.399999999998,Ellagar/2025-05-28_FE_50628052500310130324802700018010000046764173918483.pdf,495,Varilla #3,Acero refuerzo,Material permanente,Pieza #3 x 6 m,Cimentación|Estructura|Contrapiso,1,Alta,No,,
CORPORACION COMERCIAL EL LAGAR,2700020010000032993,2025-05-29,SEMIDURO TABLA SIN CEPILLO 25 X 300MM 4VRAS,8.0,6637.17,53097.36,Ellagar/2025-05-29_FE_50629052500310130324802700020010000032993101642957.pdf,496,Semiduro madera,Madera,Consumible de obra,Unidad,Formaleta|Carpintería,4,Alta,No,,
CORPORACION COMERCIAL EL LAGAR,2700020010000032993,2025-05-29,PERFIL GYP TRACK/CANAL 3X10 #20 0.70MM DUROCK/PLYCEM,10.0,1433.63,14336.300000000001,Ellagar/2025-05-29_FE_50629052500310130324802700020010000032993101642957.pdf,497,Perfil gypsum track,Gypsum y liviano,Material permanente,Unidad,Cielos y divisiones,3,Alta,No,,
CORPORACION COMERCIAL EL LAGAR,2700020010000032993,2025-05-29,PERFIL GYP STUD/POSTE 3X10 #20 0.70MM DUROCK/PLYCEM,4.0,1712.39,6849.56,Ellagar/2025-05-29_FE_50629052500310130324802700020010000032993101642957.pdf,498,Perfil gypsum stud,Gypsum y liviano,Material permanente,Unidad,Cielos y divisiones,3,Alta,No,,
CORPORACION COMERCIAL EL LAGAR,2700020010000032993,2025-05-29,PVC CANOA TUBO BAJANTE REDONDO BLANCO 75MM X 6MTS,2.0,14435.84,28871.68,Ellagar/2025-05-29_FE_50629052500310130324802700020010000032993101642957.pdf,499,Tubería PVC / CPVC,Plomería,Material permanente,Pieza 6 m,Instalaciones hidrosanitarias,2,Alta,No,,
CORPORACION COMERCIAL EL LAGAR,2700020010000032993,2025-05-29,PVC CANOA SOPORTE OCULTO P/PECHO PALOMA,14.0,842.92,11800.88,Ellagar/2025-05-29_FE_50629052500310130324802700020010000032993101642957.pdf,500,Canoa / bajante PVC,Plomería pluvial,Material permanente,Unidad,Cubierta|Pluvial,4,Alta,No,,
CORPORACION COMERCIAL EL LAGAR,2700020010000032993,2025-05-29,PVC CANOA BOQUILLA PECHO PALOMA REDONDA 75MM,2.0,2970.14,5940.28,Ellagar/2025-05-29_FE_50629052500310130324802700020010000032993101642957.pdf,501,Canoa / bajante PVC,Plomería pluvial,Material permanente,Unidad,Cubierta|Pluvial,4,Alta,No,,
CORPORACION COMERCIAL EL LAGAR,2700020010000032993,2025-05-29,PVC CANOA TAPAS P/PECHO PALOMA PAR AMANCO,2.0,1476.77,2953.54,Ellagar/2025-05-29_FE_50629052500310130324802700020010000032993101642957.pdf,502,Canoa / bajante PVC,Plomería pluvial,Material permanente,Unidad,Cubierta|Pluvial,4,Alta,No,,
CORPORACION COMERCIAL EL LAGAR,2700020010000032993,2025-05-29,PVC CANOA PECHO PALOMA 3 MTS AMANCO,1.0,8628.32,8628.32,Ellagar/2025-05-29_FE_50629052500310130324802700020010000032993101642957.pdf,503,Canoa / bajante PVC,Plomería pluvial,Material permanente,Pieza 3 m,Cubierta|Pluvial,4,Alta,No,,
CORPORACION COMERCIAL EL LAGAR,2700020010000032993,2025-05-29,PVC CANOA PECHO PALOMA 6 MTS AMANCO,1.0,18219.03,18219.03,Ellagar/2025-05-29_FE_50629052500310130324802700020010000032993101642957.pdf,504,Canoa / bajante PVC,Plomería pluvial,Material permanente,Pieza 6 m,Cubierta|Pluvial,4,Alta,No,,
CORPORACION COMERCIAL EL LAGAR,2700020010000032993,2025-05-29,ESQUINERO GYPSUM PLASTICO 1.1/4 X 10,5.0,627.21,3136.05,Ellagar/2025-05-29_FE_50629052500310130324802700020010000032993101642957.pdf,505,Moldura / esquinero,Acabados,Material permanente,Unidad,Acabados,4,Alta,No,,
CORPORACION COMERCIAL EL LAGAR,2700020010000032993,2025-05-29,"CONDUIT TUBO UL 1/2""- 12MM X 3.05MTS TIPO A",20.0,952.43,19048.6,Ellagar/2025-05-29_FE_50629052500310130324802700020010000032993101642957.pdf,506,Conduit 1/2 in,Electricidad,Material permanente,Pieza 3.05 m,Instalación eléctrica,2,Alta,No,,
CORPORACION COMERCIAL EL LAGAR,2700020010000032993,2025-05-29,TIRO VERDE P/GYPSUM CALIBRE 22 POR UNIDAD,200.0,64.51,12902.000000000002,Ellagar/2025-05-29_FE_50629052500310130324802700020010000032993101642957.pdf,507,Tiro fijación,Ferretería,Consumible de obra,Unidad,Cielos y divisiones,4,Alta,No,,
CORPORACION COMERCIAL EL LAGAR,2700020010000032993,2025-05-29,"CLAVO IMPACTO DE ACERO 25MM (1"") P/GYPSUM",400.0,23.01,9204.0,Ellagar/2025-05-29_FE_50629052500310130324802700020010000032993101642957.pdf,508,Clavo,Ferretería,Consumible de obra,Unidad,Múltiples etapas,4,Alta,No,,
CORPORACION COMERCIAL EL LAGAR,2700020010000032993,2025-05-29,"TORNILLO TORLAK PUNTA BROCA 8 X 1/2"" BOLSA 100UND",6.0,438.05,2628.3,Ellagar/2025-05-29_FE_50629052500310130324802700020010000032993101642957.pdf,509,Tornillo / fijación,Ferretería,Consumible de obra,Unidad,Múltiples etapas,4,Alta,No,,
CORPORACION COMERCIAL EL LAGAR,2700020010000032993,2025-05-29,"TORNILLO TORLAK PUNTA CORRIENTE 8 X 1/2"" BOLSA 100UND",6.0,438.05,2628.3,Ellagar/2025-05-29_FE_50629052500310130324802700020010000032993101642957.pdf,510,Tornillo / fijación,Ferretería,Consumible de obra,Unidad,Múltiples etapas,4,Alta,No,,
CORPORACION COMERCIAL EL LAGAR,2700020010000032993,2025-05-29,PERFIL GYPSUM FURRING OMEGA 2.1/2 X 366 CMS CAL #25,90.0,712.83,64154.700000000004,Ellagar/2025-05-29_FE_50629052500310130324802700020010000032993101642957.pdf,511,Perfil gypsum furring,Gypsum y liviano,Material permanente,Unidad,Cielos y divisiones,3,Alta,No,,
CORPORACION COMERCIAL EL LAGAR,2700020010000032993,2025-05-29,PERFIL GYP CANAL P/CIELO 1.1/2X4.88MT #20.70MM DUROCK/PLYCEM,16.0,1198.67,19178.72,Ellagar/2025-05-29_FE_50629052500310130324802700020010000032993101642957.pdf,512,Perfil gypsum canal cielo,Gypsum y liviano,Material permanente,Unidad,Cielos y divisiones,3,Alta,No,,
CORPORACION COMERCIAL EL LAGAR,2700020010000032993,2025-05-29,PERFIL GYPSUM ANGULAR 25X25 X 305 CMS CAL #25,35.0,338.5,11847.5,Ellagar/2025-05-29_FE_50629052500310130324802700020010000032993101642957.pdf,513,Lámina gypsum 12 mm,Gypsum y liviano,Material permanente,Unidad,Cielos y divisiones,3,Alta,No,,
CORPORACION COMERCIAL EL LAGAR,2700020010000032993,2025-05-29,SERVICIO TRANSPORTE,1.0,11681.42,11681.42,Ellagar/2025-05-29_FE_50629052500310130324802700020010000032993101642957.pdf,514,Transporte / flete,Servicios,Servicio,Unidad,Logística,5,Alta,No,,
CORPORACION COMERCIAL EL LAGAR,2700020010000033128,2025-06-02,"EXTRACTOR DE AIRE TECHO 8"" 25WATTS 90003",1.0,17256.64,17256.64,Ellagar/2025-06-03_FE_50602062500310130324802700020010000033128137875755.pdf,515,Extractor / ventilación,Ventilación,Material permanente,Unidad,Baños y acabados,4,Alta,No,,
CORPORACION COMERCIAL EL LAGAR,2700020010000033128,2025-06-02,PVC REDUCCION SANITARIA DELGADA SDR-32.5 100 X 50MM,1.0,3825.22,3825.22,Ellagar/2025-06-03_FE_50602062500310130324802700020010000033128137875755.pdf,516,Reducción sanitaria,Plomería sanitaria,Material permanente,Unidad,Instalación sanitaria,2,Alta,No,,
CORPORACION COMERCIAL EL LAGAR,2700020010000033128,2025-06-02,PVC CODO SANITARIO DELGADO 50MM X 90°,6.0,679.65,4077.8999999999996,Ellagar/2025-06-03_FE_50602062500310130324802700020010000033128137875755.pdf,517,Accesorio PVC sanitario,Plomería sanitaria,Material permanente,Unidad,Instalación sanitaria,2,Alta,No,,
CORPORACION COMERCIAL EL LAGAR,2700020010000033128,2025-06-02,"CAJA DE PASO 12X12"" 30.4x30.4x10.1cm 12124F EMPOTRAR C.H.",1.0,25482.48,25482.48,Ellagar/2025-06-03_FE_50602062500310130324802700020010000033128137875755.pdf,518,Luminaria empotrable,Electricidad,Material permanente,Unidad,Iluminación,2,Alta,No,,
CORPORACION COMERCIAL EL LAGAR,2700020010000033128,2025-06-02,"PVC TEE SANITARIA DELGADA 50MM - 2""",4.0,976.99,3907.96,Ellagar/2025-06-03_FE_50602062500310130324802700020010000033128137875755.pdf,519,Accesorio PVC sanitario,Plomería sanitaria,Material permanente,Unidad,Instalación sanitaria,2,Alta,No,,
CORPORACION COMERCIAL EL LAGAR,2700020010000033128,2025-06-02,"PVC TEE SANITARIA DELGADA 38MM - 1.1/2""",2.0,722.12,1444.24,Ellagar/2025-06-03_FE_50602062500310130324802700020010000033128137875755.pdf,520,Accesorio PVC sanitario,Plomería sanitaria,Material permanente,Unidad,Instalación sanitaria,2,Alta,No,,
CORPORACION COMERCIAL EL LAGAR,2700020010000033128,2025-06-02,"PVC TUBO SANITARIO DELGADO SDR-50 4""- 100MM X 6MTS",1.0,12913.27,12913.27,Ellagar/2025-06-03_FE_50602062500310130324802700020010000033128137875755.pdf,521,PVC sanitario 4 in x 6 m,Plomería sanitaria,Material permanente,Pieza 6 m,Instalación sanitaria,2,Alta,No,,
CORPORACION COMERCIAL EL LAGAR,2700020010000033128,2025-06-02,CEMENTO GRIS PROGRESO UG HIDRAULICO 50KLS (GAM),20.0,5615.04,112300.8,Ellagar/2025-06-03_FE_50602062500310130324802700020010000033128137875755.pdf,522,Cemento gris 50 kg,Cemento y concretos,Material permanente,Saco 50 kg,Cimentación|Estructura|Mampostería|Contrapiso,1,Alta,No,50.0,112.3008
CORPORACION COMERCIAL EL LAGAR,2700020010000033128,2025-06-02,"LAMINA GYPSUM EXTERIOR DENSGLASS AMARIL ""GP"" 1.22X2.44 12MM",2.0,16405.09,32810.18,Ellagar/2025-06-03_FE_50602062500310130324802700020010000033128137875755.pdf,523,Densglass 12 mm,Gypsum y liviano,Material permanente,Unidad,Fachada|Cielos y divisiones,3,Alta,No,,
CORPORACION COMERCIAL EL LAGAR,2700020010000033128,2025-06-02,"TORNILLO GYPSUM PUNTA CORRIENTE 6 X 1 1/4"" BOLSA 100UND",10.0,438.05,4380.5,Ellagar/2025-06-03_FE_50602062500310130324802700020010000033128137875755.pdf,524,Tornillo / fijación,Ferretería,Consumible de obra,Unidad,Múltiples etapas,4,Alta,No,,
CORPORACION COMERCIAL EL LAGAR,2700020010000033128,2025-06-02,GRASA MULTIUSO 1/16,1.0,1587.08,1587.08,Ellagar/2025-06-03_FE_50602062500310130324802700020010000033128137875755.pdf,525,Grasa Multiuso 1/16,Otros insumos,Otro registrado,Unidad,Otros,4,Baja,No,,
CORPORACION COMERCIAL EL LAGAR,2700020010000033128,2025-06-02,ACEITE PENETRANTE 11ONZ WD-40,1.0,3165.49,3165.49,Ellagar/2025-06-03_FE_50602062500310130324802700020010000033128137875755.pdf,526,Aceite Penetrante 11Onz Wd-40,Otros insumos,Otro registrado,Unidad,Otros,4,Baja,No,,
CORPORACION COMERCIAL EL LAGAR,2700020010000033128,2025-06-02,LAMINA GYPSUM INTERIOR ULTRA LIGHT 1.22X2.44 12MM,25.0,5564.6,139115.0,Ellagar/2025-06-03_FE_50602062500310130324802700020010000033128137875755.pdf,527,Lámina gypsum 12 mm,Gypsum y liviano,Material permanente,Unidad,Cielos y divisiones,3,Alta,No,,
CORPORACION COMERCIAL EL LAGAR,2700020010000033128,2025-06-02,"LAMINA GYPSUM INTERIOR ANTIHONGOS ""REY"" CAFE 1.22X2.44 12MM",2.0,9427.57,18855.14,Ellagar/2025-06-03_FE_50602062500310130324802700020010000033128137875755.pdf,528,Lámina gypsum 12 mm,Gypsum y liviano,Material permanente,Unidad,Cielos y divisiones,3,Alta,No,,
CORPORACION COMERCIAL EL LAGAR,2700020010000033128,2025-06-02,MORTERO REPEMAX REPELLO 80 GRUESO 40 KILOS INTACO,20.0,3500.0,70000.0,Ellagar/2025-06-03_FE_50602062500310130324802700020010000033128137875755.pdf,529,Mortero repello grueso 40 kg,Morteros,Material permanente,Saco/bolsa 40 kg,Repello,2,Alta,No,40.0,87.5
CORPORACION COMERCIAL EL LAGAR,2700020010000033128,2025-06-02,TUBO GALV.ESTRUC.CUAD. 50X50X C-16 1.40-1.50MM X 6.00MTS,3.0,8150.58,24451.739999999998,Ellagar/2025-06-03_FE_50602062500310130324802700020010000033128137875755.pdf,530,Tubo estructural 50x50,Estructura metálica,Material permanente,Pieza 6.00 m,Estructura|Cubierta,2,Alta,No,,
CORPORACION COMERCIAL EL LAGAR,2700019010000048456,2025-06-05,CIELO SUSPENDIDO USA TEE CRUZ BLANCO 4 PIES 1.22MT USG,20.0,2539.82,50796.4,Ellagar/2025-06-05_FE_50605062500310130324802700019010000048456119983300.pdf,531,Cielo suspendido / perfilería,Cielos,Material permanente,Unidad,Cielos y divisiones,4,Alta,No,,
CORPORACION COMERCIAL EL LAGAR,2700019010000048456,2025-06-05,DIFUSOR P/503-408 57x117 #2 CUADR BLANCO P01462 SYLVANIA,5.0,13274.34,66371.7,Ellagar/2025-06-05_FE_50605062500310130324802700019010000048456119983300.pdf,532,Iluminación LED,Electricidad,Material permanente,Unidad,Iluminación,2,Alta,No,,
CORPORACION COMERCIAL EL LAGAR,2700019010000048456,2025-06-05,"CINTA TEFLON 3/4"" X 7MTS CTF-3/4 TRUPER",3.0,283.19,849.5699999999999,Ellagar/2025-06-05_FE_50605062500310130324802700019010000048456119983300.pdf,533,Cinta teflón,Plomería,Consumible de obra,Unidad,Instalaciones hidrosanitarias,2,Alta,No,,
CORPORACION COMERCIAL EL LAGAR,2700019010000048456,2025-06-05,"LLAVE CONTROL ESCUADRA 1/4 VUELTA 1/2 X 1/2"" IP-120 COFLEX",12.0,4685.84,56230.08,Ellagar/2025-06-05_FE_50605062500310130324802700019010000048456119983300.pdf,534,Llave / válvula hidráulica,Plomería,Material permanente,Unidad,Instalaciones hidrosanitarias,2,Alta,No,,
CORPORACION COMERCIAL EL LAGAR,2700019010000048456,2025-06-05,H.G LISO #26 1.22X2.44MTS,3.0,12570.8,37712.399999999994,Ellagar/2025-06-05_FE_50605062500310130324802700019010000048456119983300.pdf,535,Lámina techo ondulada #26,Cubierta y techo,Material permanente,Unidad,Cubierta,2,Alta,No,,
CORPORACION COMERCIAL EL LAGAR,2700019010000048456,2025-06-05,H.E ACCESORIO BOTAGUA #26 12 BLANCO,5.0,3022.12,15110.599999999999,Ellagar/2025-06-05_FE_50605062500310130324802700019010000048456119983300.pdf,536,Lámina techo ondulada #26,Cubierta y techo,Material permanente,Unidad,Cubierta,2,Alta,No,,
CORPORACION COMERCIAL EL LAGAR,2700019010000048456,2025-06-05,H.G ACCESORIO BOTAGUA #26 12,8.0,2734.51,21876.08,Ellagar/2025-06-05_FE_50605062500310130324802700019010000048456119983300.pdf,537,Lámina techo ondulada #26,Cubierta y techo,Material permanente,Unidad,Cubierta,2,Alta,No,,
CORPORACION COMERCIAL EL LAGAR,2700019010000048456,2025-06-05,"CONDUIT TUBO UL 3/4""- 18MM X 3.05MTS TIPO A",15.0,2057.52,30862.8,Ellagar/2025-06-05_FE_50605062500310130324802700019010000048456119983300.pdf,538,Conduit 3/4 in,Electricidad,Material permanente,Pieza 3.05 m,Instalación eléctrica,2,Alta,No,,
CORPORACION COMERCIAL EL LAGAR,2700019010000048456,2025-06-05,PVC CODO LISO PRESION SCH-40 12MM X 90°,25.0,176.99,4424.75,Ellagar/2025-06-05_FE_50605062500310130324802700019010000048456119983300.pdf,539,Accesorio PVC/CPVC,Plomería,Material permanente,Unidad,Instalaciones hidrosanitarias,2,Alta,No,,
CORPORACION COMERCIAL EL LAGAR,2700019010000048456,2025-06-05,"PVC TEE LISA PRESION SCH-40 12MM - 1/2""",10.0,176.99,1769.9,Ellagar/2025-06-05_FE_50605062500310130324802700019010000048456119983300.pdf,540,PVC presión SCH40 1/2 in x 6 m,Plomería potable,Material permanente,Unidad,Agua potable,2,Alta,No,,
CORPORACION COMERCIAL EL LAGAR,2700019010000048456,2025-06-05,"CONDUIT TUBO UL 1/2""- 12MM X 3.05MTS TIPO A",10.0,1269.91,12699.1,Ellagar/2025-06-05_FE_50605062500310130324802700019010000048456119983300.pdf,541,Conduit 1/2 in,Electricidad,Material permanente,Pieza 3.05 m,Instalación eléctrica,2,Alta,No,,
CORPORACION COMERCIAL EL LAGAR,2700019010000048456,2025-06-05,TABLILLA PVC 20CM 6MMX5.9MM T-24 BLANCO LISO CANET,5.0,3535.4,17677.0,Ellagar/2025-06-05_FE_50605062500310130324802700019010000048456119983300.pdf,542,Panel / tablilla PVC,Acabados,Material permanente,Unidad,Cielos y divisiones|Acabados,4,Alta,No,,
CORPORACION COMERCIAL EL LAGAR,2700019010000048456,2025-06-05,CORNISA PVC BLANCA 5.9 MTS,2.0,2654.87,5309.74,Ellagar/2025-06-05_FE_50605062500310130324802700019010000048456119983300.pdf,543,Cornisa PVC,Acabados,Material permanente,Unidad,Cielos y divisiones|Acabados,4,Alta,No,,
CORPORACION COMERCIAL EL LAGAR,2700019010000048456,2025-06-05,MORTERO REPEMAX REPELLO 80 GRUESO 40 KILOS INTACO,15.0,3500.0,52500.0,Ellagar/2025-06-05_FE_50605062500310130324802700019010000048456119983300.pdf,544,Mortero repello grueso 40 kg,Morteros,Material permanente,Saco/bolsa 40 kg,Repello,2,Alta,No,40.0,87.5
CORPORACION COMERCIAL EL LAGAR,2700019010000048551,2025-06-06,GYPSUM MOLDURA J PLASTICA J 1/2X10,2.0,938.05,1876.1,Ellagar/2025-06-06_FE_50606062500310130324802700019010000048551133970147.pdf,545,Moldura / esquinero,Acabados,Material permanente,Unidad,Acabados,4,Alta,No,,
CORPORACION COMERCIAL EL LAGAR,2700020010000033327,2025-06-10,MORTERO REPEMAX REPELLO 80 GRUESO 40 KILOS INTACO,10.0,3500.0,35000.0,Ellagar/2025-06-10_FE_50610062500310130324802700020010000033327170760596.pdf,546,Mortero repello grueso 40 kg,Morteros,Material permanente,Saco/bolsa 40 kg,Repello,2,Alta,No,40.0,87.5
CORPORACION COMERCIAL EL LAGAR,2700018010000047447,2025-06-10,CAJA P/ICEMAKER C/ACOPLE BRONCE #39134 (38611) OATEY,1.0,20681.42,20681.42,Ellagar/2025-06-10_FE_50610062500310130324802700018010000047447121255433.pdf,547,Accesorio lavadora / icemaker,Plomería,Material permanente,Unidad,Instalaciones hidrosanitarias,2,Alta,No,,
CORPORACION COMERCIAL EL LAGAR,2700018010000047447,2025-06-10,PVC REDUCCION SANITARIA DELGADA 75 X 38MM,1.0,1942.48,1942.48,Ellagar/2025-06-10_FE_50610062500310130324802700018010000047447121255433.pdf,548,Reducción sanitaria,Plomería sanitaria,Material permanente,Unidad,Instalación sanitaria,2,Alta,No,,
CORPORACION COMERCIAL EL LAGAR,2700018010000047447,2025-06-10,"PVC TEE SANITARIA DELGADA 75MM - 3""",1.0,3008.85,3008.85,Ellagar/2025-06-10_FE_50610062500310130324802700018010000047447121255433.pdf,549,Accesorio PVC sanitario,Plomería sanitaria,Material permanente,Unidad,Instalación sanitaria,2,Alta,No,,
CORPORACION COMERCIAL EL LAGAR,2700018010000047447,2025-06-10,CONDUIT CONECTOR UL 12MM TIPO A,20.0,185.84,3716.8,Ellagar/2025-06-10_FE_50610062500310130324802700018010000047447121255433.pdf,550,Conduit 1/2 in,Electricidad,Material permanente,Unidad,Instalación eléctrica,2,Alta,No,,
CORPORACION COMERCIAL EL LAGAR,2700018010000047447,2025-06-10,PVC REDUCCION LISA PRESION SCH-40 38 X 18MM,1.0,1017.7,1017.7,Ellagar/2025-06-10_FE_50610062500310130324802700018010000047447121255433.pdf,551,Reducción sanitaria,Plomería sanitaria,Material permanente,Unidad,Instalación sanitaria,2,Alta,No,,
CORPORACION COMERCIAL EL LAGAR,2700018010000047447,2025-06-10,"CPVC ADAPTADOR MACHO AGUA CALIENTE 12MM - 1/2""",20.0,522.12,10442.4,Ellagar/2025-06-10_FE_50610062500310130324802700018010000047447121255433.pdf,552,CPVC 1/2 in x 6 m,Plomería agua caliente,Material permanente,Unidad,Agua caliente,2,Alta,No,,
CORPORACION COMERCIAL EL LAGAR,2700018010000047447,2025-06-10,"PVC ADAPTADOR MACHO PRESION SCH-40 12MM - 1/2""",20.0,132.74,2654.8,Ellagar/2025-06-10_FE_50610062500310130324802700018010000047447121255433.pdf,553,PVC presión SCH40 1/2 in x 6 m,Plomería potable,Material permanente,Unidad,Agua potable,2,Alta,No,,
CORPORACION COMERCIAL EL LAGAR,2700018010000047447,2025-06-10,"PVC TEE SANITARIA DELGADA 38MM - 1.1/2""",2.0,752.21,1504.42,Ellagar/2025-06-10_FE_50610062500310130324802700018010000047447121255433.pdf,554,Accesorio PVC sanitario,Plomería sanitaria,Material permanente,Unidad,Instalación sanitaria,2,Alta,No,,
CORPORACION COMERCIAL EL LAGAR,2700017010000057558,2025-06-12,CONDUIT CONECTOR UL 12MM TIPO A,30.0,174.69,5240.7,Ellagar/2025-06-12_FE_50612062500310130324802700017010000057558162695460.pdf,555,Conduit 1/2 in,Electricidad,Material permanente,Unidad,Instalación eléctrica,2,Alta,No,,
CORPORACION COMERCIAL EL LAGAR,2700017010000057558,2025-06-12,"PVC TEE SANITARIA DELGADA 38MM - 1.1/2""",2.0,707.08,1414.16,Ellagar/2025-06-12_FE_50612062500310130324802700017010000057558162695460.pdf,556,Accesorio PVC sanitario,Plomería sanitaria,Material permanente,Unidad,Instalación sanitaria,2,Alta,No,,
CORPORACION COMERCIAL EL LAGAR,2700017010000057558,2025-06-12,ESCOBON BARRENDERO,1.0,5490.27,5490.27,Ellagar/2025-06-12_FE_50612062500310130324802700017010000057558162695460.pdf,557,Escobon Barrendero,Otros insumos,Otro registrado,Unidad,Otros,4,Baja,No,,
CORPORACION COMERCIAL EL LAGAR,2700017010000057558,2025-06-12,"EMT CAJA CUADRADA 1/2 X 3/4 X 2.1/8"" DOBLE FONDO UL",10.0,661.33,6613.3,Ellagar/2025-06-12_FE_50612062500310130324802700017010000057558162695460.pdf,558,Accesorio eléctrico EMT,Electricidad,Material permanente,Unidad,Instalación eléctrica,2,Alta,No,,
CORPORACION COMERCIAL EL LAGAR,2700017010000057558,2025-06-12,TAPE ELECTRICO SUPER #33 3M NEGRO 20MTS U,1.0,2601.29,2601.29,Ellagar/2025-06-12_FE_50612062500310130324802700017010000057558162695460.pdf,559,Cinta eléctrica,Electricidad,Consumible de obra,Unidad,Instalación eléctrica,2,Alta,No,,
CORPORACION COMERCIAL EL LAGAR,2700017010000057558,2025-06-12,CABLE TGP 3 X 12 X METRO CONDUCEN,20.0,1243.63,24872.600000000002,Ellagar/2025-06-12_FE_50612062500310130324802700017010000057558162695460.pdf,560,Cable eléctrico,Electricidad,Material permanente,Unidad,Instalación eléctrica,2,Alta,No,,
CORPORACION COMERCIAL EL LAGAR,2700017010000057558,2025-06-12,MORTERO REPEMAX REPELLO 80 GRUESO 40 KILOS INTACO,5.0,3290.0,16450.0,Ellagar/2025-06-12_FE_50612062500310130324802700017010000057558162695460.pdf,561,Mortero repello grueso 40 kg,Morteros,Material permanente,Saco/bolsa 40 kg,Repello,2,Alta,No,40.0,82.25
CORPORACION COMERCIAL EL LAGAR,2700017010000057558,2025-06-12,MORTERO REPEMAX GRIS 90 REPELLO FINO 40KILOS INTACO,5.0,3951.33,19756.65,Ellagar/2025-06-12_FE_50612062500310130324802700017010000057558162695460.pdf,562,Mortero repello fino 40 kg,Morteros,Material permanente,Saco/bolsa 40 kg,Repello,2,Alta,No,40.0,98.7832
CORPORACION COMERCIAL EL LAGAR,2700017010000057558,2025-06-12,CPVC CODO LISO PRESION AGUA CALIENTE 12MM X 90°,20.0,457.52,9150.4,Ellagar/2025-06-12_FE_50612062500310130324802700017010000057558162695460.pdf,563,Accesorio PVC/CPVC,Plomería,Material permanente,Unidad,Instalaciones hidrosanitarias,2,Alta,No,,
CORPORACION COMERCIAL EL LAGAR,2700017010000057558,2025-06-12,CONDUIT CURVA UL 12MM X 90° TIPO A,10.0,598.94,5989.400000000001,Ellagar/2025-06-12_FE_50612062500310130324802700017010000057558162695460.pdf,564,Conduit 1/2 in,Electricidad,Material permanente,Unidad,Instalación eléctrica,2,Alta,No,,
CORPORACION COMERCIAL EL LAGAR,2700017010000057558,2025-06-12,CONDUIT UNION UL 12MM TIPO A,10.0,141.42,1414.1999999999998,Ellagar/2025-06-12_FE_50612062500310130324802700017010000057558162695460.pdf,565,Conduit 1/2 in,Electricidad,Material permanente,Unidad,Instalación eléctrica,2,Alta,No,,
CORPORACION COMERCIAL EL LAGAR,2700017010000057558,2025-06-12,"CONDUIT TUBO UL 1/2""- 12MM X 3.05MTS TIPO A",15.0,1193.72,17905.8,Ellagar/2025-06-12_FE_50612062500310130324802700017010000057558162695460.pdf,566,Conduit 1/2 in,Electricidad,Material permanente,Pieza 3.05 m,Instalación eléctrica,2,Alta,No,,
CORPORACION COMERCIAL EL LAGAR,2700017010000057558,2025-06-12,TUBO NEGRO ESTRUC.RECT. 50X150X1.50MMX6.00MTS,4.0,15489.2,61956.8,Ellagar/2025-06-12_FE_50612062500310130324802700017010000057558162695460.pdf,567,Tubo estructural 50x150,Estructura metálica,Material permanente,Pieza 6.00 m,Estructura|Cubierta,2,Alta,No,,
CORPORACION COMERCIAL EL LAGAR,2700017010000057558,2025-06-12,TUBO NEGRO ESTRUC.CUAD.100X100X1.50MMX6.00MTS,2.0,15468.41,30936.82,Ellagar/2025-06-12_FE_50612062500310130324802700017010000057558162695460.pdf,568,Tubo estructural 100x100,Estructura metálica,Material permanente,Pieza 6.00 m,Estructura|Cubierta,2,Alta,No,,
CORPORACION COMERCIAL EL LAGAR,2700017010000057558,2025-06-12,TUBO NEGRO ESTRUC.CUAD. 50X50X1.50MMX6.00MTS,11.0,7865.22,86517.42,Ellagar/2025-06-12_FE_50612062500310130324802700017010000057558162695460.pdf,569,Tubo estructural 50x50,Estructura metálica,Material permanente,Pieza 6.00 m,Estructura|Cubierta,2,Alta,No,,
CORPORACION COMERCIAL EL LAGAR,2700017010000057558,2025-06-12,CEMENTO GRIS PROGRESO UG HIDRAULICO 50KLS (GAM),5.0,5615.04,28075.2,Ellagar/2025-06-12_FE_50612062500310130324802700017010000057558162695460.pdf,570,Cemento gris 50 kg,Cemento y concretos,Material permanente,Saco 50 kg,Cimentación|Estructura|Mampostería|Contrapiso,1,Alta,No,50.0,112.3008
CORPORACION COMERCIAL EL LAGAR,2700017010000057558,2025-06-12,"BROCHA PROFESIONAL 2"" CERDA NEGRA BBUMC20 + COLOR",2.0,1513.98,3027.96,Ellagar/2025-06-12_FE_50612062500310130324802700017010000057558162695460.pdf,571,Brocha / felpa pintura,Pintura,Herramienta/equipo,Unidad,Pintura,3,Alta,No,,
CORPORACION COMERCIAL EL LAGAR,2700017010000057558,2025-06-12,DILUYENTE THINNER CORRIENTE GALON - NO CONTROL. X ICD,2.0,6317.96,12635.92,Ellagar/2025-06-12_FE_50612062500310130324802700017010000057558162695460.pdf,572,Thinner / diluyente,Pintura,Consumible de obra,Unidad,Pintura,3,Alta,No,,
CORPORACION COMERCIAL EL LAGAR,2700019010000049160,2025-06-16,Chocolate Choys Variado,3.0,353.98,1061.94,Ellagar/2025-06-16_FE_50616062500310130324802700019010000049160175634652.pdf,573,Chocolate Choys Variado,Otros insumos,Otro registrado,Unidad,Otros,4,Baja,No,,
CORPORACION COMERCIAL EL LAGAR,2700019010000049160,2025-06-16,DIANA QUESITO PEQUEÑO,1.0,420.35,420.35,Ellagar/2025-06-16_FE_50616062500310130324802700019010000049160175634652.pdf,574,Diana Quesito Pequeno,Otros insumos,Otro registrado,Unidad,Otros,4,Baja,No,,
CORPORACION COMERCIAL EL LAGAR,2700019010000049160,2025-06-16,"RODILLO P/PINTAR C/FELPA 4"" #HRHT361001/061001D INGCO",1.0,1495.57,1495.57,Ellagar/2025-06-16_FE_50616062500310130324802700019010000049160175634652.pdf,575,Brocha / felpa pintura,Pintura,Herramienta/equipo,Unidad,Pintura,3,Alta,No,,
CORPORACION COMERCIAL EL LAGAR,2700019010000049160,2025-06-16,CONDUIT CONECTOR UL 12MM TIPO A,10.0,185.84,1858.4,Ellagar/2025-06-16_FE_50616062500310130324802700019010000049160175634652.pdf,576,Conduit 1/2 in,Electricidad,Material permanente,Unidad,Instalación eléctrica,2,Alta,No,,
CORPORACION COMERCIAL EL LAGAR,2700019010000049160,2025-06-16,CPVC CODO LISO PRESION AGUA CALIENTE 12MM X 90°,10.0,486.73,4867.3,Ellagar/2025-06-16_FE_50616062500310130324802700019010000049160175634652.pdf,577,Accesorio PVC/CPVC,Plomería,Material permanente,Unidad,Instalaciones hidrosanitarias,2,Alta,No,,
CORPORACION COMERCIAL EL LAGAR,2700017010000057749,2025-06-17,MORTERO REPEMAX GRIS 90 REPELLO FINO 40KILOS INTACO,5.0,4203.54,21017.7,Ellagar/2025-06-17_FE_50617062500310130324802700017010000057749121399884.pdf,578,Mortero repello fino 40 kg,Morteros,Material permanente,Saco/bolsa 40 kg,Repello,2,Alta,No,40.0,105.0885
CORPORACION COMERCIAL EL LAGAR,2700017010000057749,2025-06-17,PVC REDUCCION SANITARIA DELGADA 50 X 38MM,1.0,1061.95,1061.95,Ellagar/2025-06-17_FE_50617062500310130324802700017010000057749121399884.pdf,579,Reducción sanitaria,Plomería sanitaria,Material permanente,Unidad,Instalación sanitaria,2,Alta,No,,
CORPORACION COMERCIAL EL LAGAR,2700017010000057749,2025-06-17,CINTA P/JUNTAS DUROCK 4 X 150 PIES (46MTS) TG,2.0,4079.65,8159.3,Ellagar/2025-06-17_FE_50617062500310130324802700017010000057749121399884.pdf,580,Cinta juntas gypsum/durock,Gypsum y liviano,Consumible de obra,Unidad,Cielos y divisiones,3,Alta,No,,
CORPORACION COMERCIAL EL LAGAR,2700017010000057749,2025-06-17,"CLAVO IMPACTO DE ACERO 25MM (1"") P/GYPSUM",100.0,23.01,2301.0,Ellagar/2025-06-17_FE_50617062500310130324802700017010000057749121399884.pdf,581,Clavo,Ferretería,Consumible de obra,Unidad,Múltiples etapas,4,Alta,No,,
CORPORACION COMERCIAL EL LAGAR,2700017010000057749,2025-06-17,"PVC TUBO PRESION SCH-40 1/2""- 12MM X 6MTS",4.0,4026.55,16106.2,Ellagar/2025-06-17_FE_50617062500310130324802700017010000057749121399884.pdf,582,PVC presión SCH40 1/2 in x 6 m,Plomería potable,Material permanente,Pieza 6 m,Agua potable,2,Alta,No,,
CORPORACION COMERCIAL EL LAGAR,2700017010000057749,2025-06-17,"CPVC TUBO AGUA CALIENTE 1/2""- 12MM X 6MTS",4.0,11858.41,47433.64,Ellagar/2025-06-17_FE_50617062500310130324802700017010000057749121399884.pdf,583,CPVC 1/2 in x 6 m,Plomería agua caliente,Material permanente,Pieza 6 m,Agua caliente,2,Alta,No,,
CORPORACION COMERCIAL EL LAGAR,2700017010000057749,2025-06-17,"PVC TUBO SANIT DELGADO SDR-50 1.1/2""- 38MM X 6MTS",4.0,9730.09,38920.36,Ellagar/2025-06-17_FE_50617062500310130324802700017010000057749121399884.pdf,584,PVC sanitario 2 in x 6 m,Plomería sanitaria,Material permanente,Pieza 6 m,Instalación sanitaria,2,Alta,No,,
CORPORACION COMERCIAL EL LAGAR,2700017010000057749,2025-06-17,"PVC TUBO SANITARIO DELGADO SDR-50 4""- 100MM X 6MTS",6.0,13451.33,80707.98,Ellagar/2025-06-17_FE_50617062500310130324802700017010000057749121399884.pdf,585,PVC sanitario 4 in x 6 m,Plomería sanitaria,Material permanente,Pieza 6 m,Instalación sanitaria,2,Alta,No,,
CORPORACION COMERCIAL EL LAGAR,2700017010000057749,2025-06-17,"CAJA RECTANGULAR EMT 1/2""- 12MM UL",10.0,362.83,3628.2999999999997,Ellagar/2025-06-17_FE_50617062500310130324802700017010000057749121399884.pdf,586,Accesorio eléctrico EMT,Electricidad,Material permanente,Unidad,Instalación eléctrica,2,Alta,No,,
CORPORACION COMERCIAL EL LAGAR,2700018010000048029,2025-06-20,"EMT GAZA 1 OREJA 3/4""- 18MM UL",12.0,26.55,318.6,Ellagar/2025-06-20_FE_50620062500310130324802700018010000048029195161439.pdf,587,Accesorio eléctrico EMT,Electricidad,Material permanente,Unidad,Instalación eléctrica,2,Alta,No,,
CORPORACION COMERCIAL EL LAGAR,2700018010000048124,2025-06-23,AGREGADO PIEDRA CUARTILLA M3 GAM,3.0,15849.56,47548.68,Ellagar/2025-06-23_FE_50623062500310130324802700018010000048124139321817.pdf,588,Piedra / agregado,Agregados,Material permanente,m³,Cimentación|Estructura|Contrapiso,1,Alta,No,,
CORPORACION COMERCIAL EL LAGAR,2700018010000048124,2025-06-23,AGREGADO ARENA TAJO M3 GAM,3.0,15787.61,47362.83,Ellagar/2025-06-23_FE_50623062500310130324802700018010000048124139321817.pdf,589,Arena,Agregados,Material permanente,m³,Cimentación|Estructura|Mampostería|Contrapiso,1,Alta,No,,
CORPORACION COMERCIAL EL LAGAR,2700018010000048124,2025-06-23,MORTERO REPEMAX MURO SECO 125-W1 BLANCO 25 KILOS INTACO,3.0,6769.91,20309.73,Ellagar/2025-06-23_FE_50623062500310130324802700018010000048124139321817.pdf,590,Mortero repello,Morteros,Material permanente,Saco/bolsa 25 kg,Repello,2,Alta,No,25.0,270.7964
CORPORACION COMERCIAL EL LAGAR,2700018010000048124,2025-06-23,CEMENTO GRIS PROGRESO UG HIDRAULICO 50KLS (GAM),16.0,5973.45,95575.2,Ellagar/2025-06-23_FE_50623062500310130324802700018010000048124139321817.pdf,591,Cemento gris 50 kg,Cemento y concretos,Material permanente,Saco 50 kg,Cimentación|Estructura|Mampostería|Contrapiso,1,Alta,No,50.0,119.469
CORPORACION COMERCIAL EL LAGAR,2700018010000048124,2025-06-23,LIJA DE AGUA #120C 3M U,30.0,486.73,14601.900000000001,Ellagar/2025-06-23_FE_50623062500310130324802700018010000048124139321817.pdf,592,Lija,Pintura y acabados,Consumible de obra,Unidad,Acabados,4,Alta,No,,
CORPORACION COMERCIAL EL LAGAR,2700018010000048124,2025-06-23,LIJA DE AGUA #100C 3M U,30.0,522.12,15663.6,Ellagar/2025-06-23_FE_50623062500310130324802700018010000048124139321817.pdf,593,Lija,Pintura y acabados,Consumible de obra,Unidad,Acabados,4,Alta,No,,
CORPORACION COMERCIAL EL LAGAR,2700018010000048124,2025-06-23,SELLADOR P/CONCRETO #522-000-05 BLANCO CUBETA SUR CUB,3.0,69867.26,209601.77999999997,Ellagar/2025-06-23_FE_50623062500310130324802700018010000048124139321817.pdf,594,Sellador concreto,Pintura,Material permanente,Unidad,Pintura,3,Alta,No,,
CORPORACION COMERCIAL EL LAGAR,2700018010000048124,2025-06-23,MASILLA P/GYPSUM INTER EASY FINISH TAPA MORADA CUB 26.3KG,3.0,16371.68,49115.04,Ellagar/2025-06-23_FE_50623062500310130324802700018010000048124139321817.pdf,595,Pasta / masilla gypsum,Gypsum y liviano,Material permanente,Saco/bolsa 26.3 kg,Cielos y divisiones,3,Alta,No,26.3,622.4973
CORPORACION COMERCIAL EL LAGAR,2700018010000048124,2025-06-23,"PVC TUBO SANITARIO DELGADO SDR-50 2""- 50MM X 6MTS",1.0,6283.19,6283.19,Ellagar/2025-06-23_FE_50623062500310130324802700018010000048124139321817.pdf,596,PVC sanitario 2 in x 6 m,Plomería sanitaria,Material permanente,Pieza 6 m,Instalación sanitaria,2,Alta,No,,
CORPORACION COMERCIAL EL LAGAR,2700018010000048124,2025-06-23,CONCRETO CENICERO 4 PREVISTAS,1.0,4044.89,4044.89,Ellagar/2025-06-23_FE_50623062500310130324802700018010000048124139321817.pdf,597,Concreto Cenicero 4 Previstas,Otros insumos,Otro registrado,Unidad,Otros,4,Baja,No,,
CORPORACION COMERCIAL EL LAGAR,2700018010000048124,2025-06-23,SERVICIO TRANSPORTE,1.0,34336.28,34336.28,Ellagar/2025-06-23_FE_50623062500310130324802700018010000048124139321817.pdf,598,Transporte / flete,Servicios,Servicio,Unidad,Logística,5,Alta,No,,
CORPORACION COMERCIAL EL LAGAR,2700018010000048559,2025-06-30,TERMINAL OJO 12-10 10 PAQ 25PCS #1090922,1.0,3752.21,3752.21,Ellagar/2025-07-01_FE_50630062500310130324802700018010000048559171740361.pdf,599,Conector eléctrico,Electricidad,Material permanente,Unidad,Instalación eléctrica,2,Alta,No,,
CORPORACION COMERCIAL EL LAGAR,2700018010000048559,2025-06-30,CEMENTO GRIS PROGRESO UG HIDRAULICO 50KLS (GAM),12.0,5973.45,71681.4,Ellagar/2025-07-01_FE_50630062500310130324802700018010000048559171740361.pdf,600,Cemento gris 50 kg,Cemento y concretos,Material permanente,Saco 50 kg,Cimentación|Estructura|Mampostería|Contrapiso,1,Alta,No,50.0,119.469
CORPORACION COMERCIAL EL LAGAR,2700018010000048559,2025-06-30,CABLE THHN ECOPLUS #12 BLANCO X METRO VIAKON/CONDUCEN,50.0,265.49,13274.5,Ellagar/2025-07-01_FE_50630062500310130324802700018010000048559171740361.pdf,601,Cable eléctrico,Electricidad,Material permanente,Unidad,Instalación eléctrica,2,Alta,No,,
CORPORACION COMERCIAL EL LAGAR,2700018010000048559,2025-06-30,"ANCLAS NIVELADORES DE PISO PAQUETE 100 UNDS 1,5 MM",8.0,2212.39,17699.12,Ellagar/2025-07-01_FE_50630062500310130324802700018010000048559171740361.pdf,602,Porcelanato / piso,Pisos y enchapes,Material permanente,Unidad,Pisos y enchapes,2,Alta,No,,
CORPORACION COMERCIAL EL LAGAR,2700018010000048559,2025-06-30,MORTERO REPEMAX MURO SECO 125-W1 GRIS SACO 25 K INTACO,5.0,5128.32,25641.6,Ellagar/2025-07-01_FE_50630062500310130324802700018010000048559171740361.pdf,603,Mortero repello,Morteros,Material permanente,Unidad,Repello,2,Alta,No,,
CORPORACION COMERCIAL EL LAGAR,2700018010000048559,2025-06-30,CONDUIT CONECTOR UL 12MM TIPO A,10.0,185.84,1858.4,Ellagar/2025-07-01_FE_50630062500310130324802700018010000048559171740361.pdf,604,Conduit 1/2 in,Electricidad,Material permanente,Unidad,Instalación eléctrica,2,Alta,No,,
CORPORACION COMERCIAL EL LAGAR,2700018010000048559,2025-06-30,"CAJA RECTANGULAR EMT 1/2""- 12MM UL",5.0,362.83,1814.1499999999999,Ellagar/2025-07-01_FE_50630062500310130324802700018010000048559171740361.pdf,605,Accesorio eléctrico EMT,Electricidad,Material permanente,Unidad,Instalación eléctrica,2,Alta,No,,
CORPORACION COMERCIAL EL LAGAR,2700018010000048559,2025-06-30,MORTERO CERAMICA 307 PLUS GRIS SACO 20KG LATICRETE,25.0,3849.56,96239.0,Ellagar/2025-07-01_FE_50630062500310130324802700018010000048559171740361.pdf,606,Mortero cerámica 20 kg,Adhesivos cerámicos,Material permanente,Saco/bolsa 20 kg,Pisos y enchapes,2,Alta,No,20.0,192.478
CORPORACION COMERCIAL EL LAGAR,2700018010000048559,2025-06-30,SERVICIO TRANSPORTE,1.0,9646.02,9646.02,Ellagar/2025-07-01_FE_50630062500310130324802700018010000048559171740361.pdf,607,Transporte / flete,Servicios,Servicio,Unidad,Logística,5,Alta,No,,
CORPORACION COMERCIAL EL LAGAR,2700017010000058797,2025-07-03,MAXIMA LATEX MATE #MA683-2 B.DEEP CUBETA LANCO,1.0,95530.97,95530.97,Ellagar/2025-07-03_FE_50603072500310130324802700017010000058797166739216.pdf,608,Pintura / recubrimiento,Pintura,Material permanente,Unidad,Pintura,3,Alta,No,,
CORPORACION COMERCIAL EL LAGAR,2700017010000058797,2025-07-03,AGREGADO PIEDRA CUARTILLA M3 GAM,3.0,15849.56,47548.68,Ellagar/2025-07-03_FE_50603072500310130324802700017010000058797166739216.pdf,609,Piedra / agregado,Agregados,Material permanente,m³,Cimentación|Estructura|Contrapiso,1,Alta,No,,
CORPORACION COMERCIAL EL LAGAR,2700017010000058797,2025-07-03,AGREGADO ARENA TAJO M3 GAM,3.0,15787.61,47362.83,Ellagar/2025-07-03_FE_50603072500310130324802700017010000058797166739216.pdf,610,Arena,Agregados,Material permanente,m³,Cimentación|Estructura|Mampostería|Contrapiso,1,Alta,No,,
CORPORACION COMERCIAL EL LAGAR,2700017010000058797,2025-07-03,SELLADOR P/CONCRETO #522-000-05 BLANCO CUBETA SUR CUB,2.0,69867.26,139734.52,Ellagar/2025-07-03_FE_50603072500310130324802700017010000058797166739216.pdf,611,Sellador concreto,Pintura,Material permanente,Unidad,Pintura,3,Alta,No,,
CORPORACION COMERCIAL EL LAGAR,2700017010000058797,2025-07-03,MORTERO REPEMAX REPELLO 80 GRUESO 40 KILOS INTACO,10.0,3500.0,35000.0,Ellagar/2025-07-03_FE_50603072500310130324802700017010000058797166739216.pdf,612,Mortero repello grueso 40 kg,Morteros,Material permanente,Saco/bolsa 40 kg,Repello,2,Alta,No,40.0,87.5
CORPORACION COMERCIAL EL LAGAR,2700017010000058797,2025-07-03,PINO MARCO SEGURIDAD SET 1.1/2X4 (34X93MM),4.0,8407.08,33628.32,Ellagar/2025-07-03_FE_50603072500310130324802700017010000058797166739216.pdf,613,Madera pino,Madera,Material/consumible,Unidad,Formaleta|Carpintería,4,Alta,No,,
CORPORACION COMERCIAL EL LAGAR,2700017010000058797,2025-07-03,LENTES DE SOL PARA HOMBRE DISEÑOS SURTIDOS 2156,1.0,2654.87,2654.87,Ellagar/2025-07-03_FE_50603072500310130324802700017010000058797166739216.pdf,614,Protección personal,Seguridad obra,Consumible de obra,Unidad,Múltiples etapas,4,Alta,No,,
CORPORACION COMERCIAL EL LAGAR,2700017010000058797,2025-07-03,SERVICIO TRANSPORTE,1.0,37964.6,37964.6,Ellagar/2025-07-03_FE_50603072500310130324802700017010000058797166739216.pdf,615,Transporte / flete,Servicios,Servicio,Unidad,Logística,5,Alta,No,,
CORPORACION COMERCIAL EL LAGAR,2700019010000050640,2025-07-16,TRIDENT VALUE PACK FRESHMINT,1.0,929.2,929.2,Ellagar/2025-07-16_FE_50616072500310130324802700019010000050640144312783.pdf,616,Trident Value Pack Freshmint,Otros insumos,Otro registrado,Unidad,Otros,4,Baja,No,,
CORPORACION COMERCIAL EL LAGAR,2700019010000050640,2025-07-16,"DISCO DIAMA.CONTINUO 4 1/2"" X 1.7MM DID-145 TRUPER / NEO",2.0,3345.13,6690.26,Ellagar/2025-07-16_FE_50616072500310130324802700019010000050640144312783.pdf,617,Herramienta / equipo,Herramientas y equipo,Herramienta/equipo,Unidad,No incorporado,5,Alta,No,,
CORPORACION COMERCIAL EL LAGAR,2700019010000050640,2025-07-16,MASILLA MADERA ACRYLICA WALNUT WF829-7 8ONZ LANCO,1.0,2309.73,2309.73,Ellagar/2025-07-16_FE_50616072500310130324802700019010000050640144312783.pdf,618,Carpintería / herraje (genérico),Carpintería y mobiliario,Material permanente,Unidad,Mobiliario,3,Media,No,,
CORPORACION COMERCIAL EL LAGAR,2700019010000050640,2025-07-16,LINEA PLATA APAGADOR DOBLE #1004W BLANCO EAGLE,3.0,1626.68,4880.04,Ellagar/2025-07-16_FE_50616072500310130324802700019010000050640144312783.pdf,619,Enchufe / apagador,Electricidad,Material permanente,Unidad,Instalación eléctrica,2,Alta,No,,
CORPORACION COMERCIAL EL LAGAR,2700019010000050640,2025-07-16,LINEA PLATA APAGADOR SENCILLO #1000W BLANCO EAGLE,10.0,1000.44,10004.400000000001,Ellagar/2025-07-16_FE_50616072500310130324802700019010000050640144312783.pdf,620,Enchufe / apagador,Electricidad,Material permanente,Unidad,Instalación eléctrica,2,Alta,No,,
CORPORACION COMERCIAL EL LAGAR,2700019010000050640,2025-07-16,"BROCHA ECONOMICA 3"" MANGO MADERA #CHPTB0103 INGCO",2.0,1403.76,2807.52,Ellagar/2025-07-16_FE_50616072500310130324802700019010000050640144312783.pdf,621,Brocha / felpa pintura,Pintura,Herramienta/equipo,Unidad,Pintura,3,Alta,No,,
CORPORACION COMERCIAL EL LAGAR,2700019010000050640,2025-07-16,"CINTA MASKING TAPE AZUL 1 1/2"" X 50 M CAZMC15 + COLOR",2.0,3285.4,6570.8,Ellagar/2025-07-16_FE_50616072500310130324802700019010000050640144312783.pdf,622,Cinta masking,Pintura,Consumible de obra,Unidad,Pintura,3,Alta,No,,
CORPORACION COMERCIAL EL LAGAR,2700019010000050640,2025-07-16,H.G ACCESORIO BOTAGUA #28 9,8.0,1361.95,10895.6,Ellagar/2025-07-16_FE_50616072500310130324802700019010000050640144312783.pdf,623,Lámina techo ondulada #28,Cubierta y techo,Material permanente,Unidad,Cubierta,2,Alta,No,,
CORPORACION COMERCIAL EL LAGAR,2700019010000050640,2025-07-16,H.G ACCESORIO BOTAGUA #28 12,5.0,1648.14,8240.7,Ellagar/2025-07-16_FE_50616072500310130324802700019010000050640144312783.pdf,624,Lámina techo ondulada #28,Cubierta y techo,Material permanente,Unidad,Cubierta,2,Alta,No,,
CORPORACION COMERCIAL EL LAGAR,2700019010000050640,2025-07-16,LIJA MADERA 220 FANDELI,10.0,228.98,2289.7999999999997,Ellagar/2025-07-16_FE_50616072500310130324802700019010000050640144312783.pdf,625,Lija,Pintura y acabados,Consumible de obra,Unidad,Acabados,4,Alta,No,,
CORPORACION COMERCIAL EL LAGAR,2700019010000050640,2025-07-16,LIJA MADERA 180 FANDELI,10.0,305.31,3053.1,Ellagar/2025-07-16_FE_50616072500310130324802700019010000050640144312783.pdf,626,Lija,Pintura y acabados,Consumible de obra,Unidad,Acabados,4,Alta,No,,
CORPORACION COMERCIAL EL LAGAR,2700020010000034812,2025-07-16,"DISCO CONTINUO 4"" PANTHER INTRUDER",2.0,5044.25,10088.5,Ellagar/2025-07-16_FE_50616072500310130324802700020010000034812164513459.pdf,627,Herramienta / equipo,Herramientas y equipo,Herramienta/equipo,Unidad,No incorporado,5,Alta,No,,
CORPORACION COMERCIAL EL LAGAR,2700018010000049499,2025-07-18,REFRESCO ENVASE DESECHABLE 600ML FANTA UVA,1.0,880.53,880.53,Ellagar/2025-07-18_FE_50618072500310130324802700018010000049499194555259.pdf,628,Compra no constructiva,No constructivo,No incorporado,Unidad,No aplica,5,Alta,No,,
CORPORACION COMERCIAL EL LAGAR,2700018010000049499,2025-07-18,HOLDER XO-C101,1.0,4601.77,4601.77,Ellagar/2025-07-18_FE_50618072500310130324802700018010000049499194555259.pdf,629,Holder Xo-C101,Otros insumos,Otro registrado,Unidad,Otros,4,Baja,No,,
CORPORACION COMERCIAL EL LAGAR,2700018010000049499,2025-07-18,LINEA PLATA APAGADOR DOBLE #1004W BLANCO EAGLE,1.0,1508.85,1508.85,Ellagar/2025-07-18_FE_50618072500310130324802700018010000049499194555259.pdf,630,Enchufe / apagador,Electricidad,Material permanente,Unidad,Instalación eléctrica,2,Alta,No,,
CORPORACION COMERCIAL EL LAGAR,2700017010000059877,2025-07-22,CAJA PLAST 14 C/COMPART NARANJA CHA-14NC TRUPER,1.0,3982.3,3982.3,Ellagar/2025-07-22_FE_50622072500310130324802700017010000059877112383338.pdf,631,Accesorio eléctrico (genérico),Electricidad,Material permanente,Unidad,Instalación eléctrica,2,Media,No,,
CORPORACION COMERCIAL EL LAGAR,2700017010000059877,2025-07-22,"EXTENSION CUBO 5"" ESPIGA 1/2"" HEB12051 INGCO",1.0,2566.37,2566.37,Ellagar/2025-07-22_FE_50622072500310130324802700017010000059877112383338.pdf,632,"Extension Cubo 5"" Espiga 1/2"" Heb12051 Ingco",Otros insumos,Otro registrado,Unidad,Otros,4,Baja,No,,
CORPORACION COMERCIAL EL LAGAR,2700017010000059877,2025-07-22,CINCEL C-3/8X6 TRUPER,1.0,1053.1,1053.1,Ellagar/2025-07-22_FE_50622072500310130324802700017010000059877112383338.pdf,633,Cincel C-3/8X6 Truper,Otros insumos,Otro registrado,Unidad,Otros,4,Baja,No,,
CORPORACION COMERCIAL EL LAGAR,2700017010000059877,2025-07-22,"BROCHA ECONOMICA 3"" MANGO MADERA #CHPTB0103 INGCO",1.0,1871.68,1871.68,Ellagar/2025-07-22_FE_50622072500310130324802700017010000059877112383338.pdf,634,Brocha / felpa pintura,Pintura,Herramienta/equipo,Unidad,Pintura,3,Alta,No,,
CORPORACION COMERCIAL EL LAGAR,2700017010000059877,2025-07-22,"DESATORNILLADOR PLANO DE GOLPE 5/16 X8"" HGTS288200 INGCO",1.0,3008.85,3008.85,Ellagar/2025-07-22_FE_50622072500310130324802700017010000059877112383338.pdf,635,Tornillo / fijación,Ferretería,Consumible de obra,Unidad,Múltiples etapas,4,Alta,No,,
CORPORACION COMERCIAL EL LAGAR,2700017010000059877,2025-07-22,"PLASTICO PALETIZAR 6"" X 430 PIES",1.0,3433.63,3433.63,Ellagar/2025-07-22_FE_50622072500310130324802700017010000059877112383338.pdf,636,"Plastico Paletizar 6"" X 430 Pies",Otros insumos,Otro registrado,Unidad,Otros,4,Baja,No,,
CORPORACION COMERCIAL EL LAGAR,2700020010000035323,2025-07-30,CARBON P/ HERRAMIENTA BOSCH O INGCO (JUEGO) 0172-B,1.0,2876.11,2876.11,Ellagar/2025-07-30_FE_50630072500310130324802700020010000035323162366755.pdf,637,Herramienta / accesorio herramienta,Herramientas y equipo,Herramienta/equipo,Unidad,No incorporado,5,Alta,No,,
CORPORACION COMERCIAL EL LAGAR,2700019010000051698,2025-08-07,SIFON DE CONCRETO 4 PULG ( 100MM ),1.0,4044.89,4044.89,Ellagar/2025-08-07_FE_50607082500310130324802700019010000051698196971693.pdf,638,Sifón sanitario,Plomería sanitaria,Material permanente,Unidad,Instalación sanitaria,2,Alta,No,,
CORPORACION COMERCIAL EL LAGAR,2700019010000051698,2025-08-07,CINTA P/JUNTAS ADHESIVA 2 X 250 PIES (76MTS) GYPSUM,2.0,1765.49,3530.98,Ellagar/2025-08-07_FE_50607082500310130324802700019010000051698196971693.pdf,639,Lámina gypsum 12 mm,Gypsum y liviano,Material permanente,Unidad,Cielos y divisiones,3,Alta,No,,
CORPORACION COMERCIAL EL LAGAR,2700019010000051698,2025-08-07,BOMBILLO LED 5W 3000K CALID GU10,4.0,2628.32,10513.28,Ellagar/2025-08-07_FE_50607082500310130324802700019010000051698196971693.pdf,640,Iluminación LED,Electricidad,Material permanente,Unidad,Iluminación,2,Alta,No,,
CORPORACION COMERCIAL EL LAGAR,2700020010000035832,2025-08-13,CABO PICO FIBRA VIDRIO MG-ZP5F 36 TRUPER U,1.0,4823.01,4823.01,Ellagar/2025-08-13_FE_50613082500310130324802700020010000035832166429506.pdf,641,Vidrio / espejo,Vidrios,Material permanente,Unidad,Cerramientos|Baños,3,Alta,No,,
CORPORACION COMERCIAL EL LAGAR,2700020010000035832,2025-08-13,BT PLAFON E27 100W SUPERFICIAL BLANCO OVAL P23B (P21W),1.0,1469.03,1469.03,Ellagar/2025-08-13_FE_50613082500310130324802700020010000035832166429506.pdf,642,Luminaria empotrable,Electricidad,Material permanente,Unidad,Iluminación,2,Alta,No,,
CORPORACION COMERCIAL EL LAGAR,2700020010000035832,2025-08-13,"H.G. CROMADO NIPLE 12 X 200MM - 1/2 X 8""",1.0,2185.84,2185.84,Ellagar/2025-08-13_FE_50613082500310130324802700020010000035832166429506.pdf,643,Niple / accesorio HG,Plomería,Material permanente,Unidad,Instalaciones hidrosanitarias,2,Alta,No,,
CORPORACION COMERCIAL EL LAGAR,2700020010000035832,2025-08-13,MASILLA P/GYPSUM CUBETA 26KL INTACO,1.0,15570.8,15570.8,Ellagar/2025-08-13_FE_50613082500310130324802700020010000035832166429506.pdf,644,Pasta / masilla gypsum,Gypsum y liviano,Material permanente,Unidad,Cielos y divisiones,3,Alta,No,,
CORPORACION COMERCIAL EL LAGAR,2700017010000061175,2025-08-13,"DISCO SIERRA P/ MELAMINA 7 1/4"" X 60 DIENTES EJE 5/8"" INTRUD",1.0,19690.27,19690.27,Ellagar/2025-08-13_FE_50613082500310130324802700017010000061175168079746.pdf,645,Melamina,Carpintería y mobiliario,Material permanente,Unidad,Mobiliario,3,Alta,No,,
CORPORACION COMERCIAL EL LAGAR,2700017010000061175,2025-08-13,BATERIA ALKALINA CUADRADA 9V A1604-1 RAYOVAC,1.0,3008.85,3008.85,Ellagar/2025-08-13_FE_50613082500310130324802700017010000061175168079746.pdf,646,Bateria Alkalina Cuadrada 9V A1604-1 Rayovac,Otros insumos,Otro registrado,Unidad,Otros,4,Baja,No,,
CORPORACION COMERCIAL EL LAGAR,2700017010000061570,2025-08-20,AGREGADO ARENA TAJO FINA M3,3.0,22168.14,66504.42,Ellagar/2025-08-20_FE_50620082500310130324802700017010000061570167523557.pdf,647,Arena,Agregados,Material permanente,m³,Cimentación|Estructura|Mampostería|Contrapiso,1,Alta,No,,
CORPORACION COMERCIAL EL LAGAR,2700017010000061570,2025-08-20,SERVICIO TRANSPORTE,1.0,17168.14,17168.14,Ellagar/2025-08-20_FE_50620082500310130324802700017010000061570167523557.pdf,648,Transporte / flete,Servicios,Servicio,Unidad,Logística,5,Alta,No,,
CORPORACION COMERCIAL EL LAGAR,2700017010000062000,2025-08-28,CHIS WIS 69GRS,1.0,438.05,438.05,Ellagar/2025-08-28_FE_50628082500310130324802700017010000062000121666380.pdf,649,Compra no constructiva,No constructivo,No incorporado,Unidad,No aplica,5,Alta,No,,
CORPORACION COMERCIAL EL LAGAR,2700017010000062000,2025-08-28,Kromchitos 90grs,1.0,442.48,442.48,Ellagar/2025-08-28_FE_50628082500310130324802700017010000062000121666380.pdf,650,Kromchitos 90Grs,Otros insumos,Otro registrado,Unidad,Otros,4,Baja,No,,
CORPORACION COMERCIAL EL LAGAR,2700017010000062000,2025-08-28,Te Verde Antiox 500 ML BOT,1.0,703.54,703.54,Ellagar/2025-08-28_FE_50628082500310130324802700017010000062000121666380.pdf,651,Te Verde Antiox 500 Ml Bot,Otros insumos,Otro registrado,Unidad,Otros,4,Baja,No,,
CORPORACION COMERCIAL EL LAGAR,2700017010000062000,2025-08-28,PVC CANOA UNION P/PECHO PALOMA,1.0,1221.24,1221.24,Ellagar/2025-08-28_FE_50628082500310130324802700017010000062000121666380.pdf,652,Accesorio PVC/CPVC,Plomería,Material permanente,Unidad,Instalaciones hidrosanitarias,2,Alta,No,,
CORPORACION COMERCIAL EL LAGAR,3500028010000036102,2025-10-23,"DISCO SIERRA P/ MELAMINA 7 1/4"" X 60 DIENTES EJE 5/8"" INTRUD",1.0,19690.27,19690.27,Ellagar/2025-10-23_FE_50623102500310130324803500028010000036102152864501.pdf,653,Melamina,Carpintería y mobiliario,Material permanente,Unidad,Mobiliario,3,Alta,No,,
CORPORACION COMERCIAL EL LAGAR,2700019010000055933,2025-10-29,"PVC UNION LISA PRESION SCH-40 12MM - 1/2""",2.0,132.74,265.48,Ellagar/2025-10-29_FE_50629102500310130324802700019010000055933120999560.pdf,654,PVC presión SCH40 1/2 in x 6 m,Plomería potable,Material permanente,Unidad,Agua potable,2,Alta,No,,
CORPORACION COMERCIAL EL LAGAR,2700019010000055933,2025-10-29,"CPVC UNION LISA AGUA CALIENTE 12MM - 1/2""",2.0,424.78,849.56,Ellagar/2025-10-29_FE_50629102500310130324802700019010000055933120999560.pdf,655,CPVC 1/2 in x 6 m,Plomería agua caliente,Material permanente,Unidad,Agua caliente,2,Alta,No,,
CORPORACION COMERCIAL EL LAGAR,2700019010000055933,2025-10-29,PVC CODO LISO PRESION SCH-40 12MM X 90°,10.0,176.99,1769.9,Ellagar/2025-10-29_FE_50629102500310130324802700019010000055933120999560.pdf,656,Accesorio PVC/CPVC,Plomería,Material permanente,Unidad,Instalaciones hidrosanitarias,2,Alta,No,,
CORPORACION COMERCIAL EL LAGAR,2700019010000055933,2025-10-29,CPVC CODO LISO PRESION AGUA CALIENTE 12MM X 90°,10.0,486.73,4867.3,Ellagar/2025-10-29_FE_50629102500310130324802700019010000055933120999560.pdf,657,Accesorio PVC/CPVC,Plomería,Material permanente,Unidad,Instalaciones hidrosanitarias,2,Alta,No,,
CORPORACION COMERCIAL EL LAGAR,2700019010000055933,2025-10-29,PEGAMENTO PVC USO GENERAL AZUL 1/32 BROCHIN AMANCO,1.0,2867.26,2867.26,Ellagar/2025-10-29_FE_50629102500310130324802700019010000055933120999560.pdf,658,Pegamento PVC,Plomería,Consumible de obra,Unidad,Instalaciones hidrosanitarias,2,Alta,No,,
CORPORACION COMERCIAL EL LAGAR,2700019010000055933,2025-10-29,"PVC TEE LISA PRESION SCH-40 12MM - 1/2""",5.0,176.99,884.95,Ellagar/2025-10-29_FE_50629102500310130324802700019010000055933120999560.pdf,659,PVC presión SCH40 1/2 in x 6 m,Plomería potable,Material permanente,Unidad,Agua potable,2,Alta,No,,
CORPORACION COMERCIAL EL LAGAR,2700019010000055933,2025-10-29,"CPVC TEE LISA AGUA CALIENTE 12MM - 1/2""",1.0,646.02,646.02,Ellagar/2025-10-29_FE_50629102500310130324802700019010000055933120999560.pdf,660,CPVC 1/2 in x 6 m,Plomería agua caliente,Material permanente,Unidad,Agua caliente,2,Alta,No,,
CORPORACION COMERCIAL EL LAGAR,2700019010000055933,2025-10-29,"CPVC TUBO AGUA CALIENTE 1/2""- 12MM X 6MTS",3.0,11858.41,35575.229999999996,Ellagar/2025-10-29_FE_50629102500310130324802700019010000055933120999560.pdf,661,CPVC 1/2 in x 6 m,Plomería agua caliente,Material permanente,Pieza 6 m,Agua caliente,2,Alta,No,,
CORPORACION COMERCIAL EL LAGAR,2700019010000055933,2025-10-29,"PVC TUBO PRESION SCH-40 1/2""- 12MM X 6MTS",3.0,5570.8,16712.4,Ellagar/2025-10-29_FE_50629102500310130324802700019010000055933120999560.pdf,662,PVC presión SCH40 1/2 in x 6 m,Plomería potable,Material permanente,Pieza 6 m,Agua potable,2,Alta,No,,
CORPORACION COMERCIAL EL LAGAR,2700019010000056897,2025-11-17,AGREGADO ARENA TAJO FINA M3,3.0,22168.14,66504.42,Ellagar/2025-11-17_FE_50617112500310130324802700019010000056897145466335.pdf,663,Arena,Agregados,Material permanente,m³,Cimentación|Estructura|Mampostería|Contrapiso,1,Alta,No,,
CORPORACION COMERCIAL EL LAGAR,2700019010000056897,2025-11-17,TRANSPORTE LAGAR EN LINEA,1.0,17168.14,17168.14,Ellagar/2025-11-17_FE_50617112500310130324802700019010000056897145466335.pdf,664,Flete / transporte,Servicios,Servicio,Unidad,Logística,5,Alta,No,,
DEPOSITO LAS GRAVILIAS S.A.,400008010000121291,2026-08-03,CARBON P/ HERRAMIENTA BOSCH O INGCO (JUEGO) 0172-B,2.0,2876.11,5752.22,Lasgravilias/2026-08-03_FE_50603082600310116521400400008010000121291138282253.pdf,665,Herramienta / accesorio herramienta,Herramientas y equipo,Herramienta/equipo,Unidad,No incorporado,5,Alta,No,,
DEPOSITO SAN ANTONIO S.A.,100001010000087823,2025-07-02,"TUBO CONDUIT TIPO A 3/4"" UL PVC - Cabys:",4.0,1769.91,7079.64,DEPOSITO SAN ANTONIO SA/2025-07-02_FE-50602072500310102390400100001010000087823188200000.pdf,666,Conduit 3/4 in,Electricidad,Material permanente,Unidad,Instalación eléctrica,2,Alta,No,,
DEPOSITO SAN ANTONIO S.A.,100001010000088402,2025-07-18,"TORNILLO GYPSUM TEK 6"" X 1 1/4""",1.0,530.97,530.97,DEPOSITO SAN ANTONIO SA/2025-07-18_FE-50618072500310102390400100001010000088402127300000.pdf,667,Tornillo / fijación,Ferretería,Consumible de obra,Unidad,Múltiples etapas,4,Alta,No,,
DEPOSITO SAN ANTONIO S.A.,100001010000088402,2025-07-18,"BROCHA ATLAS #395 2""",1.0,1575.22,1575.22,DEPOSITO SAN ANTONIO SA/2025-07-18_FE-50618072500310102390400100001010000088402127300000.pdf,668,Brocha / felpa pintura,Pintura,Herramienta/equipo,Unidad,Pintura,3,Alta,No,,
DEPOSITO SAN ANTONIO S.A.,100001010000088403,2025-07-18,"BOTAGUA HG # 28 12"" X 1.83 M",3.0,2345.13,7035.39,DEPOSITO SAN ANTONIO SA/2025-07-18_FE-50618072500310102390400100001010000088403161880000.pdf,669,Accesorio hidrosanitario (genérico),Plomería,Material permanente,Unidad,Instalaciones hidrosanitarias,2,Media,No,,
DEPOSITO SAN ANTONIO S.A.,100001010000088403,2025-07-18,METRO TUBO PVC SDR50 SANITARIO,6.0,1194.69,7168.14,DEPOSITO SAN ANTONIO SA/2025-07-18_FE-50618072500310102390400100001010000088403161880000.pdf,670,Tubería PVC / CPVC,Plomería,Material permanente,Unidad,Instalaciones hidrosanitarias,2,Alta,No,,
DEPOSITO SAN ANTONIO S.A.,100001010000088403,2025-07-18,"CODO 90 PVC 2"" SANITARIO SIRENA",1.0,575.22,575.22,DEPOSITO SAN ANTONIO SA/2025-07-18_FE-50618072500310102390400100001010000088403161880000.pdf,671,Accesorio PVC sanitario,Plomería sanitaria,Material permanente,Unidad,Instalación sanitaria,2,Alta,No,,
DEPOSITO SAN ANTONIO S.A.,100001010000088403,2025-07-18,"METRO TUBO PVC SCH40 1/2""",6.0,508.85,3053.1000000000004,DEPOSITO SAN ANTONIO SA/2025-07-18_FE-50618072500310102390400100001010000088403161880000.pdf,672,PVC presión SCH40 1/2 in x 6 m,Plomería potable,Material permanente,Unidad,Agua potable,2,Alta,No,,
DEPOSITO SAN ANTONIO S.A.,100001010000088403,2025-07-18,TORNILLO PARA TECHO PUNTA,10.0,35.4,354.0,DEPOSITO SAN ANTONIO SA/2025-07-18_FE-50618072500310102390400100001010000088403161880000.pdf,673,Tornillo / fijación,Ferretería,Consumible de obra,Unidad,Múltiples etapas,4,Alta,No,,
DEPOSITO SAN ANTONIO S.A.,100001010000088847,2025-08-01,"CLAVO ACERO BAR 2"" PAQUETE DE",2.0,707.96,1415.92,DEPOSITO SAN ANTONIO SA/2025-08-01_FE-50601082500310102390400100001010000088847137570000.pdf,674,Clavo,Ferretería,Consumible de obra,Unidad,Múltiples etapas,4,Alta,No,,
DEPOSITO SAN ANTONIO S.A.,100001010000088847,2025-08-01,TOMA DOBLE POLARIZADO EAGLE,1.0,2345.13,2345.13,DEPOSITO SAN ANTONIO SA/2025-08-01_FE-50601082500310102390400100001010000088847137570000.pdf,675,Interruptor / toma / caja eléctrica,Electricidad,Material permanente,Unidad,Instalación eléctrica,2,Alta,No,,
DEPOSITO SAN ANTONIO S.A.,100001010000092553,2025-12-10,"PINO 1"" X 2"" X 3.96 METROS",1.0,1991.15,1991.15,DEPOSITO SAN ANTONIO SA/2025-12-10_FE-50610122500310102390400100001010000092553110080000.pdf,676,Madera pino,Madera,Material/consumible,Unidad,Formaleta|Carpintería,4,Alta,No,,
DEPOSITO SAN ANTONIO S.A.,100001010000092552,2025-12-10,"PINO 1"" X 2"" X 3.96 METROS",1.0,1991.15,1991.15,DEPOSITO SAN ANTONIO SA/2025-12-10_FE-50610122500310102390400100001010000092552113920000.pdf,677,Madera pino,Madera,Material/consumible,Unidad,Formaleta|Carpintería,4,Alta,No,,
DEPOSITO SAN ANTONIO S.A.,100001010000092843,2025-12-20,"BROCA COBALTO QUICKCOBALT 3/8""",1.0,2964.6,2964.6,DEPOSITO SAN ANTONIO SA/2025-12-20_FE-50620122500310102390400100001010000092843144880000.pdf,678,Herramienta / equipo,Herramientas y equipo,Herramienta/equipo,Unidad,No incorporado,5,Alta,No,,
DEPOSITO SAN ANTONIO S.A.,100001010000092843,2025-12-20,SUR NIT INTENSACLEAN EXPERT,1.0,4876.11,4876.11,DEPOSITO SAN ANTONIO SA/2025-12-20_FE-50620122500310102390400100001010000092843144880000.pdf,679,Sur Nit Intensaclean Expert,Otros insumos,Otro registrado,Unidad,Otros,4,Baja,No,,
DEPOSITO SAN ANTONIO S.A.,100001010000092843,2025-12-20,SUR NIT INTENSACLEAN EXPERT,1.0,5840.71,5840.71,DEPOSITO SAN ANTONIO SA/2025-12-20_FE-50620122500310102390400100001010000092843144880000.pdf,680,Sur Nit Intensaclean Expert,Otros insumos,Otro registrado,Unidad,Otros,4,Baja,No,,
DEPOSITO SAN ANTONIO S.A.,100001010000092843,2025-12-20,ESCOBA JUMBO ETERNA,1.0,3814.16,3814.16,DEPOSITO SAN ANTONIO SA/2025-12-20_FE-50620122500310102390400100001010000092843144880000.pdf,681,Escoba Jumbo Eterna,Otros insumos,Otro registrado,Unidad,Otros,4,Baja,No,,
DEPOSITO SAN ANTONIO S.A.,100001010000092909,2025-12-23,KILO PLASTICO NEGRO 2M ANCHO,3.0,2212.39,6637.17,DEPOSITO SAN ANTONIO SA/2025-12-23_FE-50623122500310102390400100001010000092909184240000.pdf,682,Plástico construcción,Protección de obra,Consumible de obra,Unidad,Múltiples etapas,4,Alta,No,,
DEPOSITO SAN ANTONIO S.A.,100001010000092975,2025-12-29,LIJA MADERA 3M PLIEGO #100 PARA,2.0,309.73,619.46,DEPOSITO SAN ANTONIO SA/2025-12-29_FE-50629122500310102390400100001010000092975192400000.pdf,683,Lija,Pintura y acabados,Consumible de obra,Unidad,Acabados,4,Alta,No,,
DEPOSITO SAN ANTONIO S.A.,100001010000092975,2025-12-29,PEGA CERAMICA PLUS PEDREGAL 5,1.0,1991.15,1991.15,DEPOSITO SAN ANTONIO SA/2025-12-29_FE-50629122500310102390400100001010000092975192400000.pdf,684,Adhesivo / sellador (genérico),Adhesivos y selladores,Consumible de obra,Unidad,Acabados,4,Media,No,,
DEPOSITO SAN ANTONIO S.A.,100001010000092975,2025-12-29,"PINO 1"" X 2"" X 3.20 METROS PIEZA",3.0,1283.19,3849.57,DEPOSITO SAN ANTONIO SA/2025-12-29_FE-50629122500310102390400100001010000092975192400000.pdf,685,Madera pino,Madera,Material/consumible,Unidad,Formaleta|Carpintería,4,Alta,No,,
DEPOSITO SAN ANTONIO S.A.,100001010000092975,2025-12-29,GYPSUM CINTA papel 250 - 5 cm,1.0,1415.93,1415.93,DEPOSITO SAN ANTONIO SA/2025-12-29_FE-50629122500310102390400100001010000092975192400000.pdf,686,Lámina gypsum 12 mm,Gypsum y liviano,Material permanente,Unidad,Cielos y divisiones,3,Alta,No,,
DEPOSITO SAN ANTONIO S.A.,100001010000092975,2025-12-29,SUR UNIPAR MASILLA PLASTICA,1.0,7300.88,7300.88,DEPOSITO SAN ANTONIO SA/2025-12-29_FE-50629122500310102390400100001010000092975192400000.pdf,687,Adhesivo / sellador (genérico),Adhesivos y selladores,Consumible de obra,Unidad,Acabados,4,Media,No,,
DEPOSITO SAN ANTONIO S.A.,100001010000092975,2025-12-29,"DISCO FLAP UYUSTOOLS 4 1/2"" X",1.0,1592.92,1592.92,DEPOSITO SAN ANTONIO SA/2025-12-29_FE-50629122500310102390400100001010000092975192400000.pdf,688,Herramienta / equipo,Herramientas y equipo,Herramienta/equipo,Unidad,No incorporado,5,Alta,No,,
DEPOSITO SAN ANTONIO S.A.,100001010000093671,2026-01-26,CEMENTO HOLCIM SACO 25 KG,3.0,3716.81,11150.43,DEPOSITO SAN ANTONIO SA/2026-01-26_FE-50626012600310102390400100001010000093671111520000.pdf,689,Cemento gris 25 kg,Cemento y concretos,Material permanente,Saco 25 kg,Cimentación|Estructura|Mampostería|Contrapiso,1,Alta,No,25.0,148.6724
DEPOSITO SAN ANTONIO S.A.,100001010000093670,2026-01-26,"VARA FORMALETA SUAVE 1"" X 12""",40.0,2300.88,92035.20000000001,DEPOSITO SAN ANTONIO SA/2026-01-26_FE-50626012600310102390400100001010000093670180240000.pdf,690,Madera formaleta,Madera,Consumible de obra,Unidad,Cimentación|Estructura,4,Alta,No,,
DEPOSITO SAN ANTONIO S.A.,100001010000093670,2026-01-26,"VARA SEMIDURO REGLA 1"" X 3""",40.0,575.22,23008.800000000003,DEPOSITO SAN ANTONIO SA/2026-01-26_FE-50626012600310102390400100001010000093670180240000.pdf,691,Semiduro madera,Madera,Consumible de obra,Unidad,Formaleta|Carpintería,4,Alta,No,,
DEPOSITO SAN ANTONIO S.A.,100001010000093814,2026-01-29,TORNILLO PARA TECHO PUNTA,130.0,30.97,4026.1,DEPOSITO SAN ANTONIO SA/2026-01-29_FE-50629012600310102390400100001010000093814111760000.pdf,692,Tornillo / fijación,Ferretería,Consumible de obra,Unidad,Múltiples etapas,4,Alta,No,,
DEPOSITO SAN ANTONIO S.A.,100001010000095686,2026-04-06,"CONECTOR EMT 1 1/4""",2.0,973.45,1946.9,DEPOSITO SAN ANTONIO SA/2026-04-06_FE-50606042600310102390400100001010000095686129700000.pdf,693,Accesorio eléctrico EMT,Electricidad,Material permanente,Unidad,Instalación eléctrica,2,Alta,No,,
DEPOSITO SAN ANTONIO S.A.,100001010000098713,2026-07-27,JUEGO BROCA SIERRAS 11PZA,1.0,4513.27,4513.27,DEPOSITO SAN ANTONIO SA/2026-07-27_FE-50627072600310102390400100001010000098713125080000.pdf,694,Herramienta / equipo,Herramientas y equipo,Herramienta/equipo,Unidad,No incorporado,5,Alta,No,,
FERRETERIA BELEMITA S.A.,100001010000131352,2025-10-27,TO CARROCERIA 1/4 X 1 1/4,10.0,27.65,276.5,FERRETERIA BELEMITA S.A./2025-10-27_50627102500310107055300100001010000131352100682456.pdf,695,To Carroceria 1/4 X 1 1/4,Otros insumos,Otro registrado,Unidad,Otros,4,Baja,No,,
FERRETERIA BELEMITA S.A.,100001010000131352,2025-10-27,TO CARROCERIA 5/16 X 1,10.0,50.0,500.0,FERRETERIA BELEMITA S.A./2025-10-27_50627102500310107055300100001010000131352100682456.pdf,696,To Carroceria 5/16 X 1,Otros insumos,Otro registrado,Unidad,Otros,4,Baja,No,,
FERRETERIA BELEMITA S.A.,100001010000131352,2025-10-27,ARANDELA PLANA 5/16,10.0,12.1,121.0,FERRETERIA BELEMITA S.A./2025-10-27_50627102500310107055300100001010000131352100682456.pdf,697,Tornillo / fijación,Ferretería,Consumible de obra,Unidad,Múltiples etapas,4,Alta,No,,
FERRETERIA BELEMITA S.A.,100001010000131352,2025-10-27,ARANDELA PLANA 1/4,10.0,7.0,70.0,FERRETERIA BELEMITA S.A./2025-10-27_50627102500310107055300100001010000131352100682456.pdf,698,Tornillo / fijación,Ferretería,Consumible de obra,Unidad,Múltiples etapas,4,Alta,No,,
FERRETERIA BELEMITA S.A.,100001010000133934,2026-01-09,FELPA ANTIGOTA 9 X 3/8 GAM YELLOW STRIPE PELON,1.0,1458.0,1458.0,FERRETERIA BELEMITA S.A./2026-01-09_50609012600310107055300100001010000133934100686431.pdf,699,Brocha / felpa pintura,Pintura,Herramienta/equipo,Unidad,Pintura,3,Alta,No,,
FERRETERIA EPA S.A.,400049010000047026,2025-04-15,Cable tgp 3x12 ng,21.0,1327.43,27876.030000000002,Comprobante_Electronico_3101354271_00400049010000047026.PDF,700,Cable eléctrico,Electricidad,Material permanente,Unidad,Instalación eléctrica,2,Alta,No,,
FERRETERIA EPA S.A.,800051010000000374,2025-06-25,Gloxinia,2.0,1371.68,2743.36,Comprobante_Electronico_3101354271_00800051010000000374.PDF,701,Compra no constructiva,No constructivo,No incorporado,Unidad,No aplica,5,Alta,No,,
FERRETERIA EPA S.A.,800051010000000374,2025-06-25,Cepillo para banos,2.0,2234.51,4469.02,Comprobante_Electronico_3101354271_00800051010000000374.PDF,702,Cepillo Para Banos,Otros insumos,Otro registrado,Unidad,Otros,4,Baja,No,,
FERRETERIA EPA S.A.,800051010000000374,2025-06-25,Aluminio a/c 3x1 1,1.0,1411.5,1411.5,Comprobante_Electronico_3101354271_00800051010000000374.PDF,703,Aluminio A/C 3X1 1,Otros insumos,Otro registrado,Unidad,Otros,4,Baja,No,,
FERRETERIA EPA S.A.,800051010000000374,2025-06-25,Paleta mango marac,1.0,1234.51,1234.51,Comprobante_Electronico_3101354271_00800051010000000374.PDF,704,Paleta Mango Marac,Otros insumos,Otro registrado,Unidad,Otros,4,Baja,No,,
FERRETERIA EPA S.A.,400055010000053136,2025-07-16,Pta lam bellota 95,2.0,35969.03,71938.06,Comprobante_Electronico_3101354271_00400055010000053136.PDF,705,Puerta,Puertas y cerraduras,Material permanente,Unidad,Puertas,3,Alta,No,,
FERRETERIA EPA S.A.,400055010000053136,2025-07-16,Kit puerta barn 2m,2.0,35801.77,71603.54,Comprobante_Electronico_3101354271_00400055010000053136.PDF,706,Puerta,Puertas y cerraduras,Material permanente,Unidad,Puertas,3,Alta,No,,
FERRETERIA EPA S.A.,400055010000053371,2025-07-21,Thinner premium 1,1.0,5911.5,5911.5,Comprobante_Electronico_3101354271_00400055010000053371.PDF,707,Thinner / diluyente,Pintura,Consumible de obra,Unidad,Pintura,3,Alta,No,,
FERRETERIA EPA S.A.,400055010000053371,2025-07-21,Cinta temflex 3m,2.0,809.73,1619.46,Comprobante_Electronico_3101354271_00400055010000053371.PDF,708,Consumible / herramienta de obra,Ferretería,Consumible de obra,Unidad,Múltiples etapas,4,Media,No,,
FERRETERIA EPA S.A.,400055010000053371,2025-07-21,"Gaza ul 3/4"" varil",1.0,1779.65,1779.65,Comprobante_Electronico_3101354271_00400055010000053371.PDF,709,"Gaza Ul 3/4"" Varil",Otros insumos,Otro registrado,Unidad,Otros,4,Baja,No,,
FERRETERIA EPA S.A.,400055010000053371,2025-07-21,Wood stain tinte w,1.0,20397.35,20397.35,Comprobante_Electronico_3101354271_00400055010000053371.PDF,710,Tinte / sellador madera,Pintura madera,Material permanente,Unidad,Carpintería y acabados,4,Alta,No,,
FERRETERIA EPA S.A.,400055010000053371,2025-07-21,"Fibra morado 6x 9,",1.0,1872.57,1872.57,Comprobante_Electronico_3101354271_00400055010000053371.PDF,711,Fibra Morado 6X 9,Otros insumos,Otro registrado,Unidad,Otros,4,Baja,No,,
FERRETERIA EPA S.A.,400055010000053371,2025-07-21,Bisag 3x3 niq sat,2.0,2376.99,4753.98,Comprobante_Electronico_3101354271_00400055010000053371.PDF,712,Cerrajería,Puertas y cerraduras,Material permanente,Unidad,Puertas,3,Alta,No,,
FERRETERIA EPA S.A.,400055010000053371,2025-07-21,Sisa piso 1.5mm 10,6.0,100.0,600.0,Comprobante_Electronico_3101354271_00400055010000053371.PDF,713,Porcelanato / piso,Pisos y enchapes,Material permanente,Unidad,Pisos y enchapes,2,Alta,No,,
FERRETERIA EPA S.A.,400055010000053371,2025-07-21,Led4set 12w a60 fr,1.0,2845.13,2845.13,Comprobante_Electronico_3101354271_00400055010000053371.PDF,714,Accesorio eléctrico (genérico),Electricidad,Material permanente,Unidad,Instalación eléctrica,2,Media,No,,
FERRETERIA EPA S.A.,400055010000053371,2025-07-21,Rej caud al ci 106,2.0,4698.23,9396.46,Comprobante_Electronico_3101354271_00400055010000053371.PDF,715,Rejilla pluvial alto caudal,Plomería pluvial,Material permanente,Unidad,Cubierta|Pluvial,4,Alta,No,,
FERRETERIA EPA S.A.,400055010000053371,2025-07-21,Pta lam bellota 95,1.0,35968.14,35968.14,Comprobante_Electronico_3101354271_00400055010000053371.PDF,716,Puerta,Puertas y cerraduras,Material permanente,Unidad,Puertas,3,Alta,No,,
FERRETERIA EPA S.A.,400055010000053371,2025-07-21,Marco lam bellota,1.0,19142.48,19142.48,Comprobante_Electronico_3101354271_00400055010000053371.PDF,717,Marco puerta,Puertas y cerraduras,Material permanente,Unidad,Puertas,3,Alta,No,,
FERRETERIA EPA S.A.,400055010000053371,2025-07-21,Fanta kolita 355ml,1.0,526.55,526.55,Comprobante_Electronico_3101354271_00400055010000053371.PDF,718,Compra no constructiva,No constructivo,No incorporado,Unidad,No aplica,5,Alta,No,,
FERRETERIA EPA S.A.,200049010000082885,2025-07-22,Bases niveladoras,5.0,1128.32,5641.599999999999,Comprobante_Electronico_3101354271_00200049010000082885.PDF,719,Herramienta / equipo,Herramientas y equipo,Herramienta/equipo,Unidad,No incorporado,5,Alta,No,,
FERRETERIA EPA S.A.,200049010000082885,2025-07-22,Zacate block plus,100.0,1408.85,140885.0,Comprobante_Electronico_3101354271_00200049010000082885.PDF,720,Zacate block,Exteriores,Material permanente,Unidad,Exteriores,4,Alta,No,,
FERRETERIA EPA S.A.,300059010000020819,2025-07-22,"Amarra 6"" negra",1.0,1942.48,1942.48,Comprobante_Electronico_3101354271_00300059010000020819.PDF,721,"Amarra 6"" Negra",Otros insumos,Otro registrado,Unidad,Otros,4,Baja,No,,
FERRETERIA EPA S.A.,300059010000020819,2025-07-22,Tester tomas 3 lin,1.0,5088.5,5088.5,Comprobante_Electronico_3101354271_00300059010000020819.PDF,722,Accesorio eléctrico (genérico),Electricidad,Material permanente,Unidad,Instalación eléctrica,2,Media,No,,
FERRETERIA EPA S.A.,600057010000002699,2025-07-28,Zacate block plus,2.0,1430.09,2860.18,Comprobante_Electronico_3101354271_00600057010000002699.PDF,723,Zacate block,Exteriores,Material permanente,Unidad,Exteriores,4,Alta,No,,
FERRETERIA EPA S.A.,400055010000053813,2025-07-30,Tb abst lav evlb-a,12.0,1900.88,22810.56,Comprobante_Electronico_3101354271_00400055010000053813.PDF,724,Accesorio hidrosanitario (genérico),Plomería,Material permanente,Unidad,Instalaciones hidrosanitarias,2,Media,No,,
FERRETERIA EPA S.A.,400055010000053813,2025-07-30,Clavo rodapie 1 1/,2.0,661.06,1322.12,Comprobante_Electronico_3101354271_00400055010000053813.PDF,725,Rodapié,Pisos y enchapes,Material permanente,Unidad,Pisos y enchapes,2,Alta,No,,
FERRETERIA EPA S.A.,400055010000053813,2025-07-30,"Gypsum pf 2"" 24u",2.0,181.42,362.84,Comprobante_Electronico_3101354271_00400055010000053813.PDF,726,Lámina gypsum 12 mm,Gypsum y liviano,Material permanente,Unidad,Cielos y divisiones,3,Alta,No,,
FERRETERIA EPA S.A.,400055010000053813,2025-07-30,J. secretarial/86,4.0,1653.1,6612.4,Comprobante_Electronico_3101354271_00400055010000053813.PDF,727,J. Secretarial/86,Otros insumos,Otro registrado,Unidad,Otros,4,Baja,No,,
FERRETERIA EPA S.A.,400055010000053813,2025-07-30,Repuesto mopa 60 c,1.0,7791.15,7791.15,Comprobante_Electronico_3101354271_00400055010000053813.PDF,728,Repuesto Mopa 60 C,Otros insumos,Otro registrado,Unidad,Otros,4,Baja,No,,
FERRETERIA EPA S.A.,400055010000053813,2025-07-30,Duretan blanco 300,2.0,4554.87,9109.74,Comprobante_Electronico_3101354271_00400055010000053813.PDF,729,Duretan / sellador juntas,Selladores,Consumible de obra,Unidad,Acabados,4,Alta,No,,
FERRETERIA EPA S.A.,400055010000053813,2025-07-30,Cerradura cilindri,1.0,2907.08,2907.08,Comprobante_Electronico_3101354271_00400055010000053813.PDF,730,Cerrajería,Puertas y cerraduras,Material permanente,Unidad,Puertas,3,Alta,No,,
FERRETERIA EPA S.A.,400055010000053813,2025-07-30,Empotrable movil 9,4.0,1563.72,6254.88,Comprobante_Electronico_3101354271_00400055010000053813.PDF,731,Luminaria empotrable,Electricidad,Material permanente,Unidad,Iluminación,2,Alta,No,,
FERRETERIA EPA S.A.,400055010000053813,2025-07-30,Empotrable led bla,3.0,4108.85,12326.550000000001,Comprobante_Electronico_3101354271_00400055010000053813.PDF,732,Luminaria empotrable,Electricidad,Material permanente,Unidad,Iluminación,2,Alta,No,,
FERRETERIA EPA S.A.,400055010000053813,2025-07-30,Lamp.led techo 18w,3.0,15086.73,45260.19,Comprobante_Electronico_3101354271_00400055010000053813.PDF,733,Iluminación LED,Electricidad,Material permanente,Unidad,Iluminación,2,Alta,No,,
FERRETERIA EPA S.A.,400055010000053813,2025-07-30,Duro tint nogal os,1.0,8418.58,8418.58,Comprobante_Electronico_3101354271_00400055010000053813.PDF,734,Pintura / laca / tinte,Pintura,Material permanente,Unidad,Pintura,3,Alta,No,,
FERRETERIA EPA S.A.,400055010000053813,2025-07-30,Pasta gypsum 5gal,1.0,11618.58,11618.58,Comprobante_Electronico_3101354271_00400055010000053813.PDF,735,Pasta / masilla gypsum,Gypsum y liviano,Material permanente,Envase 5 gal,Cielos y divisiones,3,Alta,No,,
FERRETERIA EPA S.A.,400055010000053813,2025-07-30,Domus seal blanco,1.0,38682.3,38682.3,Comprobante_Electronico_3101354271_00400055010000053813.PDF,736,Sellador concreto,Pintura,Material permanente,Unidad,Pintura,3,Alta,No,,
FERRETERIA EPA S.A.,400055010000053813,2025-07-30,Palo madera 120 cm,2.0,815.04,1630.08,Comprobante_Electronico_3101354271_00400055010000053813.PDF,737,Carpintería / herraje (genérico),Carpintería y mobiliario,Material permanente,Unidad,Mobiliario,3,Media,No,,
FERRETERIA EPA S.A.,400055010000053813,2025-07-30,Gancho piso plasti,1.0,3308.91,3308.91,Comprobante_Electronico_3101354271_00400055010000053813.PDF,738,Porcelanato / piso,Pisos y enchapes,Material permanente,Unidad,Pisos y enchapes,2,Alta,No,,
FERRETERIA EPA S.A.,400055010000053813,2025-07-30,Escoba superior no,1.0,2689.11,2689.11,Comprobante_Electronico_3101354271_00400055010000053813.PDF,739,Escoba Superior No,Otros insumos,Otro registrado,Unidad,Otros,4,Baja,No,,
FERRETERIA EPA S.A.,400055010000053813,2025-07-30,Jugo durazno 330ml,2.0,381.42,762.84,Comprobante_Electronico_3101354271_00400055010000053813.PDF,740,Jugo Durazno 330Ml,Otros insumos,Otro registrado,Unidad,Otros,4,Baja,No,,
FERRETERIA EPA S.A.,500048010000053589,2025-07-30,Herraje minifix 15,28.0,741.59,20764.52,Comprobante_Electronico_3101354271_00500048010000053589.PDF,741,Herraje mobiliario,Carpintería y mobiliario,Material permanente,Unidad,Mobiliario,3,Media,No,,
FERRETERIA EPA S.A.,500048010000053589,2025-07-30,Tornillo perno min,28.0,787.61,22053.08,Comprobante_Electronico_3101354271_00500048010000053589.PDF,742,Tornillo / fijación,Ferretería,Consumible de obra,Unidad,Múltiples etapas,4,Alta,No,,
FERRETERIA EPA S.A.,500048010000053589,2025-07-30,Tarugos 5/16 100 p,2.0,1226.55,2453.1,Comprobante_Electronico_3101354271_00500048010000053589.PDF,743,Tarugos 5/16 100 P,Otros insumos,Otro registrado,Unidad,Otros,4,Baja,No,,
FERRETERIA EPA S.A.,500048010000053589,2025-07-30,Kit mecanizado Os,24.0,1327.43,31858.32,Comprobante_Electronico_3101354271_00500048010000053589.PDF,744,Corte / mecanizado mobiliario,Carpintería y mobiliario,Servicio,Unidad,Mobiliario,3,Alta,No,,
FERRETERIA EPA S.A.,500048010000053589,2025-07-30,Par de soportes p/,5.0,324.78,1623.8999999999999,Comprobante_Electronico_3101354271_00500048010000053589.PDF,745,Carpintería / herraje (genérico),Carpintería y mobiliario,Material permanente,Unidad,Mobiliario,3,Media,No,,
FERRETERIA EPA S.A.,500048010000053589,2025-07-30,Tubo acero cromo 3,2.0,2551.33,5102.66,Comprobante_Electronico_3101354271_00500048010000053589.PDF,746,Metal / perfil (genérico),Estructura metálica,Material permanente,Unidad,Estructura|Cubierta,2,Media,No,,
FERRETERIA EPA S.A.,500048010000053589,2025-07-30,"Madera 8x1 1 4"" 30",1.0,365.49,365.49,Comprobante_Electronico_3101354271_00500048010000053589.PDF,747,Carpintería / herraje (genérico),Carpintería y mobiliario,Material permanente,Unidad,Mobiliario,3,Media,No,,
FERRETERIA EPA S.A.,500048010000053589,2025-07-30,Riel c/l extensio,4.0,4654.87,18619.48,Comprobante_Electronico_3101354271_00500048010000053589.PDF,748,Riel / soporte mobiliario,Carpintería y mobiliario,Material permanente,Unidad,Mobiliario,3,Alta,No,,
FERRETERIA EPA S.A.,500048010000053589,2025-07-30,Pata plastica c/ni,32.0,278.76,8920.32,Comprobante_Electronico_3101354271_00500048010000053589.PDF,749,Herraje mobiliario,Carpintería y mobiliario,Material permanente,Unidad,Mobiliario,3,Media,No,,
FERRETERIA EPA S.A.,500048010000053589,2025-07-30,Clip para pata pla,32.0,87.61,2803.52,Comprobante_Electronico_3101354271_00500048010000053589.PDF,750,Carpintería / herraje (genérico),Carpintería y mobiliario,Material permanente,Unidad,Mobiliario,3,Media,No,,
FERRETERIA EPA S.A.,500048010000053589,2025-07-30,Rodapie alu 10x400,3.0,5127.43,15382.29,Comprobante_Electronico_3101354271_00500048010000053589.PDF,751,Rodapié,Pisos y enchapes,Material permanente,Unidad,Pisos y enchapes,2,Alta,No,,
FERRETERIA EPA S.A.,500048010000053589,2025-07-30,Rodapie alu 10x400,8.0,5127.43,41019.44,Comprobante_Electronico_3101354271_00500048010000053589.PDF,752,Rodapié,Pisos y enchapes,Material permanente,Unidad,Pisos y enchapes,2,Alta,No,,
FERRETERIA EPA S.A.,500048010000053589,2025-07-30,Perforacion de bis Os,19.0,438.05,8322.95,Comprobante_Electronico_3101354271_00500048010000053589.PDF,753,Bisagra,Puertas y cerraduras,Material permanente,Unidad,Puertas|Mobiliario,3,Alta,No,,
FERRETERIA EPA S.A.,500048010000053589,2025-07-30,Bisagra recta 35 c,19.0,1407.08,26734.519999999997,Comprobante_Electronico_3101354271_00500048010000053589.PDF,754,Cerrajería,Puertas y cerraduras,Material permanente,Unidad,Puertas,3,Alta,No,,
FERRETERIA EPA S.A.,500048010000053589,2025-07-30,Push-to-open senci,19.0,405.31,7700.89,Comprobante_Electronico_3101354271_00500048010000053589.PDF,755,Herraje mobiliario,Carpintería y mobiliario,Material permanente,Unidad,Mobiliario,3,Media,No,,
FERRETERIA EPA S.A.,500048010000053589,2025-07-30,Riel c/l extensio,3.0,5663.72,16991.16,Comprobante_Electronico_3101354271_00500048010000053589.PDF,756,Riel / soporte mobiliario,Carpintería y mobiliario,Material permanente,Unidad,Mobiliario,3,Alta,No,,
FERRETERIA EPA S.A.,500048010000053589,2025-07-30,"Madera 8x1 1 4"" 30",1.0,365.49,365.49,Comprobante_Electronico_3101354271_00500048010000053589.PDF,757,Carpintería / herraje (genérico),Carpintería y mobiliario,Material permanente,Unidad,Mobiliario,3,Media,No,,
FERRETERIA EPA S.A.,500048010000053589,2025-07-30,Tornillo ensamb 6x,9.0,928.32,8354.880000000001,Comprobante_Electronico_3101354271_00500048010000053589.PDF,758,Tornillo / fijación,Ferretería,Consumible de obra,Unidad,Múltiples etapas,4,Alta,No,,
FERRETERIA EPA S.A.,500048010000053589,2025-07-30,Lm txtl cncn 19mm,5.0,39491.15,197455.75,Comprobante_Electronico_3101354271_00500048010000053589.PDF,759,Melamina,Carpintería y mobiliario,Material permanente,Unidad,Mobiliario,3,Alta,No,,
FERRETERIA EPA S.A.,500048010000053589,2025-07-30,Lm nble elm 19mm f,6.0,39417.7,236506.19999999998,Comprobante_Electronico_3101354271_00500048010000053589.PDF,760,Melamina,Carpintería y mobiliario,Material permanente,Unidad,Mobiliario,3,Alta,No,,
FERRETERIA EPA S.A.,500048010000053589,2025-07-30,Lm anthrac 19mm fg,1.0,35636.28,35636.28,Comprobante_Electronico_3101354271_00500048010000053589.PDF,761,Melamina / tablero,Carpintería y mobiliario,Material permanente,Unidad,Mobiliario,3,Alta,No,,
FERRETERIA EPA S.A.,500048010000053589,2025-07-30,Tpcanto textil 22x,149.0,130.97,19514.53,Comprobante_Electronico_3101354271_00500048010000053589.PDF,762,Canto PVC mobiliario,Carpintería y mobiliario,Material permanente,Unidad,Mobiliario,3,Alta,No,,
FERRETERIA EPA S.A.,500048010000053589,2025-07-30,Canto de pvc 22/0.,197.0,120.35,23708.949999999997,Comprobante_Electronico_3101354271_00500048010000053589.PDF,763,Canto PVC mobiliario,Carpintería y mobiliario,Material permanente,Unidad,Mobiliario,3,Alta,No,,
FERRETERIA EPA S.A.,500048010000053589,2025-07-30,Tapacanto anthraci,20.0,112.39,2247.8,Comprobante_Electronico_3101354271_00500048010000053589.PDF,764,Tapacanto,Carpintería y mobiliario,Material permanente,Unidad,Mobiliario,3,Alta,No,,
FERRETERIA EPA S.A.,500048010000053589,2025-07-30,J. secretarial/86,3.0,1653.1,4959.299999999999,Comprobante_Electronico_3101354271_00500048010000053589.PDF,765,J. Secretarial/86,Otros insumos,Otro registrado,Unidad,Otros,4,Baja,No,,
FERRETERIA EPA S.A.,800090010000000966,2025-07-31,MUEBLE BAÑO LAVAMANOS WENGUE 88X40 CM,1.0,55747.79,55747.79,Comprobante_Electronico_3101354271_00800090010000000966.PDF,766,Lavamanos,Sanitarios,Material permanente,Unidad,Aparatos sanitarios,3,Alta,No,,
FERRETERIA EPA S.A.,500041010000012518,2025-07-31,Esquinero 100mm pv,8.0,398.23,3185.84,Comprobante_Electronico_3101354271_00500041010000012518.PDF,767,Moldura / esquinero,Acabados,Material permanente,Unidad,Acabados,4,Alta,No,,
FERRETERIA EPA S.A.,400055010000054091,2025-08-05,Pasta gypsum 5gal,1.0,14898.23,14898.23,Comprobante_Electronico_3101354271_00400055010000054091.PDF,768,Pasta / masilla gypsum,Gypsum y liviano,Material permanente,Envase 5 gal,Cielos y divisiones,3,Alta,No,,
FERRETERIA EPA S.A.,400055010000054091,2025-08-05,Pre seal blc 5gal,2.0,39778.76,79557.52,Comprobante_Electronico_3101354271_00400055010000054091.PDF,769,Sellador concreto,Pintura,Material permanente,Envase 5 gal,Pintura,3,Alta,No,,
FERRETERIA EPA S.A.,400055010000054091,2025-08-05,"Gypsum pf 6x1 1/4""",1.0,1545.13,1545.13,Comprobante_Electronico_3101354271_00400055010000054091.PDF,770,Lámina gypsum 12 mm,Gypsum y liviano,Material permanente,Unidad,Cielos y divisiones,3,Alta,No,,
FERRETERIA EPA S.A.,400055010000054091,2025-08-05,Cemento holcim 50,13.0,5619.47,73053.11,Comprobante_Electronico_3101354271_00400055010000054091.PDF,771,Cemento gris 50 kg,Cemento y concretos,Material permanente,Saco 50 kg,Cimentación|Estructura|Mampostería|Contrapiso,1,Alta,No,50.0,112.3894
FERRETERIA EPA S.A.,400055010000054091,2025-08-05,"Tubo sdr50 2"" 6m b",1.0,3701.77,3701.77,Comprobante_Electronico_3101354271_00400055010000054091.PDF,772,PVC sanitario 2 in x 6 m,Plomería sanitaria,Material permanente,Pieza 6 m,Instalación sanitaria,2,Alta,No,,
FERRETERIA EPA S.A.,400055010000054091,2025-08-05,"Codo sanit 90x2""",2.0,556.64,1113.28,Comprobante_Electronico_3101354271_00400055010000054091.PDF,773,Accesorio PVC sanitario,Plomería sanitaria,Material permanente,Unidad,Instalación sanitaria,2,Alta,No,,
FERRETERIA EPA S.A.,400055010000054091,2025-08-05,"Te 4"" pd sdr32,5",2.0,3632.74,7265.48,Comprobante_Electronico_3101354271_00400055010000054091.PDF,774,Tee sanitaria,Plomería sanitaria,Material permanente,Unidad,Instalación sanitaria,2,Alta,No,,
FERRETERIA EPA S.A.,400055010000054091,2025-08-05,"Reduccion 4x2"" pd",1.0,2015.93,2015.93,Comprobante_Electronico_3101354271_00400055010000054091.PDF,775,Reducción sanitaria,Plomería sanitaria,Material permanente,Unidad,Instalación sanitaria,2,Alta,No,,
FERRETERIA EPA S.A.,400055010000054091,2025-08-05,Codo san 45x2 pd,2.0,506.19,1012.38,Comprobante_Electronico_3101354271_00400055010000054091.PDF,776,Codo sanitario,Plomería sanitaria,Material permanente,Unidad,Instalación sanitaria,2,Alta,No,,
FERRETERIA EPA S.A.,400055010000054091,2025-08-05,Felpa antigot 9x1/,2.0,1892.04,3784.08,Comprobante_Electronico_3101354271_00400055010000054091.PDF,777,Brocha / felpa pintura,Pintura,Herramienta/equipo,Unidad,Pintura,3,Alta,No,,
FERRETERIA EPA S.A.,500046010000054401,2025-08-11,Flete ruta #6 livi Os,1.0,21942.48,21942.48,Comprobante_Electronico_3101354271_00500046010000054401.PDF,778,Transporte / flete,Servicios,Servicio,Unidad,Logística,5,Alta,No,,
FERRETERIA EPA S.A.,500042010000022369,2025-08-11,Grip bond n3 946 m,1.0,5442.48,5442.48,Comprobante_Electronico_3101354271_00500042010000022369.PDF,779,Adhesivo / sellador,Adhesivos y selladores,Consumible de obra,Unidad,Acabados,4,Alta,No,,
FERRETERIA EPA S.A.,500042010000022369,2025-08-11,Prensa 24 apertu,1.0,13292.92,13292.92,Comprobante_Electronico_3101354271_00500042010000022369.PDF,780,Herramienta manual,Herramientas y equipo,Herramienta/equipo,Unidad,No incorporado,5,Alta,No,,
FERRETERIA EPA S.A.,500042010000022369,2025-08-11,Bk 2x100ch enchufa,1.0,31848.67,31848.67,Comprobante_Electronico_3101354271_00500042010000022369.PDF,781,Accesorio eléctrico (genérico),Electricidad,Material permanente,Unidad,Instalación eléctrica,2,Media,No,,
FERRETERIA EPA S.A.,500042010000022369,2025-08-11,"Elec #1 4,11 2,2x6",1.0,10884.07,10884.07,Comprobante_Electronico_3101354271_00500042010000022369.PDF,782,Elec #1 4 11 2 2X6,Otros insumos,Otro registrado,Unidad,Otros,4,Baja,No,,
FERRETERIA EPA S.A.,500042010000022369,2025-08-11,Bk 1x20 qo enchufa,2.0,4369.91,8739.82,Comprobante_Electronico_3101354271_00500042010000022369.PDF,783,Accesorio eléctrico (genérico),Electricidad,Material permanente,Unidad,Instalación eléctrica,2,Media,No,,
FERRETERIA EPA S.A.,300053010000061011,2025-08-12,Aceite wd-40 8 onz,1.0,2194.69,2194.69,Comprobante_Electronico_3101354271_00300053010000061011.PDF,784,Aceite Wd-40 8 Onz,Otros insumos,Otro registrado,Unidad,Otros,4,Baja,No,,
FERRETERIA EPA S.A.,300053010000061011,2025-08-12,Lamp.led techo 18w,1.0,14998.23,14998.23,Comprobante_Electronico_3101354271_00300053010000061011.PDF,785,Iluminación LED,Electricidad,Material permanente,Unidad,Iluminación,2,Alta,No,,
FERRETERIA EPA S.A.,300053010000061011,2025-08-12,Vent.enroscable le,1.0,8060.18,8060.18,Comprobante_Electronico_3101354271_00300053010000061011.PDF,786,Accesorio eléctrico (genérico),Electricidad,Material permanente,Unidad,Instalación eléctrica,2,Media,No,,
FERRETERIA EPA S.A.,400055010000054714,2025-08-18,Cocina parche 50a,1.0,2244.25,2244.25,Comprobante_Electronico_3101354271_00400055010000054714.PDF,787,Cocina Parche 50A,Otros insumos,Otro registrado,Unidad,Otros,4,Baja,No,,
FERRETERIA EPA S.A.,400055010000054714,2025-08-18,Cemento contacto 4,1.0,1796.46,1796.46,Comprobante_Electronico_3101354271_00400055010000054714.PDF,788,Cemento contacto,Adhesivos,Consumible de obra,Unidad,Carpintería y acabados,4,Alta,No,,
FERRETERIA EPA S.A.,400055010000054714,2025-08-18,Broca concreto 3/8,1.0,2292.92,2292.92,Comprobante_Electronico_3101354271_00400055010000054714.PDF,789,Herramienta / equipo,Herramientas y equipo,Herramienta/equipo,Unidad,No incorporado,5,Alta,No,,
FERRETERIA EPA S.A.,400055010000054714,2025-08-18,Anclaje radial 10,7.0,492.92,3450.44,Comprobante_Electronico_3101354271_00400055010000054714.PDF,790,Tornillo / fijación,Ferretería,Consumible de obra,Unidad,Múltiples etapas,4,Alta,No,,
FERRETERIA EPA S.A.,400055010000054714,2025-08-18,"Metal plan 14x2""",7.0,286.73,2007.1100000000001,Comprobante_Electronico_3101354271_00400055010000054714.PDF,791,Metal / perfil (genérico),Estructura metálica,Material permanente,Unidad,Estructura|Cubierta,2,Media,No,,
FERRETERIA EPA S.A.,400055010000054714,2025-08-18,"Gypsum pf 1 1 4"" 5",4.0,165.49,661.96,Comprobante_Electronico_3101354271_00400055010000054714.PDF,792,Lámina gypsum 12 mm,Gypsum y liviano,Material permanente,Unidad,Cielos y divisiones,3,Alta,No,,
FERRETERIA EPA S.A.,400055010000054714,2025-08-18,"Madera 8x3 4"" 50u",2.0,389.38,778.76,Comprobante_Electronico_3101354271_00400055010000054714.PDF,793,Carpintería / herraje (genérico),Carpintería y mobiliario,Material permanente,Unidad,Mobiliario,3,Media,No,,
FERRETERIA EPA S.A.,400055010000054714,2025-08-18,Plata placa ciega,5.0,692.92,3464.6,Comprobante_Electronico_3101354271_00400055010000054714.PDF,794,Accesorio eléctrico,Electricidad,Material permanente,Unidad,Instalación eléctrica,2,Alta,No,,
FERRETERIA EPA S.A.,400055010000054714,2025-08-18,Doble bl aguila su,1.0,669.03,669.03,Comprobante_Electronico_3101354271_00400055010000054714.PDF,795,Doble Bl Aguila Su,Otros insumos,Otro registrado,Unidad,Otros,4,Baja,No,,
FERRETERIA EPA S.A.,400055010000054714,2025-08-18,Canto de pvc 22/0.,15.0,120.35,1805.25,Comprobante_Electronico_3101354271_00400055010000054714.PDF,796,Canto PVC mobiliario,Carpintería y mobiliario,Material permanente,Unidad,Mobiliario,3,Alta,No,,
FERRETERIA EPA S.A.,400055010000054714,2025-08-18,Laurel 20x45x3344,4.0,2037.17,8148.68,Comprobante_Electronico_3101354271_00400055010000054714.PDF,797,Madera laurel,Madera,Material permanente,Unidad,Carpintería,4,Alta,No,,
FERRETERIA EPA S.A.,400055010000054714,2025-08-18,Lav estella blanco,2.0,26603.54,53207.08,Comprobante_Electronico_3101354271_00400055010000054714.PDF,798,Accesorio hidrosanitario (genérico),Plomería,Material permanente,Unidad,Instalaciones hidrosanitarias,2,Media,No,,
FERRETERIA EPA S.A.,500042010000022708,2025-08-19,"Moldura j 1 2""x10f",4.0,676.11,2704.44,Comprobante_Electronico_3101354271_00500042010000022708.PDF,799,Moldura / esquinero,Acabados,Material permanente,Unidad,Acabados,4,Alta,No,,
FERRETERIA EPA S.A.,500042010000022708,2025-08-19,Sifon flex pvc 1 1,1.0,4083.19,4083.19,Comprobante_Electronico_3101354271_00500042010000022708.PDF,800,Sifón sanitario,Plomería sanitaria,Material permanente,Unidad,Instalación sanitaria,2,Alta,No,,
FERRETERIA EPA S.A.,500042010000022708,2025-08-19,Bases niveladoras,4.0,1135.4,4541.6,Comprobante_Electronico_3101354271_00500042010000022708.PDF,801,Herramienta / equipo,Herramientas y equipo,Herramienta/equipo,Unidad,No incorporado,5,Alta,No,,
FERRETERIA EPA S.A.,500042010000022708,2025-08-19,Sisa piso 1.5mm 10,6.0,100.0,600.0,Comprobante_Electronico_3101354271_00500042010000022708.PDF,802,Porcelanato / piso,Pisos y enchapes,Material permanente,Unidad,Pisos y enchapes,2,Alta,No,,
FERRETERIA EPA S.A.,500042010000022708,2025-08-19,Sifon flex corruga,3.0,1109.73,3329.19,Comprobante_Electronico_3101354271_00500042010000022708.PDF,803,Sifón sanitario,Plomería sanitaria,Material permanente,Unidad,Instalación sanitaria,2,Alta,No,,
FERRETERIA EPA S.A.,500042010000022708,2025-08-19,Desag lav rejilla,2.0,606.19,1212.38,Comprobante_Electronico_3101354271_00500042010000022708.PDF,804,Accesorio hidrosanitario (genérico),Plomería,Material permanente,Unidad,Instalaciones hidrosanitarias,2,Media,No,,
FERRETERIA EPA S.A.,500042010000022708,2025-08-19,"Angular 1"" 4u",3.0,1275.22,3825.66,Comprobante_Electronico_3101354271_00500042010000022708.PDF,805,Angular metálico,Estructura metálica,Material permanente,Unidad,Estructura|Carpintería metálica,2,Alta,No,,
FERRETERIA EPA S.A.,500042010000022708,2025-08-19,Grifo para lavaman,2.0,23849.56,47699.12,Comprobante_Electronico_3101354271_00500042010000022708.PDF,806,Lavamanos,Sanitarios,Material permanente,Unidad,Aparatos sanitarios,3,Alta,No,,
FERRETERIA EPA S.A.,500042010000022708,2025-08-19,Palitos jl 1.84oz,1.0,2057.52,2057.52,Comprobante_Electronico_3101354271_00500042010000022708.PDF,807,Palitos Jl 1.84Oz,Otros insumos,Otro registrado,Unidad,Otros,4,Baja,No,,
FERRETERIA EPA S.A.,400055010000054862,2025-08-20,Cemento holcim 50,8.0,5619.47,44955.76,Comprobante_Electronico_3101354271_00400055010000054862.PDF,808,Cemento gris 50 kg,Cemento y concretos,Material permanente,Saco 50 kg,Cimentación|Estructura|Mampostería|Contrapiso,1,Alta,No,50.0,112.3894
FERRETERIA EPA S.A.,400055010000054862,2025-08-20,Bondex plus 25 kg,8.0,4559.29,36474.32,Comprobante_Electronico_3101354271_00400055010000054862.PDF,809,Bondex Plus 25 kg,Adhesivos cerámicos,Material permanente,Saco/bolsa 25 kg,Pisos y enchapes,2,Alta,No,25.0,182.3716
FERRETERIA EPA S.A.,500042010000022783,2025-08-20,Tpcanto textil 22x,5.0,130.97,654.85,Comprobante_Electronico_3101354271_00500042010000022783.PDF,810,Canto PVC mobiliario,Carpintería y mobiliario,Material permanente,Unidad,Mobiliario,3,Alta,No,,
FERRETERIA EPA S.A.,400055010000054826,2025-08-20,Negro 1.68mm #16,5.0,518.58,2592.9,Comprobante_Electronico_3101354271_00400055010000054826.PDF,811,Alambre negro recocido #16,Acero refuerzo,Consumible de obra,Unidad,Cimentación|Estructura,1,Alta,No,,
FERRETERIA EPA S.A.,400055010000054826,2025-08-20,Zacate block plus,80.0,1428.32,114265.59999999999,Comprobante_Electronico_3101354271_00400055010000054826.PDF,812,Zacate block,Exteriores,Material permanente,Unidad,Exteriores,4,Alta,No,,
FERRETERIA EPA S.A.,500061010000003268,2025-08-22,Cemento contacto 8,1.0,2721.24,2721.24,Comprobante_Electronico_3101354271_00500061010000003268.PDF,813,Cemento contacto,Adhesivos,Consumible de obra,Unidad,Carpintería y acabados,4,Alta,No,,
FERRETERIA EPA S.A.,500061010000003268,2025-08-22,Bisagra recta 35 m,3.0,858.41,2575.23,Comprobante_Electronico_3101354271_00500061010000003268.PDF,814,Cerrajería,Puertas y cerraduras,Material permanente,Unidad,Puertas,3,Alta,No,,
FERRETERIA EPA S.A.,500061010000003268,2025-08-22,Alm esquinas,1.0,2323.01,2323.01,Comprobante_Electronico_3101354271_00500061010000003268.PDF,815,Alm Esquinas,Otros insumos,Otro registrado,Unidad,Otros,4,Baja,No,,
FERRETERIA EPA S.A.,400055010000055076,2025-08-25,"Lla cho ros 1/2""",1.0,3292.04,3292.04,Comprobante_Electronico_3101354271_00400055010000055076.PDF,816,"Lla Cho Ros 1/2""",Otros insumos,Otro registrado,Unidad,Otros,4,Baja,No,,
FERRETERIA EPA S.A.,400055010000055076,2025-08-25,Llave para jardin,1.0,734.51,734.51,Comprobante_Electronico_3101354271_00400055010000055076.PDF,817,Accesorio hidrosanitario (genérico),Plomería,Material permanente,Unidad,Instalaciones hidrosanitarias,2,Media,No,,
FERRETERIA EPA S.A.,400055010000055076,2025-08-25,"Niple hc 1/2"" x tr",7.0,238.94,1672.58,Comprobante_Electronico_3101354271_00400055010000055076.PDF,818,Niple / accesorio HG,Plomería,Material permanente,Unidad,Instalaciones hidrosanitarias,2,Alta,No,,
FERRETERIA EPA S.A.,400055010000055076,2025-08-25,Tapa emt cuadrad s,1.0,239.82,239.82,Comprobante_Electronico_3101354271_00400055010000055076.PDF,819,Accesorio eléctrico EMT,Electricidad,Material permanente,Unidad,Instalación eléctrica,2,Alta,No,,
FERRETERIA EPA S.A.,400055010000055076,2025-08-25,Placa ciega metal,1.0,846.02,846.02,Comprobante_Electronico_3101354271_00400055010000055076.PDF,820,Metal / perfil (genérico),Estructura metálica,Material permanente,Unidad,Estructura|Cubierta,2,Media,No,,
FERRETERIA EPA S.A.,400055010000055076,2025-08-25,Grif individual cr,1.0,3633.63,3633.63,Comprobante_Electronico_3101354271_00400055010000055076.PDF,821,Grifería,Sanitarios,Material permanente,Unidad,Aparatos sanitarios,3,Alta,No,,
FERRETERIA EPA S.A.,400055010000055076,2025-08-25,"Teflon aleman 1/2""",2.0,199.12,398.24,Comprobante_Electronico_3101354271_00400055010000055076.PDF,822,Cinta teflón,Plomería,Consumible de obra,Unidad,Instalaciones hidrosanitarias,2,Alta,No,,
FERRETERIA EPA S.A.,600049010000075357,2025-08-25,Tpcanto textil 19x,5.0,114.16,570.8,Comprobante_Electronico_3101354271_00600049010000075357.PDF,823,Canto PVC mobiliario,Carpintería y mobiliario,Material permanente,Unidad,Mobiliario,3,Alta,No,,
FERRETERIA EPA S.A.,600049010000075357,2025-08-25,Tpcanto noble elm,5.0,126.55,632.75,Comprobante_Electronico_3101354271_00600049010000075357.PDF,824,Canto PVC mobiliario,Carpintería y mobiliario,Material permanente,Unidad,Mobiliario,3,Alta,No,,
FERRETERIA EPA S.A.,600049010000075357,2025-08-25,Tap mel 0164 pe 22,5.0,364.6,1823.0,Comprobante_Electronico_3101354271_00600049010000075357.PDF,825,Tap Mel 0164 Pe 22,Otros insumos,Otro registrado,Unidad,Otros,4,Baja,No,,
FERRETERIA EPA S.A.,600049010000075357,2025-08-25,Cortad ceram 24,1.0,21876.11,21876.11,Comprobante_Electronico_3101354271_00600049010000075357.PDF,826,Herramienta eléctrica,Herramientas y equipo,Herramienta/equipo,Unidad,No incorporado,5,Alta,No,,
FERRETERIA EPA S.A.,600049010000075357,2025-08-25,Tapator chantilly,1.0,623.89,623.89,Comprobante_Electronico_3101354271_00600049010000075357.PDF,827,Tapator Chantilly,Otros insumos,Otro registrado,Unidad,Otros,4,Baja,No,,
FERRETERIA EPA S.A.,400055010000055325,2025-08-29,Bases niveladoras,6.0,1137.17,6823.02,Comprobante_Electronico_3101354271_00400055010000055325.PDF,828,Herramienta / equipo,Herramientas y equipo,Herramienta/equipo,Unidad,No incorporado,5,Alta,No,,
FERRETERIA EPA S.A.,400055010000055325,2025-08-29,Multi-flex #180 4x,3.0,769.03,2307.09,Comprobante_Electronico_3101354271_00400055010000055325.PDF,829,Multi-Flex #180 4X,Otros insumos,Otro registrado,Unidad,Otros,4,Baja,No,,
FERRETERIA EPA S.A.,400055010000055325,2025-08-29,"Ct enm mp 1"" x 25m",2.0,756.64,1513.28,Comprobante_Electronico_3101354271_00400055010000055325.PDF,830,"Ct Enm Mp 1"" X 25M",Otros insumos,Otro registrado,Unidad,Otros,4,Baja,No,,
FERRETERIA EPA S.A.,400055010000055325,2025-08-29,"Union transic 1/2""",2.0,1231.86,2463.72,Comprobante_Electronico_3101354271_00400055010000055325.PDF,831,Accesorio hidrosanitario (genérico),Plomería,Material permanente,Unidad,Instalaciones hidrosanitarias,2,Media,No,,
FERRETERIA EPA S.A.,400055010000055325,2025-08-29,Masking tape 50mx1,3.0,2716.81,8150.43,Comprobante_Electronico_3101354271_00400055010000055325.PDF,832,Cinta masking,Pintura,Consumible de obra,Unidad,Pintura,3,Alta,No,,
FERRETERIA EPA S.A.,400055010000055325,2025-08-29,"Anc cuNa 3/8x3""",3.0,1223.89,3671.67,Comprobante_Electronico_3101354271_00400055010000055325.PDF,833,"Anc Cuna 3/8X3""",Otros insumos,Otro registrado,Unidad,Otros,4,Baja,No,,
FERRETERIA EPA S.A.,400055010000055325,2025-08-29,Anillo 3/16 12-10a,1.0,744.25,744.25,Comprobante_Electronico_3101354271_00400055010000055325.PDF,834,Anillo 3/16 12-10A,Otros insumos,Otro registrado,Unidad,Otros,4,Baja,No,,
FERRETERIA EPA S.A.,400055010000055325,2025-08-29,"4pack brochas 2""",1.0,2708.85,2708.85,Comprobante_Electronico_3101354271_00400055010000055325.PDF,835,Consumible / herramienta de obra,Ferretería,Consumible de obra,Unidad,Múltiples etapas,4,Media,No,,
FERRETERIA EPA S.A.,400055010000055325,2025-08-29,"Gypsum pf 2 1 2""",1.0,2261.06,2261.06,Comprobante_Electronico_3101354271_00400055010000055325.PDF,836,Lámina gypsum 12 mm,Gypsum y liviano,Material permanente,Unidad,Cielos y divisiones,3,Alta,No,,
FERRETERIA EPA S.A.,400055010000055325,2025-08-29,Lija agua 100 3m,15.0,330.97,4964.55,Comprobante_Electronico_3101354271_00400055010000055325.PDF,837,Lija,Pintura y acabados,Consumible de obra,Unidad,Acabados,4,Alta,No,,
FERRETERIA EPA S.A.,400055010000055325,2025-08-29,Lija roja #220 9x1,11.0,304.42,3348.6200000000003,Comprobante_Electronico_3101354271_00400055010000055325.PDF,838,Lija,Pintura y acabados,Consumible de obra,Unidad,Acabados,4,Alta,No,,
FERRETERIA EPA S.A.,400055010000055325,2025-08-29,Sellador madera te,1.0,4099.12,4099.12,Comprobante_Electronico_3101354271_00400055010000055325.PDF,839,Tinte / sellador madera,Pintura madera,Material permanente,Unidad,Carpintería y acabados,4,Alta,No,,
FERRETERIA EPA S.A.,400055010000055325,2025-08-29,Cerroj pantalla ta,1.0,62787.61,62787.61,Comprobante_Electronico_3101354271_00400055010000055325.PDF,840,Cerrajería,Puertas y cerraduras,Material permanente,Unidad,Puertas,3,Alta,No,,
FERRETERIA EPA S.A.,400055010000055325,2025-08-29,Marcseg pino 30x85,6.0,11980.53,71883.18000000001,Comprobante_Electronico_3101354271_00400055010000055325.PDF,841,Madera pino,Madera,Material/consumible,Unidad,Formaleta|Carpintería,4,Alta,No,,
FERRETERIA EPA S.A.,400055010000055325,2025-08-29,Bondex plus 25 kg,10.0,4554.87,45548.7,Comprobante_Electronico_3101354271_00400055010000055325.PDF,842,Bondex Plus 25 kg,Adhesivos cerámicos,Material permanente,Saco/bolsa 25 kg,Pisos y enchapes,2,Alta,No,25.0,182.1948
FERRETERIA EPA S.A.,400055010000055325,2025-08-29,Pta lam cedro 95x2,1.0,33238.94,33238.94,Comprobante_Electronico_3101354271_00400055010000055325.PDF,843,Puerta,Puertas y cerraduras,Material permanente,Unidad,Puertas,3,Alta,No,,
FERRETERIA EPA S.A.,400055010000055623,2025-09-04,Lija roja #220 9x1,5.0,304.42,1522.1000000000001,Comprobante_Electronico_3101354271_00400055010000055623.PDF,844,Lija,Pintura y acabados,Consumible de obra,Unidad,Acabados,4,Alta,No,,
FERRETERIA EPA S.A.,400055010000055623,2025-09-04,Multi-flex #180 4x,1.0,769.03,769.03,Comprobante_Electronico_3101354271_00400055010000055623.PDF,845,Multi-Flex #180 4X,Otros insumos,Otro registrado,Unidad,Otros,4,Baja,No,,
FERRETERIA EPA S.A.,400055010000055623,2025-09-04,Led 18w ch cuad fr,1.0,5443.36,5443.36,Comprobante_Electronico_3101354271_00400055010000055623.PDF,846,Iluminación LED,Electricidad,Material permanente,Unidad,Iluminación,2,Alta,No,,
FERRETERIA EPA S.A.,400055010000055623,2025-09-04,Thinner premium 1,1.0,5912.39,5912.39,Comprobante_Electronico_3101354271_00400055010000055623.PDF,847,Thinner / diluyente,Pintura,Consumible de obra,Unidad,Pintura,3,Alta,No,,
FERRETERIA EPA S.A.,400055010000055623,2025-09-04,Bo 1kg mecha de me,1.0,3693.81,3693.81,Comprobante_Electronico_3101354271_00400055010000055623.PDF,848,Bo 1Kg Mecha De Me,Otros insumos,Otro registrado,Saco/bolsa 1 kg,Otros,4,Baja,No,1.0,3693.81
FERRETERIA EPA S.A.,400055010000055623,2025-09-04,Bisag 3x3 lat sat,1.0,1551.33,1551.33,Comprobante_Electronico_3101354271_00400055010000055623.PDF,849,Cerrajería,Puertas y cerraduras,Material permanente,Unidad,Puertas,3,Alta,No,,
FERRETERIA EPA S.A.,400055010000055623,2025-09-04,Bisag 3x3 niq sat,5.0,2378.76,11893.800000000001,Comprobante_Electronico_3101354271_00400055010000055623.PDF,850,Cerrajería,Puertas y cerraduras,Material permanente,Unidad,Puertas,3,Alta,No,,
FERRETERIA EPA S.A.,400055010000055623,2025-09-04,Revestimiento ex 1,1.0,8805.31,8805.31,Comprobante_Electronico_3101354271_00400055010000055623.PDF,851,Revestimiento,Pintura y revestimientos,Material permanente,Unidad,Acabados,4,Alta,No,,
FERRETERIA EPA S.A.,400055010000055623,2025-09-04,Led 25w ch cuad fr,5.0,8395.58,41977.9,Comprobante_Electronico_3101354271_00400055010000055623.PDF,852,Iluminación LED,Electricidad,Material permanente,Unidad,Iluminación,2,Alta,No,,
FERRETERIA EPA S.A.,400055010000055623,2025-09-04,Inodoro de 1 pza b,3.0,46858.41,140575.23,Comprobante_Electronico_3101354271_00400055010000055623.PDF,853,Inodoro,Sanitarios,Material permanente,Unidad,Aparatos sanitarios,3,Alta,No,,
FERRETERIA EPA S.A.,400055010000055623,2025-09-04,Difusor prisma 2x4,5.0,3979.65,19898.25,Comprobante_Electronico_3101354271_00400055010000055623.PDF,854,Iluminación LED,Electricidad,Material permanente,Unidad,Iluminación,2,Alta,No,,
FERRETERIA EPA S.A.,400055010000055623,2025-09-04,1/4 red laur 19x19,80.0,230.97,18477.6,Comprobante_Electronico_3101354271_00400055010000055623.PDF,855,Madera laurel,Madera,Material permanente,Unidad,Carpintería,4,Alta,No,,
FERRETERIA EPA S.A.,400055010000055623,2025-09-04,Puerta weng 75x210,1.0,35993.81,35993.81,Comprobante_Electronico_3101354271_00400055010000055623.PDF,856,Puerta,Puertas y cerraduras,Material permanente,Unidad,Puertas,3,Alta,No,,
FERRETERIA EPA S.A.,400055010000055623,2025-09-04,Puerta weng 95x210,1.0,34584.96,34584.96,Comprobante_Electronico_3101354271_00400055010000055623.PDF,857,Puerta,Puertas y cerraduras,Material permanente,Unidad,Puertas,3,Alta,No,,
FERRETERIA EPA S.A.,400055010000055623,2025-09-04,Repello fino bco,2.0,4862.83,9725.66,Comprobante_Electronico_3101354271_00400055010000055623.PDF,858,Mortero repello,Morteros,Material permanente,Unidad,Repello,2,Alta,No,,
FERRETERIA EPA S.A.,400055010000055780,2025-09-08,Puerta weng 80x210,3.0,35902.65,107707.95000000001,Comprobante_Electronico_3101354271_00400055010000055780.PDF,859,Puerta,Puertas y cerraduras,Material permanente,Unidad,Puertas,3,Alta,No,,
FERRETERIA EPA S.A.,400055010000055854,2025-09-09,Jgo reparar llanta,1.0,4047.79,4047.79,Comprobante_Electronico_3101354271_00400055010000055854.PDF,860,Herramienta / accesorio herramienta,Herramientas y equipo,Herramienta/equipo,Unidad,No incorporado,5,Alta,No,,
FERRETERIA EPA S.A.,400055010000055854,2025-09-09,Rej desg 4x4 concn,2.0,2455.75,4911.5,Comprobante_Electronico_3101354271_00400055010000055854.PDF,861,Rej Desg 4X4 Concn,Otros insumos,Otro registrado,Unidad,Otros,4,Baja,No,,
FERRETERIA EPA S.A.,400055010000055854,2025-09-09,Desague lav plasti,1.0,563.72,563.72,Comprobante_Electronico_3101354271_00400055010000055854.PDF,862,Accesorio hidrosanitario (genérico),Plomería,Material permanente,Unidad,Instalaciones hidrosanitarias,2,Media,No,,
FERRETERIA EPA S.A.,400055010000055854,2025-09-09,Sifon flex corruga,1.0,1121.24,1121.24,Comprobante_Electronico_3101354271_00400055010000055854.PDF,863,Sifón sanitario,Plomería sanitaria,Material permanente,Unidad,Instalación sanitaria,2,Alta,No,,
FERRETERIA EPA S.A.,400055010000055854,2025-09-09,Cable alt #12 blan,4.0,225.66,902.64,Comprobante_Electronico_3101354271_00400055010000055854.PDF,864,Cable eléctrico,Electricidad,Material permanente,Unidad,Instalación eléctrica,2,Alta,No,,
FERRETERIA EPA S.A.,400055010000055854,2025-09-09,Powerade mountain,1.0,1057.52,1057.52,Comprobante_Electronico_3101354271_00400055010000055854.PDF,865,Compra no constructiva,No constructivo,No incorporado,Unidad,No aplica,5,Alta,No,,
FERRETERIA EPA S.A.,400055010000056159,2025-09-16,Bk 1x20ch enchufar,1.0,3903.54,3903.54,Comprobante_Electronico_3101354271_00400055010000056159.PDF,866,Accesorio eléctrico (genérico),Electricidad,Material permanente,Unidad,Instalación eléctrica,2,Media,No,,
FERRETERIA EPA S.A.,400055010000056159,2025-09-16,Sellador madera te,1.0,4098.23,4098.23,Comprobante_Electronico_3101354271_00400055010000056159.PDF,867,Tinte / sellador madera,Pintura madera,Material permanente,Unidad,Carpintería y acabados,4,Alta,No,,
FERRETERIA EPA S.A.,400055010000056159,2025-09-16,Bases niveladoras,5.0,1138.05,5690.25,Comprobante_Electronico_3101354271_00400055010000056159.PDF,868,Herramienta / equipo,Herramientas y equipo,Herramienta/equipo,Unidad,No incorporado,5,Alta,No,,
FERRETERIA EPA S.A.,400055010000056159,2025-09-16,Masilla mad cao 1/,1.0,1512.39,1512.39,Comprobante_Electronico_3101354271_00400055010000056159.PDF,869,Adhesivo / sellador (genérico),Adhesivos y selladores,Consumible de obra,Unidad,Acabados,4,Media,No,,
FERRETERIA EPA S.A.,400055010000056159,2025-09-16,1/4 red laur 25x25,30.0,260.18,7805.400000000001,Comprobante_Electronico_3101354271_00400055010000056159.PDF,870,Madera laurel,Madera,Material permanente,Unidad,Carpintería,4,Alta,No,,
FERRETERIA EPA S.A.,400055010000056159,2025-09-16,Fanta kolita 355ml,1.0,526.55,526.55,Comprobante_Electronico_3101354271_00400055010000056159.PDF,871,Compra no constructiva,No constructivo,No incorporado,Unidad,No aplica,5,Alta,No,,
FERRETERIA EPA S.A.,400055010000056417,2025-09-22,Cemento holcim 50,4.0,5619.47,22477.88,Comprobante_Electronico_3101354271_00400055010000056417.PDF,872,Cemento gris 50 kg,Cemento y concretos,Material permanente,Saco 50 kg,Cimentación|Estructura|Mampostería|Contrapiso,1,Alta,No,50.0,112.3894
FERRETERIA EPA S.A.,400055010000056417,2025-09-22,Conect emt pr 1-1/,1.0,1064.6,1064.6,Comprobante_Electronico_3101354271_00400055010000056417.PDF,873,Accesorio eléctrico EMT,Electricidad,Material permanente,Unidad,Instalación eléctrica,2,Alta,No,,
FERRETERIA EPA S.A.,400055010000056417,2025-09-22,Combo base + break,1.0,55408.85,55408.85,Comprobante_Electronico_3101354271_00400055010000056417.PDF,874,Centro de carga / breaker,Electricidad,Material permanente,Unidad,Instalación eléctrica,2,Alta,No,,
FERRETERIA EPA S.A.,400055010000056510,2025-09-23,Caja para var tier,1.0,2330.09,2330.09,Comprobante_Electronico_3101354271_00400055010000056510.PDF,875,Accesorio eléctrico (genérico),Electricidad,Material permanente,Unidad,Instalación eléctrica,2,Media,No,,
FERRETERIA EPA S.A.,400055010000056510,2025-09-23,"Tubo emt 1/2"" ul",1.0,1974.34,1974.34,Comprobante_Electronico_3101354271_00400055010000056510.PDF,876,Accesorio eléctrico EMT,Electricidad,Material permanente,Unidad,Instalación eléctrica,2,Alta,No,,
FERRETERIA EPA S.A.,400055010000056510,2025-09-23,"Tubo emt 3/4"" 1mm",1.0,2086.73,2086.73,Comprobante_Electronico_3101354271_00400055010000056510.PDF,877,Accesorio eléctrico EMT,Electricidad,Material permanente,Unidad,Instalación eléctrica,2,Alta,No,,
FERRETERIA EPA S.A.,400055010000056510,2025-09-23,"Tub emt 1-1/4"" 1.2",1.0,4964.6,4964.6,Comprobante_Electronico_3101354271_00400055010000056510.PDF,878,Accesorio eléctrico EMT,Electricidad,Material permanente,Unidad,Instalación eléctrica,2,Alta,No,,
FERRETERIA EPA S.A.,400055010000056510,2025-09-23,"Vari coope 2,4 5/8",1.0,9458.41,9458.41,Comprobante_Electronico_3101354271_00400055010000056510.PDF,879,Vari Coope 2 4 5/8,Otros insumos,Otro registrado,Unidad,Otros,4,Baja,No,,
FERRETERIA EPA S.A.,400055010000056510,2025-09-23,Bk 1x20ch enchufar,1.0,3907.08,3907.08,Comprobante_Electronico_3101354271_00400055010000056510.PDF,880,Accesorio eléctrico (genérico),Electricidad,Material permanente,Unidad,Instalación eléctrica,2,Media,No,,
FERRETERIA EPA S.A.,400055010000056510,2025-09-23,Bk 2x50ch enchufar,1.0,11592.92,11592.92,Comprobante_Electronico_3101354271_00400055010000056510.PDF,881,Accesorio eléctrico (genérico),Electricidad,Material permanente,Unidad,Instalación eléctrica,2,Media,No,,
FERRETERIA EPA S.A.,400055010000056510,2025-09-23,"Curv emt1/2"" 90º u",1.0,341.59,341.59,Comprobante_Electronico_3101354271_00400055010000056510.PDF,882,Accesorio eléctrico (genérico),Electricidad,Material permanente,Unidad,Instalación eléctrica,2,Media,No,,
FERRETERIA EPA S.A.,400055010000056510,2025-09-23,Conct emt torn 11/,2.0,387.61,775.22,Comprobante_Electronico_3101354271_00400055010000056510.PDF,883,Accesorio eléctrico EMT,Electricidad,Material permanente,Unidad,Instalación eléctrica,2,Alta,No,,
FERRETERIA EPA S.A.,400055010000056510,2025-09-23,Union emt torn 1/2,1.0,104.42,104.42,Comprobante_Electronico_3101354271_00400055010000056510.PDF,884,Accesorio eléctrico EMT,Electricidad,Material permanente,Unidad,Instalación eléctrica,2,Alta,No,,
FERRETERIA EPA S.A.,400055010000056510,2025-09-23,Hi c uva 250ml,1.0,311.5,311.5,Comprobante_Electronico_3101354271_00400055010000056510.PDF,885,Compra no constructiva,No constructivo,No incorporado,Unidad,No aplica,5,Alta,No,,
FERRETERIA EPA S.A.,400055010000056510,2025-09-23,Fanta kolita 355ml,1.0,406.19,406.19,Comprobante_Electronico_3101354271_00400055010000056510.PDF,886,Compra no constructiva,No constructivo,No incorporado,Unidad,No aplica,5,Alta,No,,
FERRETERIA EPA S.A.,400055010000056510,2025-09-23,Conect emt torn 1/,2.0,113.27,226.54,Comprobante_Electronico_3101354271_00400055010000056510.PDF,887,Accesorio eléctrico EMT,Electricidad,Material permanente,Unidad,Instalación eléctrica,2,Alta,No,,
FERRETERIA EPA S.A.,400055010000056510,2025-09-23,Conect emt torn 3/,2.0,143.36,286.72,Comprobante_Electronico_3101354271_00400055010000056510.PDF,888,Accesorio eléctrico EMT,Electricidad,Material permanente,Unidad,Instalación eléctrica,2,Alta,No,,
FERRETERIA EPA S.A.,400055010000056510,2025-09-23,Thhn eco #8 rojo,12.0,726.55,8718.599999999999,Comprobante_Electronico_3101354271_00400055010000056510.PDF,889,Cable eléctrico,Electricidad,Material permanente,Unidad,Instalación eléctrica,2,Alta,No,,
FERRETERIA EPA S.A.,400055010000056510,2025-09-23,Thhn eco #8 negro,12.0,726.55,8718.599999999999,Comprobante_Electronico_3101354271_00400055010000056510.PDF,890,Cable eléctrico,Electricidad,Material permanente,Unidad,Instalación eléctrica,2,Alta,No,,
FERRETERIA EPA S.A.,400055010000056510,2025-09-23,Thhn eco #2 rojo,8.0,3077.88,24623.04,Comprobante_Electronico_3101354271_00400055010000056510.PDF,891,Cable eléctrico,Electricidad,Material permanente,Unidad,Instalación eléctrica,2,Alta,No,,
FERRETERIA EPA S.A.,400055010000056510,2025-09-23,Thhn eco #2 blanco,4.0,3146.02,12584.08,Comprobante_Electronico_3101354271_00400055010000056510.PDF,892,Cable eléctrico,Electricidad,Material permanente,Unidad,Instalación eléctrica,2,Alta,No,,
FERRETERIA EPA S.A.,400055010000056743,2025-09-29,Cemento holcim 50,10.0,5619.47,56194.700000000004,Comprobante_Electronico_3101354271_00400055010000056743.PDF,893,Cemento gris 50 kg,Cemento y concretos,Material permanente,Saco 50 kg,Cimentación|Estructura|Mampostería|Contrapiso,1,Alta,No,50.0,112.3894
FERRETERIA EPA S.A.,400055010000056743,2025-09-29,Extrac b 4 sil 10,1.0,14347.79,14347.79,Comprobante_Electronico_3101354271_00400055010000056743.PDF,894,Extrac B 4 Sil 10,Otros insumos,Otro registrado,Unidad,Otros,4,Baja,No,,
FERRETERIA EPA S.A.,400055010000056743,2025-09-29,Duretan 2 blnco 30,2.0,5910.62,11821.24,Comprobante_Electronico_3101354271_00400055010000056743.PDF,895,Duretan / sellador juntas,Selladores,Consumible de obra,Unidad,Acabados,4,Alta,No,,
FERRETERIA EPA S.A.,400055010000056743,2025-09-29,Revestimiento int,4.0,3719.47,14877.88,Comprobante_Electronico_3101354271_00400055010000056743.PDF,896,Revestimiento,Pintura y revestimientos,Material permanente,Unidad,Acabados,4,Alta,No,,
FERRETERIA EPA S.A.,400055010000056743,2025-09-29,Domus seal blanco,2.0,37871.68,75743.36,Comprobante_Electronico_3101354271_00400055010000056743.PDF,897,Sellador concreto,Pintura,Material permanente,Unidad,Pintura,3,Alta,No,,
FERRETERIA EPA S.A.,400055010000056743,2025-09-29,Tub abst 1/2x1/2x2,2.0,2420.35,4840.7,Comprobante_Electronico_3101354271_00400055010000056743.PDF,898,Manguera / abasto flexible,Plomería,Material permanente,Unidad,Instalaciones hidrosanitarias,2,Alta,No,,
FERRETERIA EPA S.A.,400055010000056896,2025-10-01,Thhn eco #6 rojo,11.0,1260.18,13861.980000000001,Comprobante_Electronico_3101354271_00400055010000056896.PDF,899,Cable eléctrico,Electricidad,Material permanente,Unidad,Instalación eléctrica,2,Alta,No,,
FERRETERIA EPA S.A.,400055010000056896,2025-10-01,Thhn eco #6 blanco,11.0,1254.87,13803.57,Comprobante_Electronico_3101354271_00400055010000056896.PDF,900,Cable eléctrico,Electricidad,Material permanente,Unidad,Instalación eléctrica,2,Alta,No,,
FERRETERIA EPA S.A.,400055010000056896,2025-10-01,Thhn eco #6 verde,11.0,1264.6,13910.599999999999,Comprobante_Electronico_3101354271_00400055010000056896.PDF,901,Cable eléctrico,Electricidad,Material permanente,Unidad,Instalación eléctrica,2,Alta,No,,
FERRETERIA EPA S.A.,400055010000056896,2025-10-01,Botaguas blanco 45,12.0,3460.18,41522.159999999996,Comprobante_Electronico_3101354271_00400055010000056896.PDF,902,Botaguas,Cubierta y cerramientos,Material permanente,Unidad,Cerramientos,3,Alta,No,,
FERRETERIA EPA S.A.,400055010000056896,2025-10-01,Cocina 50a 3p-3w,1.0,1678.76,1678.76,Comprobante_Electronico_3101354271_00400055010000056896.PDF,903,Enchufe / apagador,Electricidad,Material permanente,Unidad,Instalación eléctrica,2,Alta,No,,
FERRETERIA EPA S.A.,400055010000056896,2025-10-01,Aro repello 2gang,1.0,261.95,261.95,Comprobante_Electronico_3101354271_00400055010000056896.PDF,904,Mortero repello,Morteros,Material permanente,Unidad,Repello,2,Alta,No,,
FERRETERIA EPA S.A.,400055010000056896,2025-10-01,Cocina metal grand,1.0,795.58,795.58,Comprobante_Electronico_3101354271_00400055010000056896.PDF,905,Metal / perfil (genérico),Estructura metálica,Material permanente,Unidad,Estructura|Cubierta,2,Media,No,,
FERRETERIA EPA S.A.,400055010000056896,2025-10-01,Pasta gypsum 1gal,1.0,3537.17,3537.17,Comprobante_Electronico_3101354271_00400055010000056896.PDF,906,Pasta / masilla gypsum,Gypsum y liviano,Material permanente,Envase 1 gal,Cielos y divisiones,3,Alta,No,,
FERRETERIA EPA S.A.,400055010000056896,2025-10-01,Lija agua #120 9x1,10.0,208.85,2088.5,Comprobante_Electronico_3101354271_00400055010000056896.PDF,907,Lija,Pintura y acabados,Consumible de obra,Unidad,Acabados,4,Alta,No,,
FERRETERIA EPA S.A.,400055010000056896,2025-10-01,Bk 2x50ch enchufar,1.0,11702.65,11702.65,Comprobante_Electronico_3101354271_00400055010000056896.PDF,908,Accesorio eléctrico (genérico),Electricidad,Material permanente,Unidad,Instalación eléctrica,2,Media,No,,
FERRETERIA EPA S.A.,400055010000056896,2025-10-01,Revestimiento int,2.0,3719.47,7438.94,Comprobante_Electronico_3101354271_00400055010000056896.PDF,909,Revestimiento,Pintura y revestimientos,Material permanente,Unidad,Acabados,4,Alta,No,,
FERRETERIA EPA S.A.,500042010000024678,2025-10-02,Timb inal essen bl,1.0,12013.27,12013.27,Comprobante_Electronico_3101354271_00500042010000024678.PDF,910,Accesorio eléctrico,Electricidad,Material permanente,Unidad,Instalación eléctrica,2,Alta,No,,
FERRETERIA EPA S.A.,600049010000077554,2025-10-06,Lm nble elm 19mm f,2.0,39417.7,78835.4,Comprobante_Electronico_3101354271_00600049010000077554.PDF,911,Melamina,Carpintería y mobiliario,Material permanente,Unidad,Mobiliario,3,Alta,No,,
FERRETERIA EPA S.A.,600049010000077554,2025-10-06,Lm txtl cncn 19mm,3.0,39459.29,118377.87,Comprobante_Electronico_3101354271_00600049010000077554.PDF,912,Melamina,Carpintería y mobiliario,Material permanente,Unidad,Mobiliario,3,Alta,No,,
FERRETERIA EPA S.A.,600049010000077554,2025-10-06,Corte melamina por Os,123.0,141.59,17415.57,Comprobante_Electronico_3101354271_00600049010000077554.PDF,913,Melamina,Carpintería y mobiliario,Material permanente,Unidad,Mobiliario,3,Alta,No,,
FERRETERIA EPA S.A.,600049010000077554,2025-10-06,Canto de pvc 22/0.,33.0,120.35,3971.5499999999997,Comprobante_Electronico_3101354271_00600049010000077554.PDF,914,Canto PVC mobiliario,Carpintería y mobiliario,Material permanente,Unidad,Mobiliario,3,Alta,No,,
FERRETERIA EPA S.A.,600049010000077554,2025-10-06,Tpcanto textil 22x,76.0,374.34,28449.839999999997,Comprobante_Electronico_3101354271_00600049010000077554.PDF,915,Canto PVC mobiliario,Carpintería y mobiliario,Material permanente,Unidad,Mobiliario,3,Alta,No,,
FERRETERIA EPA S.A.,600049010000077554,2025-10-06,Metro lineal tapet Os,109.0,194.69,21221.21,Comprobante_Electronico_3101354271_00600049010000077554.PDF,916,Tapeta / canto mobiliario,Carpintería y mobiliario,Material permanente,Unidad,Mobiliario,3,Alta,No,,
FERRETERIA EPA S.A.,600041010000017982,2025-10-07,Tapacanto seda,76.0,328.32,24952.32,Comprobante_Electronico_3101354271_00600041010000017982.PDF,917,Tapacanto,Carpintería y mobiliario,Material permanente,Unidad,Mobiliario,3,Alta,No,,
FERRETERIA EPA S.A.,400055010000057198,2025-10-07,Quintilla tajo,3.0,14738.05,44214.149999999994,Comprobante_Electronico_3101354271_00400055010000057198.PDF,918,Piedra / agregado,Agregados,Material permanente,m³,Cimentación|Estructura|Contrapiso,1,Alta,No,,
FERRETERIA EPA S.A.,400055010000057195,2025-10-07,Cerradura tubular,5.0,7644.25,38221.25,Comprobante_Electronico_3101354271_00400055010000057195.PDF,919,Cerrajería,Puertas y cerraduras,Material permanente,Unidad,Puertas,3,Alta,No,,
FERRETERIA EPA S.A.,400055010000057195,2025-10-07,Botaguas gal #28 2,12.0,1212.39,14548.68,Comprobante_Electronico_3101354271_00400055010000057195.PDF,920,Lámina techo ondulada #28,Cubierta y techo,Material permanente,Unidad,Cubierta,2,Alta,No,,
FERRETERIA EPA S.A.,400055010000057195,2025-10-07,"Codo san 90x3""",6.0,1347.79,8086.74,Comprobante_Electronico_3101354271_00400055010000057195.PDF,921,Codo sanitario,Plomería sanitaria,Material permanente,Unidad,Instalación sanitaria,2,Alta,No,,
FERRETERIA EPA S.A.,400055010000057195,2025-10-07,Deformada #3 g40 6,20.0,1248.67,24973.4,Comprobante_Electronico_3101354271_00400055010000057195.PDF,922,Varilla #3,Acero refuerzo,Material permanente,Pieza #3 x 6 m,Cimentación|Estructura|Contrapiso,1,Alta,No,,
FERRETERIA EPA S.A.,400055010000057195,2025-10-07,"Tubo sch40 3/4"" 6m",4.0,4992.92,19971.68,Comprobante_Electronico_3101354271_00400055010000057195.PDF,923,Tubería PVC / CPVC,Plomería,Material permanente,Pieza 6 m,Instalaciones hidrosanitarias,2,Alta,No,,
FERRETERIA EPA S.A.,400055010000057195,2025-10-07,"Tub sdr50 1-1 2"" 6",4.0,4292.04,17168.16,Comprobante_Electronico_3101354271_00400055010000057195.PDF,924,Accesorio sanitario genérico,Plomería sanitaria,Material permanente,Unidad,Instalación sanitaria,2,Media,No,,
FERRETERIA EPA S.A.,400055010000057195,2025-10-07,Cod san 90x1 1 2 p,6.0,434.51,2607.06,Comprobante_Electronico_3101354271_00400055010000057195.PDF,925,Codo sanitario,Plomería sanitaria,Material permanente,Unidad,Instalación sanitaria,2,Alta,No,,
FERRETERIA EPA S.A.,400055010000057195,2025-10-07,Cemento holcim 50,35.0,5619.47,196681.45,Comprobante_Electronico_3101354271_00400055010000057195.PDF,926,Cemento gris 50 kg,Cemento y concretos,Material permanente,Saco 50 kg,Cimentación|Estructura|Mampostería|Contrapiso,1,Alta,No,50.0,112.3894
FERRETERIA EPA S.A.,400055010000057195,2025-10-07,Plast negro metro,3.0,531.86,1595.58,Comprobante_Electronico_3101354271_00400055010000057195.PDF,927,Plástico construcción,Protección de obra,Consumible de obra,Unidad,Múltiples etapas,4,Alta,No,,
FERRETERIA EPA S.A.,400055010000057195,2025-10-07,Masking 48mmx55m,1.0,2217.7,2217.7,Comprobante_Electronico_3101354271_00400055010000057195.PDF,928,Cinta masking,Pintura,Consumible de obra,Unidad,Pintura,3,Alta,No,,
FERRETERIA EPA S.A.,400055010000057195,2025-10-07,Masking 24mmx55m,1.0,1108.85,1108.85,Comprobante_Electronico_3101354271_00400055010000057195.PDF,929,Cinta masking,Pintura,Consumible de obra,Unidad,Pintura,3,Alta,No,,
FERRETERIA EPA S.A.,400055010000057196,2025-10-07,Arena corriente ta,3.0,14270.8,42812.399999999994,Comprobante_Electronico_3101354271_00400055010000057196.PDF,930,Arena,Agregados,Material permanente,m³,Cimentación|Estructura|Mampostería|Contrapiso,1,Alta,No,,
FERRETERIA EPA S.A.,400055010000057197,2025-10-07,Arena corriente ta,3.0,14270.8,42812.399999999994,Comprobante_Electronico_3101354271_00400055010000057197.PDF,931,Arena,Agregados,Material permanente,m³,Cimentación|Estructura|Mampostería|Contrapiso,1,Alta,No,,
FERRETERIA EPA S.A.,600053010000043454,2025-10-09,Corte melamina por Os,303.0,141.59,42901.770000000004,Comprobante_Electronico_3101354271_00600053010000043454.PDF,932,Melamina,Carpintería y mobiliario,Material permanente,Unidad,Mobiliario,3,Alta,No,,
FERRETERIA EPA S.A.,600053010000043454,2025-10-09,Metro lineal tapet Os,407.0,194.69,79238.83,Comprobante_Electronico_3101354271_00600053010000043454.PDF,933,Tapeta / canto mobiliario,Carpintería y mobiliario,Material permanente,Unidad,Mobiliario,3,Alta,No,,
FERRETERIA EPA S.A.,600053010000043454,2025-10-09,Canto de pvc 22/2m,165.0,385.84,63663.6,Comprobante_Electronico_3101354271_00600053010000043454.PDF,934,Canto PVC mobiliario,Carpintería y mobiliario,Material permanente,Unidad,Mobiliario,3,Alta,No,,
FERRETERIA EPA S.A.,600053010000043454,2025-10-09,Tapacanto seda gio,242.0,116.81,28268.02,Comprobante_Electronico_3101354271_00600053010000043454.PDF,935,Tapacanto,Carpintería y mobiliario,Material permanente,Unidad,Mobiliario,3,Alta,No,,
FERRETERIA EPA S.A.,600053010000043454,2025-10-09,Lm concrete 19mm f,4.0,39380.53,157522.12,Comprobante_Electronico_3101354271_00600053010000043454.PDF,936,Melamina,Carpintería y mobiliario,Material permanente,Unidad,Mobiliario,3,Alta,No,,
FERRETERIA EPA S.A.,600053010000043454,2025-10-09,Lm txtl cncn 19mm,6.0,39458.41,236750.46000000002,Comprobante_Electronico_3101354271_00600053010000043454.PDF,937,Melamina,Carpintería y mobiliario,Material permanente,Unidad,Mobiliario,3,Alta,No,,
FERRETERIA EPA S.A.,500041010000013456,2025-10-09,Kit mecanizado Os,9.0,1327.43,11946.87,Comprobante_Electronico_3101354271_00500041010000013456.PDF,938,Corte / mecanizado mobiliario,Carpintería y mobiliario,Servicio,Unidad,Mobiliario,3,Alta,No,,
FERRETERIA EPA S.A.,400054010000028500,2025-10-10,Masking multip 48m,2.0,1590.27,3180.54,Comprobante_Electronico_3101354271_00400054010000028500.PDF,939,Cinta masking,Pintura,Consumible de obra,Unidad,Pintura,3,Alta,No,,
FERRETERIA EPA S.A.,400054010000028500,2025-10-10,Brocha ang profes,1.0,2336.28,2336.28,Comprobante_Electronico_3101354271_00400054010000028500.PDF,940,Brocha / felpa pintura,Pintura,Herramienta/equipo,Unidad,Pintura,3,Alta,No,,
FERRETERIA EPA S.A.,400054010000028500,2025-10-10,Fibra morado 6x 9.,1.0,1868.14,1868.14,Comprobante_Electronico_3101354271_00400054010000028500.PDF,941,Fibra Morado 6X 9.,Otros insumos,Otro registrado,Unidad,Otros,4,Baja,No,,
FERRETERIA EPA S.A.,400054010000028500,2025-10-10,Lija agua 240 3m,12.0,238.05,2856.6000000000004,Comprobante_Electronico_3101354271_00400054010000028500.PDF,942,Lija,Pintura y acabados,Consumible de obra,Unidad,Acabados,4,Alta,No,,
FERRETERIA EPA S.A.,400054010000028500,2025-10-10,Revestimiento int,2.0,3695.58,7391.16,Comprobante_Electronico_3101354271_00400054010000028500.PDF,943,Revestimiento,Pintura y revestimientos,Material permanente,Unidad,Acabados,4,Alta,No,,
FERRETERIA EPA S.A.,400054010000028500,2025-10-10,Block 12x20x40 pc-,90.0,347.79,31301.100000000002,Comprobante_Electronico_3101354271_00400054010000028500.PDF,944,Block concreto 12x20x40,Mampostería,Material permanente,Unidad 12x20x40 cm,Mampostería,1,Alta,No,,
FERRETERIA EPA S.A.,400055010000057596,2025-10-16,Cemento contaco 1/,1.0,4819.47,4819.47,Comprobante_Electronico_3101354271_00400055010000057596.PDF,945,Cemento Contaco 1/,Otros insumos,Otro registrado,Unidad,Otros,4,Baja,No,,
FERRETERIA EPA S.A.,400055010000057596,2025-10-16,"Codo cpvc 90x1/2""",5.0,223.01,1115.05,Comprobante_Electronico_3101354271_00400055010000057596.PDF,946,CPVC 1/2 in x 6 m,Plomería agua caliente,Material permanente,Unidad,Agua caliente,2,Alta,No,,
FERRETERIA EPA S.A.,400055010000057596,2025-10-16,Acrilatex 5g bla s,1.0,50979.65,50979.65,Comprobante_Electronico_3101354271_00400055010000057596.PDF,947,Pintura / recubrimiento,Pintura,Material permanente,Unidad,Pintura,3,Alta,No,,
FERRETERIA EPA S.A.,400055010000057596,2025-10-16,Repello grueso,4.0,3599.12,14396.48,Comprobante_Electronico_3101354271_00400055010000057596.PDF,948,Mortero repello,Morteros,Material permanente,Unidad,Repello,2,Alta,No,,
FERRETERIA EPA S.A.,400055010000057596,2025-10-16,"Cod sch40 90x1/2""",5.0,84.96,424.79999999999995,Comprobante_Electronico_3101354271_00400055010000057596.PDF,949,Accesorio hidrosanitario (genérico),Plomería,Material permanente,Unidad,Instalaciones hidrosanitarias,2,Media,No,,
FERRETERIA EPA S.A.,400055010000057596,2025-10-16,"Madera 8x2"" 20u",5.0,378.76,1893.8,Comprobante_Electronico_3101354271_00400055010000057596.PDF,950,Carpintería / herraje (genérico),Carpintería y mobiliario,Material permanente,Unidad,Mobiliario,3,Media,No,,
FERRETERIA EPA S.A.,400055010000057596,2025-10-16,"Disco 7-1 4"" 150d",1.0,7476.11,7476.11,Comprobante_Electronico_3101354271_00400055010000057596.PDF,951,Herramienta / equipo,Herramientas y equipo,Herramienta/equipo,Unidad,No incorporado,5,Alta,No,,
FERRETERIA EPA S.A.,400055010000057596,2025-10-16,Lija agua 120 3m,5.0,307.96,1539.8,Comprobante_Electronico_3101354271_00400055010000057596.PDF,952,Lija,Pintura y acabados,Consumible de obra,Unidad,Acabados,4,Alta,No,,
FERRETERIA EPA S.A.,400055010000057596,2025-10-16,Sie calad550w clas,1.0,24471.68,24471.68,Comprobante_Electronico_3101354271_00400055010000057596.PDF,953,Herramienta eléctrica,Herramientas y equipo,Herramienta/equipo,Unidad,No incorporado,5,Alta,No,,
FERRETERIA EPA S.A.,400055010000057596,2025-10-16,Bisagra recta 35 m,5.0,494.69,2473.45,Comprobante_Electronico_3101354271_00400055010000057596.PDF,954,Cerrajería,Puertas y cerraduras,Material permanente,Unidad,Puertas,3,Alta,No,,
FERRETERIA EPA S.A.,400055010000057596,2025-10-16,Brazo neu p/mu 120,5.0,793.81,3969.0499999999997,Comprobante_Electronico_3101354271_00400055010000057596.PDF,955,Herraje mobiliario,Carpintería y mobiliario,Material permanente,Unidad,Mobiliario,3,Media,No,,
FERRETERIA EPA S.A.,400055010000057596,2025-10-16,Canto de pvc 22/0.,15.0,120.35,1805.25,Comprobante_Electronico_3101354271_00400055010000057596.PDF,956,Canto PVC mobiliario,Carpintería y mobiliario,Material permanente,Unidad,Mobiliario,3,Alta,No,,
FERRETERIA EPA S.A.,400055010000057596,2025-10-16,Push-to-open senci,10.0,405.31,4053.1,Comprobante_Electronico_3101354271_00400055010000057596.PDF,957,Herraje mobiliario,Carpintería y mobiliario,Material permanente,Unidad,Mobiliario,3,Media,No,,
FERRETERIA EPA S.A.,400055010000057596,2025-10-16,Hoja de calar bosc,1.0,6534.51,6534.51,Comprobante_Electronico_3101354271_00400055010000057596.PDF,958,Herramienta / accesorio herramienta,Herramientas y equipo,Herramienta/equipo,Unidad,No incorporado,5,Alta,No,,
FERRETERIA EPA S.A.,400055010000057753,2025-10-20,Canto de pvc 22/0.,15.0,120.35,1805.25,Comprobante_Electronico_3101354271_00400055010000057753.PDF,959,Canto PVC mobiliario,Carpintería y mobiliario,Material permanente,Unidad,Mobiliario,3,Alta,No,,
FERRETERIA EPA S.A.,400055010000057753,2025-10-20,Thinner premium 1,1.0,5912.39,5912.39,Comprobante_Electronico_3101354271_00400055010000057753.PDF,960,Thinner / diluyente,Pintura,Consumible de obra,Unidad,Pintura,3,Alta,No,,
FERRETERIA EPA S.A.,400055010000057753,2025-10-20,Caj emp p/lav c/ll,1.0,30080.53,30080.53,Comprobante_Electronico_3101354271_00400055010000057753.PDF,961,Accesorio hidrosanitario (genérico),Plomería,Material permanente,Unidad,Instalaciones hidrosanitarias,2,Media,No,,
FERRETERIA EPA S.A.,400055010000057753,2025-10-20,"Broc concr 5 16x5""",2.0,769.91,1539.82,Comprobante_Electronico_3101354271_00400055010000057753.PDF,962,"Broc Concr 5 16X5""",Otros insumos,Otro registrado,Unidad,Otros,4,Baja,No,,
FERRETERIA EPA S.A.,400055010000057753,2025-10-20,Anclaje radial 8mm,3.0,441.59,1324.77,Comprobante_Electronico_3101354271_00400055010000057753.PDF,963,Tornillo / fijación,Ferretería,Consumible de obra,Unidad,Múltiples etapas,4,Alta,No,,
FERRETERIA EPA S.A.,400055010000057753,2025-10-20,"Madera 8x1 1 2"" 20",3.0,259.29,777.8700000000001,Comprobante_Electronico_3101354271_00400055010000057753.PDF,964,Carpintería / herraje (genérico),Carpintería y mobiliario,Material permanente,Unidad,Mobiliario,3,Media,No,,
FERRETERIA EPA S.A.,400055010000057785,2025-10-20,"Estufa r 5 32x3 4""",1.0,556.64,556.64,Comprobante_Electronico_3101354271_00400055010000057785.PDF,965,"Estufa R 5 32X3 4""",Otros insumos,Otro registrado,Unidad,Otros,4,Baja,No,,
FERRETERIA EPA S.A.,500042010000025338,2025-10-20,Tapa torn seda gio,1.0,3201.77,3201.77,Comprobante_Electronico_3101354271_00500042010000025338.PDF,966,Tapa Torn Seda Gio,Otros insumos,Otro registrado,Unidad,Otros,4,Baja,No,,
FERRETERIA EPA S.A.,500042010000025338,2025-10-20,Tapacanto seda gio,15.0,116.81,1752.15,Comprobante_Electronico_3101354271_00500042010000025338.PDF,967,Tapacanto,Carpintería y mobiliario,Material permanente,Unidad,Mobiliario,3,Alta,No,,
FERRETERIA EPA S.A.,500042010000025338,2025-10-20,Bisagra recta 35 m,6.0,680.53,4083.18,Comprobante_Electronico_3101354271_00500042010000025338.PDF,968,Cerrajería,Puertas y cerraduras,Material permanente,Unidad,Puertas,3,Alta,No,,
FERRETERIA EPA S.A.,500042010000025338,2025-10-20,Juego sistema colg,4.0,2539.82,10159.28,Comprobante_Electronico_3101354271_00500042010000025338.PDF,969,Herraje mobiliario,Carpintería y mobiliario,Material permanente,Unidad,Mobiliario,3,Media,No,,
FERRETERIA EPA S.A.,500042010000025338,2025-10-20,Juego sistema colg,1.0,2539.82,2539.82,Comprobante_Electronico_3101354271_00500042010000025338.PDF,970,Herraje mobiliario,Carpintería y mobiliario,Material permanente,Unidad,Mobiliario,3,Media,No,,
FERRETERIA EPA S.A.,500042010000025338,2025-10-20,Toallero barra cro,1.0,4643.36,4643.36,Comprobante_Electronico_3101354271_00500042010000025338.PDF,971,Toallero / accesorio baño,Sanitarios,Material permanente,Unidad,Baños y acabados,3,Alta,No,,
FERRETERIA EPA S.A.,500042010000025338,2025-10-20,Brazo neu p/mu 120,5.0,746.02,3730.1,Comprobante_Electronico_3101354271_00500042010000025338.PDF,972,Herraje mobiliario,Carpintería y mobiliario,Material permanente,Unidad,Mobiliario,3,Media,No,,
FERRETERIA EPA S.A.,500042010000025338,2025-10-20,Felpa antigot 9x3/,2.0,1666.37,3332.74,Comprobante_Electronico_3101354271_00500042010000025338.PDF,973,Brocha / felpa pintura,Pintura,Herramienta/equipo,Unidad,Pintura,3,Alta,No,,
FERRETERIA EPA S.A.,500042010000025338,2025-10-20,"Brocha espuma 3""",1.0,577.88,577.88,Comprobante_Electronico_3101354271_00500042010000025338.PDF,974,Brocha / felpa pintura,Pintura,Herramienta/equipo,Unidad,Pintura,3,Alta,No,,
FERRETERIA EPA S.A.,500042010000025338,2025-10-20,Alm esquinas,1.0,1882.3,1882.3,Comprobante_Electronico_3101354271_00500042010000025338.PDF,975,Alm Esquinas,Otros insumos,Otro registrado,Unidad,Otros,4,Baja,No,,
FERRETERIA EPA S.A.,400055010000057880,2025-10-22,Bk 2x50 qo enchufa,2.0,10629.2,21258.4,Comprobante_Electronico_3101354271_00400055010000057880.PDF,976,Accesorio eléctrico (genérico),Electricidad,Material permanente,Unidad,Instalación eléctrica,2,Media,No,,
FERRETERIA EPA S.A.,400055010000057880,2025-10-22,Thhn eco #6 negro,10.0,1267.26,12672.6,Comprobante_Electronico_3101354271_00400055010000057880.PDF,977,Cable eléctrico,Electricidad,Material permanente,Unidad,Instalación eléctrica,2,Alta,No,,
FERRETERIA EPA S.A.,400055010000057880,2025-10-22,Thhn eco #6 rojo,10.0,1264.6,12646.0,Comprobante_Electronico_3101354271_00400055010000057880.PDF,978,Cable eléctrico,Electricidad,Material permanente,Unidad,Instalación eléctrica,2,Alta,No,,
FERRETERIA EPA S.A.,400055010000057880,2025-10-22,Rust-oleum chalked,1.0,4809.73,4809.73,Comprobante_Electronico_3101354271_00400055010000057880.PDF,979,Pintura / laca / tinte,Pintura,Material permanente,Unidad,Pintura,3,Alta,No,,
FERRETERIA EPA S.A.,400055010000057880,2025-10-22,Enchufe 50a 125 25,1.0,2118.58,2118.58,Comprobante_Electronico_3101354271_00400055010000057880.PDF,980,Enchufe / apagador,Electricidad,Material permanente,Unidad,Instalación eléctrica,2,Alta,No,,
FERRETERIA EPA S.A.,400055010000057880,2025-10-22,Hex-9 multiconstru,1.0,1969.91,1969.91,Comprobante_Electronico_3101354271_00400055010000057880.PDF,981,Hex-9 Multiconstru,Otros insumos,Otro registrado,Unidad,Otros,4,Baja,No,,
FERRETERIA EPA S.A.,400055010000057880,2025-10-22,Natural estandar 3,1.0,1468.14,1468.14,Comprobante_Electronico_3101354271_00400055010000057880.PDF,982,Pintura / laca / tinte,Pintura,Material permanente,Unidad,Pintura,3,Alta,No,,
FERRETERIA EPA S.A.,400055010000057880,2025-10-22,Metal plan 6x1 1 4,2.0,237.17,474.34,Comprobante_Electronico_3101354271_00400055010000057880.PDF,983,Metal / perfil (genérico),Estructura metálica,Material permanente,Unidad,Estructura|Cubierta,2,Media,No,,
FERRETERIA EPA S.A.,400055010000057880,2025-10-22,Anclaje radial 6mm,2.0,400.0,800.0,Comprobante_Electronico_3101354271_00400055010000057880.PDF,984,Tornillo / fijación,Ferretería,Consumible de obra,Unidad,Múltiples etapas,4,Alta,No,,
FERRETERIA EPA S.A.,400055010000057880,2025-10-22,"Bush hg 3/4"" x 1/2",2.0,226.55,453.1,Comprobante_Electronico_3101354271_00400055010000057880.PDF,985,"Bush Hg 3/4"" X 1/2",Otros insumos,Otro registrado,Unidad,Otros,4,Baja,No,,
FERRETERIA EPA S.A.,400055010000057880,2025-10-22,Niple hg 1/2 tdo r,2.0,131.86,263.72,Comprobante_Electronico_3101354271_00400055010000057880.PDF,986,Niple / accesorio HG,Plomería,Material permanente,Unidad,Instalaciones hidrosanitarias,2,Alta,No,,
FERRETERIA EPA S.A.,400055010000057880,2025-10-22,Canaleta 16x10mm,1.0,1237.17,1237.17,Comprobante_Electronico_3101354271_00400055010000057880.PDF,987,Canaleta 16X10Mm,Otros insumos,Otro registrado,Unidad,Otros,4,Baja,No,,
FERRETERIA EPA S.A.,400055010000057880,2025-10-22,Pasa cable redondo,3.0,518.58,1555.7400000000002,Comprobante_Electronico_3101354271_00400055010000057880.PDF,988,Cable eléctrico,Electricidad,Material permanente,Unidad,Instalación eléctrica,2,Alta,No,,
FERRETERIA EPA S.A.,500042010000025534,2025-10-23,Reduccion 3/4-1/2,2.0,337.17,674.34,Comprobante_Electronico_3101354271_00500042010000025534.PDF,989,Reducción sanitaria,Plomería sanitaria,Material permanente,Unidad,Instalación sanitaria,2,Alta,No,,
FERRETERIA EPA S.A.,500042010000025534,2025-10-23,J. embutida/64 nsc,1.0,984.96,984.96,Comprobante_Electronico_3101354271_00500042010000025534.PDF,990,J. Embutida/64 Nsc,Otros insumos,Otro registrado,Unidad,Otros,4,Baja,No,,
FERRETERIA EPA S.A.,500042010000025534,2025-10-23,Limpia piso. nit 1,1.0,4353.1,4353.1,Comprobante_Electronico_3101354271_00500042010000025534.PDF,991,Limpia Piso. Nit 1,Otros insumos,Otro registrado,Unidad,Otros,4,Baja,No,,
FERRETERIA EPA S.A.,500042010000025534,2025-10-23,Acrilatex 5g bla s,1.0,50985.84,50985.84,Comprobante_Electronico_3101354271_00500042010000025534.PDF,992,Pintura / recubrimiento,Pintura,Material permanente,Unidad,Pintura,3,Alta,No,,
FERRETERIA EPA S.A.,500042010000025534,2025-10-23,Melamina 4 x 8 16m,1.0,16601.77,16601.77,Comprobante_Electronico_3101354271_00500042010000025534.PDF,993,Melamina,Carpintería y mobiliario,Material permanente,Unidad,Mobiliario,3,Alta,No,,
FERRETERIA EPA S.A.,500042010000025534,2025-10-23,Riel colg closet 3,1.0,9675.22,9675.22,Comprobante_Electronico_3101354271_00500042010000025534.PDF,994,Riel / soporte mobiliario,Carpintería y mobiliario,Material permanente,Unidad,Mobiliario,3,Alta,No,,
FERRETERIA EPA S.A.,500042010000025534,2025-10-23,Enchufe hule c tie,2.0,692.04,1384.08,Comprobante_Electronico_3101354271_00500042010000025534.PDF,995,Enchufe / apagador,Electricidad,Material permanente,Unidad,Instalación eléctrica,2,Alta,No,,
FERRETERIA EPA S.A.,500042010000025534,2025-10-23,Rodapie pvc 15x400,1.0,9321.24,9321.24,Comprobante_Electronico_3101354271_00500042010000025534.PDF,996,Rodapié,Pisos y enchapes,Material permanente,Unidad,Pisos y enchapes,2,Alta,No,,
FERRETERIA EPA S.A.,500042010000025534,2025-10-23,Marcseg pino 30x85,1.0,11980.53,11980.53,Comprobante_Electronico_3101354271_00500042010000025534.PDF,997,Madera pino,Madera,Material/consumible,Unidad,Formaleta|Carpintería,4,Alta,No,,
FERRETERIA EPA S.A.,400055010000057906,2025-10-23,Disc 71 4 140 die,1.0,9571.68,9571.68,Comprobante_Electronico_3101354271_00400055010000057906.PDF,998,Herramienta / accesorio herramienta,Herramientas y equipo,Herramienta/equipo,Unidad,No incorporado,5,Alta,No,,
FERRETERIA EPA S.A.,500042010000025588,2025-10-24,Muro seco blanco 2,1.0,4621.24,4621.24,Comprobante_Electronico_3101354271_00500042010000025588.PDF,999,Muro Seco Blanco 2,Otros insumos,Otro registrado,Unidad,Otros,4,Baja,No,,
FERRETERIA EPA S.A.,500042010000025588,2025-10-24,Melamina 4 x 8 16m,1.0,16601.77,16601.77,Comprobante_Electronico_3101354271_00500042010000025588.PDF,1000,Melamina,Carpintería y mobiliario,Material permanente,Unidad,Mobiliario,3,Alta,No,,
FERRETERIA EPA S.A.,500042010000025588,2025-10-24,"Escuadra 4""x5"" bl",2.0,591.15,1182.3,Comprobante_Electronico_3101354271_00500042010000025588.PDF,1001,"Escuadra 4""X5"" Bl",Otros insumos,Otro registrado,Unidad,Otros,4,Baja,No,,
FERRETERIA EPA S.A.,500042010000025588,2025-10-24,Esquinero pvc,1.0,630.09,630.09,Comprobante_Electronico_3101354271_00500042010000025588.PDF,1002,Moldura / esquinero,Acabados,Material permanente,Unidad,Acabados,4,Alta,No,,
FERRETERIA EPA S.A.,500042010000025588,2025-10-24,"Niple hc 1/2"" x tr",1.0,238.94,238.94,Comprobante_Electronico_3101354271_00500042010000025588.PDF,1003,Niple / accesorio HG,Plomería,Material permanente,Unidad,Instalaciones hidrosanitarias,2,Alta,No,,
FERRETERIA EPA S.A.,500042010000025588,2025-10-24,Enchufe hule c tie,2.0,692.04,1384.08,Comprobante_Electronico_3101354271_00500042010000025588.PDF,1004,Enchufe / apagador,Electricidad,Material permanente,Unidad,Instalación eléctrica,2,Alta,No,,
FERRETERIA EPA S.A.,500042010000025588,2025-10-24,Anclaje radial 10,1.0,492.92,492.92,Comprobante_Electronico_3101354271_00500042010000025588.PDF,1005,Tornillo / fijación,Ferretería,Consumible de obra,Unidad,Múltiples etapas,4,Alta,No,,
FERRETERIA EPA S.A.,500042010000025588,2025-10-24,J. embutida/64 nsc,4.0,984.96,3939.84,Comprobante_Electronico_3101354271_00500042010000025588.PDF,1006,J. Embutida/64 Nsc,Otros insumos,Otro registrado,Unidad,Otros,4,Baja,No,,
FERRETERIA EPA S.A.,500042010000025588,2025-10-24,Push-to-open senci,5.0,405.31,2026.55,Comprobante_Electronico_3101354271_00500042010000025588.PDF,1007,Herraje mobiliario,Carpintería y mobiliario,Material permanente,Unidad,Mobiliario,3,Media,No,,
FERRETERIA EPA S.A.,500042010000025588,2025-10-24,"Madera 10x1 1 2"" 1",1.0,292.04,292.04,Comprobante_Electronico_3101354271_00500042010000025588.PDF,1008,Carpintería / herraje (genérico),Carpintería y mobiliario,Material permanente,Unidad,Mobiliario,3,Media,No,,
FERRETERIA EPA S.A.,500042010000025588,2025-10-24,"Bush hg 3/4"" x 1/2",1.0,226.55,226.55,Comprobante_Electronico_3101354271_00500042010000025588.PDF,1009,"Bush Hg 3/4"" X 1/2",Otros insumos,Otro registrado,Unidad,Otros,4,Baja,No,,
FERRETERIA EPA S.A.,500042010000025588,2025-10-24,Manija 30.48cm ng,3.0,3334.51,10003.53,Comprobante_Electronico_3101354271_00500042010000025588.PDF,1010,Herraje mobiliario,Carpintería y mobiliario,Material permanente,Unidad,Mobiliario,3,Media,No,,
FERRETERIA EPA S.A.,500042010000025588,2025-10-24,Enchufe plano negr,2.0,288.5,577.0,Comprobante_Electronico_3101354271_00500042010000025588.PDF,1011,Enchufe / apagador,Electricidad,Material permanente,Unidad,Instalación eléctrica,2,Alta,No,,
FERRETERIA EPA S.A.,500042010000025588,2025-10-24,J. embutida/64 nsc,1.0,984.96,984.96,Comprobante_Electronico_3101354271_00500042010000025588.PDF,1012,J. Embutida/64 Nsc,Otros insumos,Otro registrado,Unidad,Otros,4,Baja,No,,
FERRETERIA EPA S.A.,500042010000025588,2025-10-24,"Niple hc 1/2"" x tr",1.0,238.94,238.94,Comprobante_Electronico_3101354271_00500042010000025588.PDF,1013,Niple / accesorio HG,Plomería,Material permanente,Unidad,Instalaciones hidrosanitarias,2,Alta,No,,
FERRETERIA EPA S.A.,500042010000025588,2025-10-24,Juego sistema colg,3.0,2539.82,7619.460000000001,Comprobante_Electronico_3101354271_00500042010000025588.PDF,1014,Herraje mobiliario,Carpintería y mobiliario,Material permanente,Unidad,Mobiliario,3,Media,No,,
FERRETERIA EPA S.A.,500042010000025588,2025-10-24,Anclaje radial 5mm,1.0,365.49,365.49,Comprobante_Electronico_3101354271_00500042010000025588.PDF,1015,Tornillo / fijación,Ferretería,Consumible de obra,Unidad,Múltiples etapas,4,Alta,No,,
FERRETERIA EPA S.A.,400055010000057955,2025-10-24,Stixall trnsp 290,1.0,7093.81,7093.81,Comprobante_Electronico_3101354271_00400055010000057955.PDF,1016,Adhesivo / sellador,Adhesivos y selladores,Consumible de obra,Unidad,Acabados,4,Alta,No,,
FERRETERIA EPA S.A.,500056010000035116,2025-10-25,Cord spt #14 blanc,3.0,383.19,1149.57,Comprobante_Electronico_3101354271_00500056010000035116.PDF,1017,Cord Spt #14 Blanc,Otros insumos,Otro registrado,Unidad,Otros,4,Baja,No,,
FERRETERIA EPA S.A.,500056010000035116,2025-10-25,Tapacanto seda gio,15.0,116.81,1752.15,Comprobante_Electronico_3101354271_00500056010000035116.PDF,1018,Tapacanto,Carpintería y mobiliario,Material permanente,Unidad,Mobiliario,3,Alta,No,,
FERRETERIA EPA S.A.,500056010000035116,2025-10-25,Rodapie alu 10x400,1.0,5326.55,5326.55,Comprobante_Electronico_3101354271_00500056010000035116.PDF,1019,Rodapié,Pisos y enchapes,Material permanente,Unidad,Pisos y enchapes,2,Alta,No,,
FERRETERIA EPA S.A.,500056010000035116,2025-10-25,Broca conc3 16x3-1,1.0,602.65,602.65,Comprobante_Electronico_3101354271_00500056010000035116.PDF,1020,Herramienta / equipo,Herramientas y equipo,Herramienta/equipo,Unidad,No incorporado,5,Alta,No,,
FERRETERIA EPA S.A.,500056010000035116,2025-10-25,Anclaje radial 6mm,1.0,400.0,400.0,Comprobante_Electronico_3101354271_00500056010000035116.PDF,1021,Tornillo / fijación,Ferretería,Consumible de obra,Unidad,Múltiples etapas,4,Alta,No,,
FERRETERIA EPA S.A.,500056010000035116,2025-10-25,Enchufe 50a 125 25,1.0,2118.58,2118.58,Comprobante_Electronico_3101354271_00500056010000035116.PDF,1022,Enchufe / apagador,Electricidad,Material permanente,Unidad,Instalación eléctrica,2,Alta,No,,
FERRETERIA EPA S.A.,500056010000035116,2025-10-25,Tapa emt rect c hu,1.0,150.44,150.44,Comprobante_Electronico_3101354271_00500056010000035116.PDF,1023,Accesorio eléctrico EMT,Electricidad,Material permanente,Unidad,Instalación eléctrica,2,Alta,No,,
FERRETERIA EPA S.A.,500056010000035116,2025-10-25,Desague lav plasti,1.0,565.49,565.49,Comprobante_Electronico_3101354271_00500056010000035116.PDF,1024,Accesorio hidrosanitario (genérico),Plomería,Material permanente,Unidad,Instalaciones hidrosanitarias,2,Media,No,,
FERRETERIA EPA S.A.,500056010000035116,2025-10-25,Sifon flex corruga,1.0,1207.96,1207.96,Comprobante_Electronico_3101354271_00500056010000035116.PDF,1025,Sifón sanitario,Plomería sanitaria,Material permanente,Unidad,Instalación sanitaria,2,Alta,No,,
FERRETERIA EPA S.A.,600052010000045462,2025-10-27,Tapa torn roble ru,1.0,2900.88,2900.88,Comprobante_Electronico_3101354271_00600052010000045462.PDF,1026,Tapa Torn Roble Ru,Otros insumos,Otro registrado,Unidad,Otros,4,Baja,No,,
FERRETERIA EPA S.A.,600054010000028753,2025-10-28,Canto de pvc 22/0.,5.0,120.35,601.75,Comprobante_Electronico_3101354271_00600054010000028753.PDF,1027,Canto PVC mobiliario,Carpintería y mobiliario,Material permanente,Unidad,Mobiliario,3,Alta,No,,
FERRETERIA EPA S.A.,600054010000028753,2025-10-28,Tapacanto seda gio,10.0,116.81,1168.1,Comprobante_Electronico_3101354271_00600054010000028753.PDF,1028,Tapacanto,Carpintería y mobiliario,Material permanente,Unidad,Mobiliario,3,Alta,No,,
FERRETERIA EPA S.A.,600054010000028753,2025-10-28,Tpcanto grafito 22,10.0,112.39,1123.9,Comprobante_Electronico_3101354271_00600054010000028753.PDF,1029,Canto PVC mobiliario,Carpintería y mobiliario,Material permanente,Unidad,Mobiliario,3,Alta,No,,
FERRETERIA EPA S.A.,600054010000028753,2025-10-28,Push-to-open senci,2.0,403.54,807.08,Comprobante_Electronico_3101354271_00600054010000028753.PDF,1030,Herraje mobiliario,Carpintería y mobiliario,Material permanente,Unidad,Mobiliario,3,Media,No,,
FERRETERIA EPA S.A.,600054010000028753,2025-10-28,Tapa torn anthraci,1.0,327.43,327.43,Comprobante_Electronico_3101354271_00600054010000028753.PDF,1031,Tapa Torn Anthraci,Otros insumos,Otro registrado,Unidad,Otros,4,Baja,No,,
FERRETERIA EPA S.A.,600054010000028753,2025-10-28,Brazo mini 60n,1.0,857.52,857.52,Comprobante_Electronico_3101354271_00600054010000028753.PDF,1032,Brazo Mini 60N,Otros insumos,Otro registrado,Unidad,Otros,4,Baja,No,,
FERRETERIA EPA S.A.,400055010000058116,2025-10-28,Brazo neumat 100n,9.0,834.51,7510.59,Comprobante_Electronico_3101354271_00400055010000058116.PDF,1033,Herraje mobiliario,Carpintería y mobiliario,Material permanente,Unidad,Mobiliario,3,Media,No,,
FERRETERIA EPA S.A.,400055010000058116,2025-10-28,"Angular 1"" 4u",1.0,1276.99,1276.99,Comprobante_Electronico_3101354271_00400055010000058116.PDF,1034,Angular metálico,Estructura metálica,Material permanente,Unidad,Estructura|Carpintería metálica,2,Alta,No,,
FERRETERIA EPA S.A.,400055010000058141,2025-10-29,Duretan 2 blnco 30,2.0,5910.62,11821.24,Comprobante_Electronico_3101354271_00400055010000058141.PDF,1035,Duretan / sellador juntas,Selladores,Consumible de obra,Unidad,Acabados,4,Alta,No,,
FERRETERIA EPA S.A.,400055010000058141,2025-10-29,Cadbury avellana 9,1.0,1919.47,1919.47,Comprobante_Electronico_3101354271_00400055010000058141.PDF,1036,Herramienta / equipo,Herramientas y equipo,Herramienta/equipo,Unidad,No incorporado,5,Alta,No,,
FERRETERIA EPA S.A.,400055010000058151,2025-10-29,Duretan blanco 300,1.0,4661.06,4661.06,Comprobante_Electronico_3101354271_00400055010000058151.PDF,1037,Duretan / sellador juntas,Selladores,Consumible de obra,Unidad,Acabados,4,Alta,No,,
FERRETERIA EPA S.A.,400055010000058151,2025-10-29,Fuze verd zero 500,1.0,615.04,615.04,Comprobante_Electronico_3101354271_00400055010000058151.PDF,1038,Fuze Verd Zero 500,Otros insumos,Otro registrado,Unidad,Otros,4,Baja,No,,
FERRETERIA EPA S.A.,400055010000058225,2025-10-30,Cola blanca pnt,1.0,2700.0,2700.0,Comprobante_Electronico_3101354271_00400055010000058225.PDF,1039,Cola Blanca Pnt,Otros insumos,Otro registrado,Unidad,Otros,4,Baja,No,,
FERRETERIA EPA S.A.,400055010000058225,2025-10-30,Tarugos 3/8 33pz,2.0,878.76,1757.52,Comprobante_Electronico_3101354271_00400055010000058225.PDF,1040,Tarugos 3/8 33Pz,Otros insumos,Otro registrado,Unidad,Otros,4,Baja,No,,
FERRETERIA EPA S.A.,400055010000058225,2025-10-30,Torn ensamb 6x1 1/,2.0,760.18,1520.36,Comprobante_Electronico_3101354271_00400055010000058225.PDF,1041,Torn Ensamb 6X1 1/,Otros insumos,Otro registrado,Unidad,Otros,4,Baja,No,,
FERRETERIA EPA S.A.,400055010000058225,2025-10-30,Bisagra recta 35 m,5.0,682.3,3411.5,Comprobante_Electronico_3101354271_00400055010000058225.PDF,1042,Cerrajería,Puertas y cerraduras,Material permanente,Unidad,Puertas,3,Alta,No,,
FERRETERIA EPA S.A.,400055010000058225,2025-10-30,Powerade frutas 60,1.0,1057.52,1057.52,Comprobante_Electronico_3101354271_00400055010000058225.PDF,1043,Compra no constructiva,No constructivo,No incorporado,Unidad,No aplica,5,Alta,No,,
FERRETERIA EPA S.A.,400055010000058262,2025-10-31,Adapta m sch40 1/2,4.0,69.91,279.64,Comprobante_Electronico_3101354271_00400055010000058262.PDF,1044,Accesorio hidrosanitario (genérico),Plomería,Material permanente,Unidad,Instalaciones hidrosanitarias,2,Media,No,,
FERRETERIA EPA S.A.,400055010000058262,2025-10-31,"Cruz lisa pvc 1/2""",1.0,784.96,784.96,Comprobante_Electronico_3101354271_00400055010000058262.PDF,1045,Accesorio hidrosanitario (genérico),Plomería,Material permanente,Unidad,Instalaciones hidrosanitarias,2,Media,No,,
FERRETERIA EPA S.A.,400055010000058262,2025-10-31,Tornillo ensamb 6x,5.0,894.69,4473.450000000001,Comprobante_Electronico_3101354271_00400055010000058262.PDF,1046,Tornillo / fijación,Ferretería,Consumible de obra,Unidad,Múltiples etapas,4,Alta,No,,
FERRETERIA EPA S.A.,400055010000058262,2025-10-31,Soporte tubo,2.0,2209.73,4419.46,Comprobante_Electronico_3101354271_00400055010000058262.PDF,1047,Carpintería / herraje (genérico),Carpintería y mobiliario,Material permanente,Unidad,Mobiliario,3,Media,No,,
FERRETERIA EPA S.A.,400055010000058262,2025-10-31,Push-to-open iman,8.0,481.42,3851.36,Comprobante_Electronico_3101354271_00400055010000058262.PDF,1048,Herraje mobiliario,Carpintería y mobiliario,Material permanente,Unidad,Mobiliario,3,Media,No,,
FERRETERIA EPA S.A.,400055010000058262,2025-10-31,Pata plastica c/n,10.0,313.27,3132.7,Comprobante_Electronico_3101354271_00400055010000058262.PDF,1049,Herraje mobiliario,Carpintería y mobiliario,Material permanente,Unidad,Mobiliario,3,Media,No,,
FERRETERIA EPA S.A.,400055010000058262,2025-10-31,Esponja para coche,1.0,1570.8,1570.8,Comprobante_Electronico_3101354271_00400055010000058262.PDF,1050,Esponja Para Coche,Otros insumos,Otro registrado,Unidad,Otros,4,Baja,No,,
FERRETERIA EPA S.A.,400055010000058262,2025-10-31,Riel push 4.5x40cm,3.0,3530.09,10590.27,Comprobante_Electronico_3101354271_00400055010000058262.PDF,1051,Riel / soporte mobiliario,Carpintería y mobiliario,Material permanente,Unidad,Mobiliario,3,Alta,No,,
FERRETERIA EPA S.A.,400056010000003084,2025-11-03,Bateria aa alcal 8,1.0,2915.93,2915.93,Comprobante_Electronico_3101354271_00400056010000003084.PDF,1052,Bateria Aa Alcal 8,Otros insumos,Otro registrado,Unidad,Otros,4,Baja,No,,
FERRETERIA EPA S.A.,400055010000058352,2025-11-03,Para plastica c/ni,2.0,971.68,1943.36,Comprobante_Electronico_3101354271_00400055010000058352.PDF,1053,Para Plastica C/Ni,Otros insumos,Otro registrado,Unidad,Otros,4,Baja,No,,
FERRETERIA EPA S.A.,400055010000058352,2025-11-03,"Madera 6x3 4"" 50u",2.0,397.35,794.7,Comprobante_Electronico_3101354271_00400055010000058352.PDF,1054,Carpintería / herraje (genérico),Carpintería y mobiliario,Material permanente,Unidad,Mobiliario,3,Media,No,,
FERRETERIA EPA S.A.,400055010000058373,2025-11-03,Bisagra recta 35 m,12.0,682.3,8187.599999999999,Comprobante_Electronico_3101354271_00400055010000058373.PDF,1055,Cerrajería,Puertas y cerraduras,Material permanente,Unidad,Puertas,3,Alta,No,,
FERRETERIA EPA S.A.,400055010000058373,2025-11-03,Thinner premium 1,1.0,2147.79,2147.79,Comprobante_Electronico_3101354271_00400055010000058373.PDF,1056,Thinner / diluyente,Pintura,Consumible de obra,Unidad,Pintura,3,Alta,No,,
FERRETERIA EPA S.A.,400055010000058373,2025-11-03,Plata toma tr w,5.0,1278.76,6393.8,Comprobante_Electronico_3101354271_00400055010000058373.PDF,1057,Interruptor / toma / caja eléctrica,Electricidad,Material permanente,Unidad,Instalación eléctrica,2,Alta,No,,
FERRETERIA EPA S.A.,400055010000058373,2025-11-03,Pata plastica c/n,20.0,313.27,6265.4,Comprobante_Electronico_3101354271_00400055010000058373.PDF,1058,Herraje mobiliario,Carpintería y mobiliario,Material permanente,Unidad,Mobiliario,3,Media,No,,
FERRETERIA EPA S.A.,400055010000058373,2025-11-03,Empot led 6w lf,1.0,1396.46,1396.46,Comprobante_Electronico_3101354271_00400055010000058373.PDF,1059,Iluminación LED,Electricidad,Material permanente,Unidad,Iluminación,2,Alta,No,,
FERRETERIA EPA S.A.,400055010000058373,2025-11-03,Cemento contacto 4,1.0,1796.46,1796.46,Comprobante_Electronico_3101354271_00400055010000058373.PDF,1060,Cemento contacto,Adhesivos,Consumible de obra,Unidad,Carpintería y acabados,4,Alta,No,,
FERRETERIA EPA S.A.,400055010000058373,2025-11-03,Soporte tubo,3.0,2209.73,6629.1900000000005,Comprobante_Electronico_3101354271_00400055010000058373.PDF,1061,Carpintería / herraje (genérico),Carpintería y mobiliario,Material permanente,Unidad,Mobiliario,3,Media,No,,
FERRETERIA EPA S.A.,400055010000058373,2025-11-03,Rodapie alu 10x400,1.0,5315.04,5315.04,Comprobante_Electronico_3101354271_00400055010000058373.PDF,1062,Rodapié,Pisos y enchapes,Material permanente,Unidad,Pisos y enchapes,2,Alta,No,,
FERRETERIA EPA S.A.,400055010000058373,2025-11-03,Pino seco cep 19x4,5.0,884.96,4424.8,Comprobante_Electronico_3101354271_00400055010000058373.PDF,1063,Madera pino,Madera,Material/consumible,Unidad,Formaleta|Carpintería,4,Alta,No,,
FERRETERIA EPA S.A.,400055010000058373,2025-11-03,Mueble baÑo lavama,1.0,50092.92,50092.92,Comprobante_Electronico_3101354271_00400055010000058373.PDF,1064,Mueble de baño,Sanitarios,Material permanente,Unidad,Aparatos sanitarios,3,Alta,No,,
FERRETERIA EPA S.A.,600053010000044288,2025-11-04,Tapacanto concrete,10.0,126.55,1265.5,Comprobante_Electronico_3101354271_00600053010000044288.PDF,1065,Tapacanto,Carpintería y mobiliario,Material permanente,Unidad,Mobiliario,3,Alta,No,,
FERRETERIA EPA S.A.,600053010000044288,2025-11-04,Tpcanto grafito 22,10.0,112.39,1123.9,Comprobante_Electronico_3101354271_00600053010000044288.PDF,1066,Canto PVC mobiliario,Carpintería y mobiliario,Material permanente,Unidad,Mobiliario,3,Alta,No,,
FERRETERIA EPA S.A.,600053010000044288,2025-11-04,Sifon flex corruga,3.0,1203.54,3610.62,Comprobante_Electronico_3101354271_00600053010000044288.PDF,1067,Sifón sanitario,Plomería sanitaria,Material permanente,Unidad,Instalación sanitaria,2,Alta,No,,
FERRETERIA EPA S.A.,600053010000044288,2025-11-04,Soporte telefono m,1.0,4560.18,4560.18,Comprobante_Electronico_3101354271_00600053010000044288.PDF,1068,Carpintería / herraje (genérico),Carpintería y mobiliario,Material permanente,Unidad,Mobiliario,3,Media,No,,
FERRETERIA EPA S.A.,400055010000058438,2025-11-04,Bon prem oro gris,2.0,8640.71,17281.42,Comprobante_Electronico_3101354271_00400055010000058438.PDF,1069,Bon Prem Oro Gris,Otros insumos,Otro registrado,Unidad,Otros,4,Baja,No,,
FERRETERIA EPA S.A.,400055010000058438,2025-11-04,Transmisor fm blue,1.0,6946.9,6946.9,Comprobante_Electronico_3101354271_00400055010000058438.PDF,1070,Transmisor Fm Blue,Otros insumos,Otro registrado,Unidad,Otros,4,Baja,No,,
FERRETERIA EPA S.A.,400055010000058438,2025-11-04,Tb abst lav evlb-a,4.0,1928.32,7713.28,Comprobante_Electronico_3101354271_00400055010000058438.PDF,1071,Accesorio hidrosanitario (genérico),Plomería,Material permanente,Unidad,Instalaciones hidrosanitarias,2,Media,No,,
FERRETERIA EPA S.A.,400055010000058438,2025-11-04,Soporte tubo,3.0,2209.73,6629.1900000000005,Comprobante_Electronico_3101354271_00400055010000058438.PDF,1072,Carpintería / herraje (genérico),Carpintería y mobiliario,Material permanente,Unidad,Mobiliario,3,Media,No,,
FERRETERIA EPA S.A.,400055010000058438,2025-11-04,Tub abst 1/2x1/2x1,3.0,1908.85,5726.549999999999,Comprobante_Electronico_3101354271_00400055010000058438.PDF,1073,Manguera / abasto flexible,Plomería,Material permanente,Unidad,Instalaciones hidrosanitarias,2,Alta,No,,
FERRETERIA EPA S.A.,400055010000058438,2025-11-04,Riel c/l extensio,1.0,3991.15,3991.15,Comprobante_Electronico_3101354271_00400055010000058438.PDF,1074,Riel / soporte mobiliario,Carpintería y mobiliario,Material permanente,Unidad,Mobiliario,3,Alta,No,,
FERRETERIA EPA S.A.,400055010000058438,2025-11-04,Push-to-open senci,8.0,405.31,3242.48,Comprobante_Electronico_3101354271_00400055010000058438.PDF,1075,Herraje mobiliario,Carpintería y mobiliario,Material permanente,Unidad,Mobiliario,3,Media,No,,
FERRETERIA EPA S.A.,400055010000058438,2025-11-04,Cargador inalambri,1.0,14316.81,14316.81,Comprobante_Electronico_3101354271_00400055010000058438.PDF,1076,Compra no constructiva,No constructivo,No incorporado,Unidad,No aplica,5,Alta,No,,
FERRETERIA EPA S.A.,400055010000058438,2025-11-04,Anclaje radial 10,3.0,492.92,1478.76,Comprobante_Electronico_3101354271_00400055010000058438.PDF,1077,Tornillo / fijación,Ferretería,Consumible de obra,Unidad,Múltiples etapas,4,Alta,No,,
FERRETERIA EPA S.A.,400055010000058438,2025-11-04,Llave mm 1/2x1/21/,2.0,2769.91,5539.82,Comprobante_Electronico_3101354271_00400055010000058438.PDF,1078,Llave / válvula hidráulica,Plomería,Material permanente,Unidad,Instalaciones hidrosanitarias,2,Alta,No,,
FERRETERIA EPA S.A.,400055010000058438,2025-11-04,Metal plan 8x1 1 2,2.0,272.57,545.14,Comprobante_Electronico_3101354271_00400055010000058438.PDF,1079,Metal / perfil (genérico),Estructura metálica,Material permanente,Unidad,Estructura|Cubierta,2,Media,No,,
FERRETERIA EPA S.A.,400055010000058438,2025-11-04,"Metal red 10x2""",2.0,272.57,545.14,Comprobante_Electronico_3101354271_00400055010000058438.PDF,1080,Metal / perfil (genérico),Estructura metálica,Material permanente,Unidad,Estructura|Cubierta,2,Media,No,,
FERRETERIA EPA S.A.,400055010000058438,2025-11-04,Anclaje radial 10,1.0,492.92,492.92,Comprobante_Electronico_3101354271_00400055010000058438.PDF,1081,Tornillo / fijación,Ferretería,Consumible de obra,Unidad,Múltiples etapas,4,Alta,No,,
FERRETERIA EPA S.A.,400055010000058438,2025-11-04,Grifo para lavaman,2.0,13018.58,26037.16,Comprobante_Electronico_3101354271_00400055010000058438.PDF,1082,Lavamanos,Sanitarios,Material permanente,Unidad,Aparatos sanitarios,3,Alta,No,,
FERRETERIA EPA S.A.,400055010000058438,2025-11-04,Lav adda blanco,2.0,20114.16,40228.32,Comprobante_Electronico_3101354271_00400055010000058438.PDF,1083,Accesorio hidrosanitario (genérico),Plomería,Material permanente,Unidad,Instalaciones hidrosanitarias,2,Media,No,,
FERRETERIA EPA S.A.,400055010000058438,2025-11-04,Freg. ac. inox.neg,1.0,107964.6,107964.6,Comprobante_Electronico_3101354271_00400055010000058438.PDF,1084,Fregadero,Cocina,Material permanente,Unidad,Mobiliario y cocina,4,Alta,No,,
FERRETERIA EPA S.A.,500058010000005268,2025-11-05,Felpa antigot 9x3/,1.0,1942.48,1942.48,Comprobante_Electronico_3101354271_00500058010000005268.PDF,1085,Brocha / felpa pintura,Pintura,Herramienta/equipo,Unidad,Pintura,3,Alta,No,,
FERRETERIA EPA S.A.,500058010000005268,2025-11-05,Felpa antigot 9x1/,1.0,2256.64,2256.64,Comprobante_Electronico_3101354271_00500058010000005268.PDF,1086,Brocha / felpa pintura,Pintura,Herramienta/equipo,Unidad,Pintura,3,Alta,No,,
FERRETERIA EPA S.A.,500042010000026161,2025-11-05,Pre seal blc 5gal,2.0,39778.76,79557.52,Comprobante_Electronico_3101354271_00500042010000026161.PDF,1087,Sellador concreto,Pintura,Material permanente,Envase 5 gal,Pintura,3,Alta,No,,
FERRETERIA EPA S.A.,400055010000058580,2025-11-06,Esterilizador port,3.0,1371.68,4115.04,Comprobante_Electronico_3101354271_00400055010000058580.PDF,1088,Esterilizador Port,Otros insumos,Otro registrado,Unidad,Otros,4,Baja,No,,
FERRETERIA EPA S.A.,400055010000058580,2025-11-06,Amplificador anten,1.0,6150.44,6150.44,Comprobante_Electronico_3101354271_00400055010000058580.PDF,1089,Amplificador Anten,Otros insumos,Otro registrado,Unidad,Otros,4,Baja,No,,
FERRETERIA EPA S.A.,400055010000058580,2025-11-06,Cord spt #16 negro,3.0,260.18,780.54,Comprobante_Electronico_3101354271_00400055010000058580.PDF,1090,Cord Spt #16 Negro,Otros insumos,Otro registrado,Unidad,Otros,4,Baja,No,,
FERRETERIA EPA S.A.,400055010000058580,2025-11-06,"Bush hg 3/4"" x 1/2",1.0,226.55,226.55,Comprobante_Electronico_3101354271_00400055010000058580.PDF,1091,"Bush Hg 3/4"" X 1/2",Otros insumos,Otro registrado,Unidad,Otros,4,Baja,No,,
FERRETERIA EPA S.A.,400055010000058580,2025-11-06,Niple hg 1/2 tdo r,1.0,131.86,131.86,Comprobante_Electronico_3101354271_00400055010000058580.PDF,1092,Niple / accesorio HG,Plomería,Material permanente,Unidad,Instalaciones hidrosanitarias,2,Alta,No,,
FERRETERIA EPA S.A.,400055010000058580,2025-11-06,Cocina 50a 3p-3w,3.0,1676.99,5030.97,Comprobante_Electronico_3101354271_00400055010000058580.PDF,1093,Enchufe / apagador,Electricidad,Material permanente,Unidad,Instalación eléctrica,2,Alta,No,,
FERRETERIA EPA S.A.,400055010000058580,2025-11-06,"Mini rasp 1 13 16""",1.0,876.11,876.11,Comprobante_Electronico_3101354271_00400055010000058580.PDF,1094,"Mini Rasp 1 13 16""",Otros insumos,Otro registrado,Unidad,Otros,4,Baja,No,,
FERRETERIA EPA S.A.,400055010000058580,2025-11-06,Hoja snap-off rep,1.0,2543.36,2543.36,Comprobante_Electronico_3101354271_00400055010000058580.PDF,1095,Hoja Snap-Off Rep,Otros insumos,Otro registrado,Unidad,Otros,4,Baja,No,,
FERRETERIA EPA S.A.,400055010000058580,2025-11-06,Natural estandar 1,1.0,748.67,748.67,Comprobante_Electronico_3101354271_00400055010000058580.PDF,1096,Pintura / laca / tinte,Pintura,Material permanente,Unidad,Pintura,3,Alta,No,,
FERRETERIA EPA S.A.,400055010000058580,2025-11-06,Plata int doble w,1.0,1365.49,1365.49,Comprobante_Electronico_3101354271_00400055010000058580.PDF,1097,Accesorio eléctrico,Electricidad,Material permanente,Unidad,Instalación eléctrica,2,Alta,No,,
FERRETERIA EPA S.A.,400055010000058580,2025-11-06,Thinner premium 1,1.0,5912.39,5912.39,Comprobante_Electronico_3101354271_00400055010000058580.PDF,1098,Thinner / diluyente,Pintura,Consumible de obra,Unidad,Pintura,3,Alta,No,,
FERRETERIA EPA S.A.,400055010000058580,2025-11-06,Pasta gypsum 1gal,1.0,3549.56,3549.56,Comprobante_Electronico_3101354271_00400055010000058580.PDF,1099,Pasta / masilla gypsum,Gypsum y liviano,Material permanente,Envase 1 gal,Cielos y divisiones,3,Alta,No,,
FERRETERIA EPA S.A.,400055010000058580,2025-11-06,Sellador madera te,1.0,4099.12,4099.12,Comprobante_Electronico_3101354271_00400055010000058580.PDF,1100,Tinte / sellador madera,Pintura madera,Material permanente,Unidad,Carpintería y acabados,4,Alta,No,,
FERRETERIA EPA S.A.,400055010000058626,2025-11-07,Riel push 4.5x40cm,1.0,3555.75,3555.75,Comprobante_Electronico_3101354271_00400055010000058626.PDF,1101,Riel / soporte mobiliario,Carpintería y mobiliario,Material permanente,Unidad,Mobiliario,3,Alta,No,,
FERRETERIA EPA S.A.,400055010000058626,2025-11-07,Natural estandar 1,2.0,748.67,1497.34,Comprobante_Electronico_3101354271_00400055010000058626.PDF,1102,Pintura / laca / tinte,Pintura,Material permanente,Unidad,Pintura,3,Alta,No,,
FERRETERIA EPA S.A.,400055010000058626,2025-11-07,Natural estandar 2,1.0,876.99,876.99,Comprobante_Electronico_3101354271_00400055010000058626.PDF,1103,Pintura / laca / tinte,Pintura,Material permanente,Unidad,Pintura,3,Alta,No,,
FERRETERIA EPA S.A.,400055010000058626,2025-11-07,Masking 24mmx55m,1.0,1152.21,1152.21,Comprobante_Electronico_3101354271_00400055010000058626.PDF,1104,Cinta masking,Pintura,Consumible de obra,Unidad,Pintura,3,Alta,No,,
FERRETERIA EPA S.A.,400055010000058626,2025-11-07,Cemento contacto 4,1.0,1796.46,1796.46,Comprobante_Electronico_3101354271_00400055010000058626.PDF,1105,Cemento contacto,Adhesivos,Consumible de obra,Unidad,Carpintería y acabados,4,Alta,No,,
FERRETERIA EPA S.A.,400055010000058626,2025-11-07,Esponja expandible,1.0,1048.67,1048.67,Comprobante_Electronico_3101354271_00400055010000058626.PDF,1106,Esponja Expandible,Otros insumos,Otro registrado,Unidad,Otros,4,Baja,No,,
FERRETERIA EPA S.A.,400055010000058626,2025-11-07,Gancho vertical pa,1.0,3741.59,3741.59,Comprobante_Electronico_3101354271_00400055010000058626.PDF,1107,Riel / soporte mobiliario,Carpintería y mobiliario,Material permanente,Unidad,Mobiliario,3,Alta,No,,
FERRETERIA EPA S.A.,400055010000058626,2025-11-07,Anclaje gypsum #8,3.0,165.49,496.47,Comprobante_Electronico_3101354271_00400055010000058626.PDF,1108,Tornillo / fijación,Ferretería,Consumible de obra,Unidad,Múltiples etapas,4,Alta,No,,
FERRETERIA EPA S.A.,400055010000058626,2025-11-07,Ancla pop togg 3/4,1.0,358.41,358.41,Comprobante_Electronico_3101354271_00400055010000058626.PDF,1109,Ancla Pop Togg 3/4,Otros insumos,Otro registrado,Unidad,Otros,4,Baja,No,,
FERRETERIA EPA S.A.,400055010000058735,2025-11-10,Cuartilla rio pri,3.0,13889.38,41668.14,Comprobante_Electronico_3101354271_00400055010000058735.PDF,1110,Piedra / agregado,Agregados,Material permanente,m³,Cimentación|Estructura|Contrapiso,1,Alta,No,,
FERRETERIA EPA S.A.,400055010000058733,2025-11-10,"Semiduro 1x12"" 3v",4.0,3429.2,13716.8,Comprobante_Electronico_3101354271_00400055010000058733.PDF,1111,Semiduro madera,Madera,Consumible de obra,Unidad,Formaleta|Carpintería,4,Alta,No,,
FERRETERIA EPA S.A.,400055010000058733,2025-11-10,Semidu 47x72x3344,8.0,2693.81,21550.48,Comprobante_Electronico_3101354271_00400055010000058733.PDF,1112,Madera semiduro,Madera,Material/consumible,Unidad,Formaleta|Carpintería,4,Alta,No,,
FERRETERIA EPA S.A.,400055010000058733,2025-11-10,Tub cond tipo a 1/,20.0,858.41,17168.2,Comprobante_Electronico_3101354271_00400055010000058733.PDF,1113,Conduit eléctrico,Electricidad,Material permanente,Unidad,Instalación eléctrica,2,Alta,No,,
FERRETERIA EPA S.A.,400055010000058733,2025-11-10,Cur cond tipo a 1/,20.0,400.0,8000.0,Comprobante_Electronico_3101354271_00400055010000058733.PDF,1114,Conduit / accesorio,Electricidad,Material permanente,Unidad,Instalación eléctrica,2,Alta,No,,
FERRETERIA EPA S.A.,400055010000058733,2025-11-10,Cilindro de gas 22,1.0,1329.2,1329.2,Comprobante_Electronico_3101354271_00400055010000058733.PDF,1115,Gas butano,Consumibles,Consumible de obra,Unidad,Múltiples etapas,4,Alta,No,,
FERRETERIA EPA S.A.,400055010000058733,2025-11-10,Pega pvc 473ml-1pi,1.0,4944.25,4944.25,Comprobante_Electronico_3101354271_00400055010000058733.PDF,1116,Accesorio hidrosanitario (genérico),Plomería,Material permanente,Unidad,Instalaciones hidrosanitarias,2,Media,No,,
FERRETERIA EPA S.A.,400055010000058733,2025-11-10,Clavo acero 3.5x50,2.0,6384.96,12769.92,Comprobante_Electronico_3101354271_00400055010000058733.PDF,1117,Clavo,Ferretería,Consumible de obra,Unidad,Múltiples etapas,4,Alta,No,,
FERRETERIA EPA S.A.,400055010000058733,2025-11-10,Negro 1.68mm #16,15.0,511.5,7672.5,Comprobante_Electronico_3101354271_00400055010000058733.PDF,1118,Alambre negro recocido #16,Acero refuerzo,Consumible de obra,Unidad,Cimentación|Estructura,1,Alta,No,,
FERRETERIA EPA S.A.,400055010000058733,2025-11-10,"Tubo sch40 1/2"" 6m",6.0,2595.58,15573.48,Comprobante_Electronico_3101354271_00400055010000058733.PDF,1119,PVC presión SCH40 1/2 in x 6 m,Plomería potable,Material permanente,Pieza 6 m,Agua potable,2,Alta,No,,
FERRETERIA EPA S.A.,400055010000058733,2025-11-10,Deformada #3 g40 6,8.0,1246.9,9975.2,Comprobante_Electronico_3101354271_00400055010000058733.PDF,1120,Varilla #3,Acero refuerzo,Material permanente,Pieza #3 x 6 m,Cimentación|Estructura|Contrapiso,1,Alta,No,,
FERRETERIA EPA S.A.,400055010000058733,2025-11-10,Pino seco cep 19x6,5.0,1338.94,6694.700000000001,Comprobante_Electronico_3101354271_00400055010000058733.PDF,1121,Madera pino,Madera,Material/consumible,Unidad,Formaleta|Carpintería,4,Alta,No,,
FERRETERIA EPA S.A.,400055010000058733,2025-11-10,"Teflon 3/4""",1.0,1292.04,1292.04,Comprobante_Electronico_3101354271_00400055010000058733.PDF,1122,Cinta teflón,Plomería,Consumible de obra,Unidad,Instalaciones hidrosanitarias,2,Alta,No,,
FERRETERIA EPA S.A.,400055010000058728,2025-11-10,"Semiduro 1x12"" 3v",4.0,3429.2,13716.8,Comprobante_Electronico_3101354271_00400055010000058728.PDF,1123,Semiduro madera,Madera,Consumible de obra,Unidad,Formaleta|Carpintería,4,Alta,No,,
FERRETERIA EPA S.A.,400055010000058728,2025-11-10,Semidu 47x72x3344,8.0,2693.81,21550.48,Comprobante_Electronico_3101354271_00400055010000058728.PDF,1124,Madera semiduro,Madera,Material/consumible,Unidad,Formaleta|Carpintería,4,Alta,No,,
FERRETERIA EPA S.A.,400055010000058728,2025-11-10,Arena corriente ta,3.0,14269.91,42809.729999999996,Comprobante_Electronico_3101354271_00400055010000058728.PDF,1125,Arena,Agregados,Material permanente,m³,Cimentación|Estructura|Mampostería|Contrapiso,1,Alta,No,,
FERRETERIA EPA S.A.,400055010000058728,2025-11-10,Cuartilla rio pri,3.0,13889.38,41668.14,Comprobante_Electronico_3101354271_00400055010000058728.PDF,1126,Piedra / agregado,Agregados,Material permanente,m³,Cimentación|Estructura|Contrapiso,1,Alta,No,,
FERRETERIA EPA S.A.,400055010000058728,2025-11-10,Tub cond tipo a 1/,20.0,858.41,17168.2,Comprobante_Electronico_3101354271_00400055010000058728.PDF,1127,Conduit eléctrico,Electricidad,Material permanente,Unidad,Instalación eléctrica,2,Alta,No,,
FERRETERIA EPA S.A.,400055010000058728,2025-11-10,Cur cond tipo a 1/,20.0,400.0,8000.0,Comprobante_Electronico_3101354271_00400055010000058728.PDF,1128,Conduit / accesorio,Electricidad,Material permanente,Unidad,Instalación eléctrica,2,Alta,No,,
FERRETERIA EPA S.A.,400055010000058728,2025-11-10,Cilindro de gas 22,1.0,1329.2,1329.2,Comprobante_Electronico_3101354271_00400055010000058728.PDF,1129,Gas butano,Consumibles,Consumible de obra,Unidad,Múltiples etapas,4,Alta,No,,
FERRETERIA EPA S.A.,400055010000058728,2025-11-10,Pega pvc 473ml-1pi,1.0,4944.25,4944.25,Comprobante_Electronico_3101354271_00400055010000058728.PDF,1130,Accesorio hidrosanitario (genérico),Plomería,Material permanente,Unidad,Instalaciones hidrosanitarias,2,Media,No,,
FERRETERIA EPA S.A.,400055010000058728,2025-11-10,Clavo acero 3.5x50,2.0,6384.96,12769.92,Comprobante_Electronico_3101354271_00400055010000058728.PDF,1131,Clavo,Ferretería,Consumible de obra,Unidad,Múltiples etapas,4,Alta,No,,
FERRETERIA EPA S.A.,400055010000058728,2025-11-10,Negro 1.68mm #16,15.0,511.5,7672.5,Comprobante_Electronico_3101354271_00400055010000058728.PDF,1132,Alambre negro recocido #16,Acero refuerzo,Consumible de obra,Unidad,Cimentación|Estructura,1,Alta,No,,
FERRETERIA EPA S.A.,400055010000058728,2025-11-10,"Tubo sch40 1/2"" 6m",6.0,2595.58,15573.48,Comprobante_Electronico_3101354271_00400055010000058728.PDF,1133,PVC presión SCH40 1/2 in x 6 m,Plomería potable,Material permanente,Pieza 6 m,Agua potable,2,Alta,No,,
FERRETERIA EPA S.A.,400055010000058728,2025-11-10,Deformada #3 g40 6,8.0,1246.9,9975.2,Comprobante_Electronico_3101354271_00400055010000058728.PDF,1134,Varilla #3,Acero refuerzo,Material permanente,Pieza #3 x 6 m,Cimentación|Estructura|Contrapiso,1,Alta,No,,
FERRETERIA EPA S.A.,400055010000058728,2025-11-10,Pino seco cep 19x6,5.0,1338.94,6694.700000000001,Comprobante_Electronico_3101354271_00400055010000058728.PDF,1135,Madera pino,Madera,Material/consumible,Unidad,Formaleta|Carpintería,4,Alta,No,,
FERRETERIA EPA S.A.,400055010000058728,2025-11-10,"Teflon 3/4""",1.0,1292.04,1292.04,Comprobante_Electronico_3101354271_00400055010000058728.PDF,1136,Cinta teflón,Plomería,Consumible de obra,Unidad,Instalaciones hidrosanitarias,2,Alta,No,,
FERRETERIA EPA S.A.,400055010000058734,2025-11-10,Arena corriente ta,3.0,14269.91,42809.729999999996,Comprobante_Electronico_3101354271_00400055010000058734.PDF,1137,Arena,Agregados,Material permanente,m³,Cimentación|Estructura|Mampostería|Contrapiso,1,Alta,No,,
FERRETERIA EPA S.A.,400055010000058800,2025-11-11,Cedazo 1/4x24x5,1.0,5172.57,5172.57,Comprobante_Electronico_3101354271_00400055010000058800.PDF,1138,Cedazo,Ferretería,Material permanente,Unidad,Exteriores|Acabados,4,Alta,No,,
FERRETERIA EPA S.A.,400055010000058800,2025-11-11,Conct emt torn 11/,2.0,398.23,796.46,Comprobante_Electronico_3101354271_00400055010000058800.PDF,1139,Accesorio eléctrico EMT,Electricidad,Material permanente,Unidad,Instalación eléctrica,2,Alta,No,,
FERRETERIA EPA S.A.,400055010000058800,2025-11-11,Conect emt pr 1-1/,2.0,785.84,1571.68,Comprobante_Electronico_3101354271_00400055010000058800.PDF,1140,Accesorio eléctrico EMT,Electricidad,Material permanente,Unidad,Instalación eléctrica,2,Alta,No,,
FERRETERIA EPA S.A.,400055010000058800,2025-11-11,Conect emt torn 3/,2.0,143.36,286.72,Comprobante_Electronico_3101354271_00400055010000058800.PDF,1141,Accesorio eléctrico EMT,Electricidad,Material permanente,Unidad,Instalación eléctrica,2,Alta,No,,
FERRETERIA EPA S.A.,400055010000058800,2025-11-11,"Gaza p/varil 5/8""",1.0,901.77,901.77,Comprobante_Electronico_3101354271_00400055010000058800.PDF,1142,"Gaza P/Varil 5/8""",Otros insumos,Otro registrado,Unidad,Otros,4,Baja,No,,
FERRETERIA EPA S.A.,400055010000058800,2025-11-11,Grifo monomando 1/,1.0,2537.17,2537.17,Comprobante_Electronico_3101354271_00400055010000058800.PDF,1143,Grifo Monomando 1/,Otros insumos,Otro registrado,Unidad,Otros,4,Baja,No,,
FERRETERIA EPA S.A.,400055010000058800,2025-11-11,"Condul emt 1-1/4""",1.0,946.9,946.9,Comprobante_Electronico_3101354271_00400055010000058800.PDF,1144,Accesorio eléctrico EMT,Electricidad,Material permanente,Unidad,Instalación eléctrica,2,Alta,No,,
FERRETERIA EPA S.A.,400055010000058800,2025-11-11,Vari coope 2.4 5/8,1.0,9458.41,9458.41,Comprobante_Electronico_3101354271_00400055010000058800.PDF,1145,Vari Coope 2.4 5/8,Otros insumos,Otro registrado,Unidad,Otros,4,Baja,No,,
FERRETERIA EPA S.A.,400055010000058800,2025-11-11,Combo base + break,1.0,55668.14,55668.14,Comprobante_Electronico_3101354271_00400055010000058800.PDF,1146,Centro de carga / breaker,Electricidad,Material permanente,Unidad,Instalación eléctrica,2,Alta,No,,
FERRETERIA EPA S.A.,400055010000058800,2025-11-11,"Tubo emt 3/4"" ul",1.0,2982.3,2982.3,Comprobante_Electronico_3101354271_00400055010000058800.PDF,1147,Accesorio eléctrico EMT,Electricidad,Material permanente,Unidad,Instalación eléctrica,2,Alta,No,,
FERRETERIA EPA S.A.,400055010000058800,2025-11-11,"Tubo emt 1-1/4"" ul",1.0,7394.69,7394.69,Comprobante_Electronico_3101354271_00400055010000058800.PDF,1148,Accesorio eléctrico EMT,Electricidad,Material permanente,Unidad,Instalación eléctrica,2,Alta,No,,
FERRETERIA EPA S.A.,400055010000058800,2025-11-11,Caja para var tier,1.0,3021.24,3021.24,Comprobante_Electronico_3101354271_00400055010000058800.PDF,1149,Accesorio eléctrico (genérico),Electricidad,Material permanente,Unidad,Instalación eléctrica,2,Media,No,,
FERRETERIA EPA S.A.,400055010000058800,2025-11-11,Cemento holcim 50,5.0,5619.47,28097.350000000002,Comprobante_Electronico_3101354271_00400055010000058800.PDF,1150,Cemento gris 50 kg,Cemento y concretos,Material permanente,Saco 50 kg,Cimentación|Estructura|Mampostería|Contrapiso,1,Alta,No,50.0,112.3894
FERRETERIA EPA S.A.,400055010000058960,2025-11-13,Cemento holcim 50,5.0,5619.47,28097.350000000002,Comprobante_Electronico_3101354271_00400055010000058960.PDF,1151,Cemento gris 50 kg,Cemento y concretos,Material permanente,Saco 50 kg,Cimentación|Estructura|Mampostería|Contrapiso,1,Alta,No,50.0,112.3894
FERRETERIA EPA S.A.,400055010000058957,2025-11-13,Quint rio t2-t6,3.0,14860.18,44580.54,Comprobante_Electronico_3101354271_00400055010000058957.PDF,1152,Piedra quintilla,Agregados,Material permanente,m³,Cimentación|Estructura|Contrapiso,1,Alta,No,,
FERRETERIA EPA S.A.,400055010000058958,2025-11-13,Quint rio t2-t6,3.0,14860.18,44580.54,Comprobante_Electronico_3101354271_00400055010000058958.PDF,1153,Piedra quintilla,Agregados,Material permanente,m³,Cimentación|Estructura|Contrapiso,1,Alta,No,,
FERRETERIA EPA S.A.,400055010000058959,2025-11-13,Cemento holcim 50,5.0,5619.47,28097.350000000002,Comprobante_Electronico_3101354271_00400055010000058959.PDF,1154,Cemento gris 50 kg,Cemento y concretos,Material permanente,Saco 50 kg,Cimentación|Estructura|Mampostería|Contrapiso,1,Alta,No,50.0,112.3894
FERRETERIA EPA S.A.,400055010000059009,2025-11-14,Cargador triple ma,1.0,11458.41,11458.41,Comprobante_Electronico_3101354271_00400055010000059009.PDF,1155,Cargador Triple Ma,Otros insumos,Otro registrado,Unidad,Otros,4,Baja,No,,
FERRETERIA EPA S.A.,400055010000059009,2025-11-14,"Cuchara albanil 9""",1.0,2422.12,2422.12,Comprobante_Electronico_3101354271_00400055010000059009.PDF,1156,"Cuchara Albanil 9""",Otros insumos,Otro registrado,Unidad,Otros,4,Baja,No,,
FERRETERIA EPA S.A.,400055010000059009,2025-11-14,Crayon negro c for,2.0,380.53,761.06,Comprobante_Electronico_3101354271_00400055010000059009.PDF,1157,Consumible / herramienta de obra,Ferretería,Consumible de obra,Unidad,Múltiples etapas,4,Media,No,,
FERRETERIA EPA S.A.,400055010000059009,2025-11-14,Crayon amarilo c f,2.0,359.29,718.58,Comprobante_Electronico_3101354271_00400055010000059009.PDF,1158,Consumible / herramienta de obra,Ferretería,Consumible de obra,Unidad,Múltiples etapas,4,Media,No,,
FERRETERIA EPA S.A.,400055010000059009,2025-11-14,Crayon rojo c forr,2.0,357.52,715.04,Comprobante_Electronico_3101354271_00400055010000059009.PDF,1159,Consumible / herramienta de obra,Ferretería,Consumible de obra,Unidad,Múltiples etapas,4,Media,No,,
FERRETERIA EPA S.A.,400055010000059009,2025-11-14,Bisagra recta 35 m,5.0,682.3,3411.5,Comprobante_Electronico_3101354271_00400055010000059009.PDF,1160,Cerrajería,Puertas y cerraduras,Material permanente,Unidad,Puertas,3,Alta,No,,
FERRETERIA EPA S.A.,400055010000059153,2025-11-17,Empaque de cera se,1.0,810.62,810.62,Comprobante_Electronico_3101354271_00400055010000059153.PDF,1161,Empaque De Cera Se,Otros insumos,Otro registrado,Unidad,Otros,4,Baja,No,,
FERRETERIA EPA S.A.,400055010000059153,2025-11-17,Escoba aspira mod,1.0,30929.2,30929.2,Comprobante_Electronico_3101354271_00400055010000059153.PDF,1162,Compra no constructiva,No constructivo,No incorporado,Unidad,No aplica,5,Alta,No,,
FERRETERIA EPA S.A.,400055010000059153,2025-11-17,Empaque wc,1.0,442.48,442.48,Comprobante_Electronico_3101354271_00400055010000059153.PDF,1163,Empaque Wc,Otros insumos,Otro registrado,Unidad,Otros,4,Baja,No,,
FERRETERIA EPA S.A.,400055010000059153,2025-11-17,Siliconflex transp,1.0,2128.32,2128.32,Comprobante_Electronico_3101354271_00400055010000059153.PDF,1164,Adhesivo / sellante,Ferretería,Consumible de obra,Unidad,Múltiples etapas,4,Alta,No,,
FERRETERIA EPA S.A.,400055010000059280,2025-11-19,Mototool 130w 26ac,1.0,43696.46,43696.46,Comprobante_Electronico_3101354271_00400055010000059280.PDF,1165,Herramienta eléctrica,Herramientas y equipo,Herramienta/equipo,Unidad,No incorporado,5,Alta,No,,
FERRETERIA EPA S.A.,400055010000059280,2025-11-19,Cemento holcim 50,10.0,5619.47,56194.700000000004,Comprobante_Electronico_3101354271_00400055010000059280.PDF,1166,Cemento gris 50 kg,Cemento y concretos,Material permanente,Saco 50 kg,Cimentación|Estructura|Mampostería|Contrapiso,1,Alta,No,50.0,112.3894
FERRETERIA EPA S.A.,400055010000059280,2025-11-19,Semid 23x297x3344,20.0,5372.57,107451.4,Comprobante_Electronico_3101354271_00400055010000059280.PDF,1167,Semiduro madera,Madera,Consumible de obra,Unidad,Formaleta|Carpintería,4,Alta,No,,
FERRETERIA EPA S.A.,400055010000059280,2025-11-19,Semid 23x72x3344 m,30.0,1346.9,40407.0,Comprobante_Electronico_3101354271_00400055010000059280.PDF,1168,Semiduro madera,Madera,Consumible de obra,Pieza 3344 m,Formaleta|Carpintería,4,Alta,No,,
FERRETERIA EPA S.A.,400055010000059280,2025-11-19,Semidu 47x72x3344,8.0,2693.81,21550.48,Comprobante_Electronico_3101354271_00400055010000059280.PDF,1169,Madera semiduro,Madera,Material/consumible,Unidad,Formaleta|Carpintería,4,Alta,No,,
FERRETERIA EPA S.A.,400055010000059280,2025-11-19,Clavo c c 2 1/2 23,1.0,18282.3,18282.3,Comprobante_Electronico_3101354271_00400055010000059280.PDF,1170,Clavo,Ferretería,Consumible de obra,Unidad,Múltiples etapas,4,Alta,No,,
FERRETERIA EPA S.A.,300053010000069731,2025-11-21,Cemento holcim 50,10.0,5619.47,56194.700000000004,Comprobante_Electronico_3101354271_00300053010000069731.PDF,1171,Cemento gris 50 kg,Cemento y concretos,Material permanente,Saco 50 kg,Cimentación|Estructura|Mampostería|Contrapiso,1,Alta,No,50.0,112.3894
FERRETERIA EPA S.A.,400055010000059519,2025-11-24,Mar cur 16oz fvm b,1.0,3170.8,3170.8,Comprobante_Electronico_3101354271_00400055010000059519.PDF,1172,Mar Cur 16Oz Fvm B,Otros insumos,Otro registrado,Unidad,Otros,4,Baja,No,,
FERRETERIA EPA S.A.,400055010000059519,2025-11-24,Ali crt front 9mn,2.0,2888.5,5777.0,Comprobante_Electronico_3101354271_00400055010000059519.PDF,1173,Ali Crt Front 9Mn,Otros insumos,Otro registrado,Unidad,Otros,4,Baja,No,,
FERRETERIA EPA S.A.,400055010000059784,2025-11-27,Cuartilla rio pri,3.0,13886.73,41660.19,Comprobante_Electronico_3101354271_00400055010000059784.PDF,1174,Piedra / agregado,Agregados,Material permanente,m³,Cimentación|Estructura|Contrapiso,1,Alta,No,,
FERRETERIA EPA S.A.,400055010000059783,2025-11-27,Arena corriente ta,3.0,14289.38,42868.14,Comprobante_Electronico_3101354271_00400055010000059783.PDF,1175,Arena,Agregados,Material permanente,m³,Cimentación|Estructura|Mampostería|Contrapiso,1,Alta,No,,
FERRETERIA EPA S.A.,400055010000059777,2025-11-27,Deformada #3 g40 6,20.0,1248.67,24973.4,Comprobante_Electronico_3101354271_00400055010000059777.PDF,1176,Varilla #3,Acero refuerzo,Material permanente,Pieza #3 x 6 m,Cimentación|Estructura|Contrapiso,1,Alta,No,,
FERRETERIA EPA S.A.,400055010000059777,2025-11-27,Cemento holcim 50,40.0,5619.47,224778.80000000002,Comprobante_Electronico_3101354271_00400055010000059777.PDF,1177,Cemento gris 50 kg,Cemento y concretos,Material permanente,Saco 50 kg,Cimentación|Estructura|Mampostería|Contrapiso,1,Alta,No,50.0,112.3894
FERRETERIA EPA S.A.,400055010000059777,2025-11-27,Negro 1.68mm #16,20.0,511.5,10230.0,Comprobante_Electronico_3101354271_00400055010000059777.PDF,1178,Alambre negro recocido #16,Acero refuerzo,Consumible de obra,Unidad,Cimentación|Estructura,1,Alta,No,,
FERRETERIA EPA S.A.,400055010000059777,2025-11-27,Semid 23x297x3344,25.0,5372.57,134314.25,Comprobante_Electronico_3101354271_00400055010000059777.PDF,1179,Semiduro madera,Madera,Consumible de obra,Unidad,Formaleta|Carpintería,4,Alta,No,,
FERRETERIA EPA S.A.,400055010000059777,2025-11-27,Disco corte metal,5.0,1995.58,9977.9,Comprobante_Electronico_3101354271_00400055010000059777.PDF,1180,Herramienta / equipo,Herramientas y equipo,Herramienta/equipo,Unidad,No incorporado,5,Alta,No,,
FERRETERIA EPA S.A.,400055010000059777,2025-11-27,Deformada #4 g40 6,4.0,2282.3,9129.2,Comprobante_Electronico_3101354271_00400055010000059777.PDF,1181,Varilla #4,Acero refuerzo,Material permanente,Pieza #4 x 6 m,Cimentación|Estructura,1,Alta,No,,
FERRETERIA EPA S.A.,400055010000059777,2025-11-27,Arena corriente ta,3.0,14289.38,42868.14,Comprobante_Electronico_3101354271_00400055010000059777.PDF,1182,Arena,Agregados,Material permanente,m³,Cimentación|Estructura|Mampostería|Contrapiso,1,Alta,No,,
FERRETERIA EPA S.A.,400055010000059777,2025-11-27,Cuartilla rio pri,3.0,13886.73,41660.19,Comprobante_Electronico_3101354271_00400055010000059777.PDF,1183,Piedra / agregado,Agregados,Material permanente,m³,Cimentación|Estructura|Contrapiso,1,Alta,No,,
FERRETERIA EPA S.A.,400055010000059777,2025-11-27,Rueda hule 3/8 dia,2.0,7872.57,15745.14,Comprobante_Electronico_3101354271_00400055010000059777.PDF,1184,Rueda Hule 3/8 Dia,Otros insumos,Otro registrado,Unidad,Otros,4,Baja,No,,
FERRETERIA EPA S.A.,400055010000059777,2025-11-27,Semid 23x72x3344 m,15.0,1345.13,20176.95,Comprobante_Electronico_3101354271_00400055010000059777.PDF,1185,Semiduro madera,Madera,Consumible de obra,Pieza 3344 m,Formaleta|Carpintería,4,Alta,No,,
FERRETERIA EPA S.A.,400055010000059777,2025-11-27,Bk 2x30ch enchufar,1.0,10301.77,10301.77,Comprobante_Electronico_3101354271_00400055010000059777.PDF,1186,Accesorio eléctrico (genérico),Electricidad,Material permanente,Unidad,Instalación eléctrica,2,Media,No,,
FERRETERIA EPA S.A.,400055010000059777,2025-11-27,Punt diam grav 5 6,1.0,1853.98,1853.98,Comprobante_Electronico_3101354271_00400055010000059777.PDF,1187,Punt Diam Grav 5 6,Otros insumos,Otro registrado,Unidad,Otros,4,Baja,No,,
FERRETERIA EPA S.A.,400055010000059777,2025-11-27,"Cod sch40 90x3/4""",5.0,183.19,915.95,Comprobante_Electronico_3101354271_00400055010000059777.PDF,1188,Accesorio hidrosanitario (genérico),Plomería,Material permanente,Unidad,Instalaciones hidrosanitarias,2,Media,No,,
FERRETERIA EPA S.A.,400055010000059777,2025-11-27,Hi c uva 250ml,1.0,438.05,438.05,Comprobante_Electronico_3101354271_00400055010000059777.PDF,1189,Compra no constructiva,No constructivo,No incorporado,Unidad,No aplica,5,Alta,No,,
FERRETERIA EPA S.A.,400055010000059777,2025-11-27,Hi c te limon 330m,1.0,530.97,530.97,Comprobante_Electronico_3101354271_00400055010000059777.PDF,1190,Hi C Te Limon 330M,Otros insumos,Otro registrado,Unidad,Otros,4,Baja,No,,
FERRETERIA EPA S.A.,400055010000059777,2025-11-27,Hi-c melocoton 250,1.0,438.05,438.05,Comprobante_Electronico_3101354271_00400055010000059777.PDF,1191,Hi-C Melocoton 250,Otros insumos,Otro registrado,Unidad,Otros,4,Baja,No,,
FERRETERIA EPA S.A.,400055010000060172,2025-12-04,Soporte 30cm bl,2.0,2046.02,4092.04,Comprobante_Electronico_3101354271_00400055010000060172.PDF,1192,Carpintería / herraje (genérico),Carpintería y mobiliario,Material permanente,Unidad,Mobiliario,3,Media,No,,
FERRETERIA EPA S.A.,400055010000060172,2025-12-04,Alfombra 91x198cm,1.0,18136.28,18136.28,Comprobante_Electronico_3101354271_00400055010000060172.PDF,1193,Alfombra 91X198Cm,Otros insumos,Otro registrado,Unidad,Otros,4,Baja,No,,
FERRETERIA EPA S.A.,400055010000060172,2025-12-04,Arena corriente ta,3.0,14273.45,42820.350000000006,Comprobante_Electronico_3101354271_00400055010000060172.PDF,1194,Arena,Agregados,Material permanente,m³,Cimentación|Estructura|Mampostería|Contrapiso,1,Alta,No,,
FERRETERIA EPA S.A.,400055010000060158,2025-12-04,"Tubo cpvc 1/2"" 6m",2.0,4533.63,9067.26,Comprobante_Electronico_3101354271_00400055010000060158.PDF,1195,CPVC 1/2 in x 6 m,Plomería agua caliente,Material permanente,Pieza 6 m,Agua caliente,2,Alta,No,,
FERRETERIA EPA S.A.,400055010000060158,2025-12-04,Tub cond tipo a 1/,10.0,858.41,8584.1,Comprobante_Electronico_3101354271_00400055010000060158.PDF,1196,Conduit eléctrico,Electricidad,Material permanente,Unidad,Instalación eléctrica,2,Alta,No,,
FERRETERIA EPA S.A.,400055010000060158,2025-12-04,Cur cond tipo a 1/,10.0,400.0,4000.0,Comprobante_Electronico_3101354271_00400055010000060158.PDF,1197,Conduit / accesorio,Electricidad,Material permanente,Unidad,Instalación eléctrica,2,Alta,No,,
FERRETERIA EPA S.A.,400055010000060258,2025-12-05,"Cod sch40 90x1/2""",10.0,84.07,840.6999999999999,Comprobante_Electronico_3101354271_00400055010000060258.PDF,1198,Accesorio hidrosanitario (genérico),Plomería,Material permanente,Unidad,Instalaciones hidrosanitarias,2,Media,No,,
FERRETERIA EPA S.A.,400055010000060257,2025-12-05,Ext 3m spt 2x16 bl,3.0,1898.23,5694.6900000000005,Comprobante_Electronico_3101354271_00400055010000060257.PDF,1199,Ext 3M Spt 2X16 Bl,Otros insumos,Otro registrado,Unidad,Otros,4,Baja,No,,
FERRETERIA EPA S.A.,400055010000060257,2025-12-05,Ext 5m spt 2x16 ca,1.0,2644.25,2644.25,Comprobante_Electronico_3101354271_00400055010000060257.PDF,1200,Ext 5M Spt 2X16 Ca,Otros insumos,Otro registrado,Unidad,Otros,4,Baja,No,,
FERRETERIA EPA S.A.,400055010000060255,2025-12-05,Cemento holcim 50,5.0,5619.47,28097.350000000002,Comprobante_Electronico_3101354271_00400055010000060255.PDF,1201,Cemento gris 50 kg,Cemento y concretos,Material permanente,Saco 50 kg,Cimentación|Estructura|Mampostería|Contrapiso,1,Alta,No,50.0,112.3894
FERRETERIA EPA S.A.,400055010000060381,2025-12-09,Bonde standard 25k,2.0,3065.49,6130.98,Comprobante_Electronico_3101354271_00400055010000060381.PDF,1202,Bondex / adhesivo cementicio 25 kg,Adhesivos cerámicos,Material permanente,Unidad,Pisos y enchapes,2,Alta,No,,
FERRETERIA EPA S.A.,400055010000060381,2025-12-09,Super coat blnco m,2.0,56194.69,112389.38,Comprobante_Electronico_3101354271_00400055010000060381.PDF,1203,Pintura / recubrimiento,Pintura,Material permanente,Unidad,Pintura,3,Alta,No,,
FERRETERIA EPA S.A.,400055010000060381,2025-12-09,Lavadero polietile,1.0,47456.64,47456.64,Comprobante_Electronico_3101354271_00400055010000060381.PDF,1204,Lavadero,Sanitarios,Material permanente,Unidad,Aparatos sanitarios,3,Alta,No,,
FERRETERIA EPA S.A.,400055010000060381,2025-12-09,Organizador plasti,1.0,9584.96,9584.96,Comprobante_Electronico_3101354271_00400055010000060381.PDF,1205,Compra no constructiva,No constructivo,No incorporado,Unidad,No aplica,5,Alta,No,,
FERRETERIA EPA S.A.,400055010000060381,2025-12-09,Ext 1.5m spt 2x16,1.0,1119.47,1119.47,Comprobante_Electronico_3101354271_00400055010000060381.PDF,1206,Ext 1.5M Spt 2X16,Otros insumos,Otro registrado,Unidad,Otros,4,Baja,No,,
FERRETERIA EPA S.A.,400055010000060381,2025-12-09,Aro repello 2gang,2.0,315.04,630.08,Comprobante_Electronico_3101354271_00400055010000060381.PDF,1207,Mortero repello,Morteros,Material permanente,Unidad,Repello,2,Alta,No,,
FERRETERIA EPA S.A.,400055010000060381,2025-12-09,Lap carp rojo lyra,2.0,369.91,739.82,Comprobante_Electronico_3101354271_00400055010000060381.PDF,1208,Lap Carp Rojo Lyra,Otros insumos,Otro registrado,Unidad,Otros,4,Baja,No,,
FERRETERIA EPA S.A.,400055010000060381,2025-12-09,Lap carp lyra amar,1.0,406.19,406.19,Comprobante_Electronico_3101354271_00400055010000060381.PDF,1209,Lap Carp Lyra Amar,Otros insumos,Otro registrado,Unidad,Otros,4,Baja,No,,
FERRETERIA EPA S.A.,400055010000060381,2025-12-09,Clavo explo 3 4 10,1.0,269.91,269.91,Comprobante_Electronico_3101354271_00400055010000060381.PDF,1210,Clavo,Ferretería,Consumible de obra,Unidad,Múltiples etapas,4,Alta,No,,
FERRETERIA EPA S.A.,400055010000060381,2025-12-09,Nivel torp magnet,1.0,714.16,714.16,Comprobante_Electronico_3101354271_00400055010000060381.PDF,1211,Herramienta / equipo,Herramientas y equipo,Herramienta/equipo,Unidad,No incorporado,5,Alta,No,,
FERRETERIA EPA S.A.,400055010000060381,2025-12-09,Clavo explo 3 4 10,2.0,269.91,539.82,Comprobante_Electronico_3101354271_00400055010000060381.PDF,1212,Clavo,Ferretería,Consumible de obra,Unidad,Múltiples etapas,4,Alta,No,,
FERRETERIA EPA S.A.,400055010000060381,2025-12-09,Mart mini 8oz mng,1.0,2697.35,2697.35,Comprobante_Electronico_3101354271_00400055010000060381.PDF,1213,Mart Mini 8Oz Mng,Otros insumos,Otro registrado,Unidad,Otros,4,Baja,No,,
FERRETERIA EPA S.A.,400055010000060381,2025-12-09,Crayon rojo c forr,1.0,357.52,357.52,Comprobante_Electronico_3101354271_00400055010000060381.PDF,1214,Consumible / herramienta de obra,Ferretería,Consumible de obra,Unidad,Múltiples etapas,4,Media,No,,
FERRETERIA EPA S.A.,400055010000060381,2025-12-09,Mono 1/2xm10,4.0,2573.45,10293.8,Comprobante_Electronico_3101354271_00400055010000060381.PDF,1215,Mono 1/2Xm10,Otros insumos,Otro registrado,Unidad,Otros,4,Baja,No,,
FERRETERIA EPA S.A.,400055010000060533,2025-12-11,Fino bco extremo 2,1.0,1479.65,1479.65,Comprobante_Electronico_3101354271_00400055010000060533.PDF,1216,Fino Bco Extremo 2,Otros insumos,Otro registrado,Unidad,Otros,4,Baja,No,,
FERRETERIA EPA S.A.,400055010000060533,2025-12-11,Bondex plus 25 kg,1.0,4155.75,4155.75,Comprobante_Electronico_3101354271_00400055010000060533.PDF,1217,Bondex Plus 25 kg,Adhesivos cerámicos,Material permanente,Saco/bolsa 25 kg,Pisos y enchapes,2,Alta,No,25.0,166.23
FERRETERIA EPA S.A.,400055010000060533,2025-12-11,"Rodin f 11/2"" 30kg",2.0,1634.51,3269.02,Comprobante_Electronico_3101354271_00400055010000060533.PDF,1218,"Rodin F 11/2"" 30Kg",Otros insumos,Otro registrado,Saco/bolsa 30 kg,Otros,4,Baja,No,30.0,54.4837
FERRETERIA EPA S.A.,400055010000060533,2025-12-11,"Rodin g 1 1/2"" 35k",2.0,2079.65,4159.3,Comprobante_Electronico_3101354271_00400055010000060533.PDF,1219,"Rodin G 1 1/2"" 35K",Otros insumos,Otro registrado,Unidad,Otros,4,Baja,No,,
FERRETERIA EPA S.A.,400055010000060533,2025-12-11,Sisa piso 1mm 100u,2.0,76.99,153.98,Comprobante_Electronico_3101354271_00400055010000060533.PDF,1220,Porcelanato / piso,Pisos y enchapes,Material permanente,Unidad,Pisos y enchapes,2,Alta,No,,
FERRETERIA EPA S.A.,400055010000060533,2025-12-11,Disc flap 4-1/2 g1,1.0,761.06,761.06,Comprobante_Electronico_3101354271_00400055010000060533.PDF,1221,Herramienta / accesorio herramienta,Herramientas y equipo,Herramienta/equipo,Unidad,No incorporado,5,Alta,No,,
FERRETERIA EPA S.A.,400055010000060533,2025-12-11,Dis flap 4-1/2 g 8,1.0,761.06,761.06,Comprobante_Electronico_3101354271_00400055010000060533.PDF,1222,Dis Flap 4-1/2 G 8,Otros insumos,Otro registrado,Unidad,Otros,4,Baja,No,,
FERRETERIA EPA S.A.,400055010000060533,2025-12-11,Lija agua #220 9x1,5.0,190.27,951.35,Comprobante_Electronico_3101354271_00400055010000060533.PDF,1223,Lija,Pintura y acabados,Consumible de obra,Unidad,Acabados,4,Alta,No,,
FERRETERIA EPA S.A.,400055010000060533,2025-12-11,Lija agua 100 3m,5.0,330.97,1654.8500000000001,Comprobante_Electronico_3101354271_00400055010000060533.PDF,1224,Lija,Pintura y acabados,Consumible de obra,Unidad,Acabados,4,Alta,No,,
FERRETERIA EPA S.A.,400055010000060533,2025-12-11,Lav estella blanco,1.0,26603.54,26603.54,Comprobante_Electronico_3101354271_00400055010000060533.PDF,1225,Accesorio hidrosanitario (genérico),Plomería,Material permanente,Unidad,Instalaciones hidrosanitarias,2,Media,No,,
FERRETERIA EPA S.A.,400055010000060533,2025-12-11,Azulejo subway bla,2.0,10806.19,21612.38,Comprobante_Electronico_3101354271_00400055010000060533.PDF,1226,Azulejo / revestimiento cerámico,Pisos y enchapes,Material permanente,Unidad,Pisos y enchapes,2,Alta,No,,
FERRETERIA EPA S.A.,400055010000060533,2025-12-11,Pasta gypsum 1gal,1.0,3522.12,3522.12,Comprobante_Electronico_3101354271_00400055010000060533.PDF,1227,Pasta / masilla gypsum,Gypsum y liviano,Material permanente,Envase 1 gal,Cielos y divisiones,3,Alta,No,,
FERRETERIA EPA S.A.,500042010000028282,2025-12-16,Prensa resorte 2,2.0,943.36,1886.72,Comprobante_Electronico_3101354271_00500042010000028282.PDF,1228,Herramienta manual,Herramientas y equipo,Herramienta/equipo,Unidad,No incorporado,5,Alta,No,,
FERRETERIA EPA S.A.,500042010000028282,2025-12-16,Prensa esquinera 9,1.0,2345.13,2345.13,Comprobante_Electronico_3101354271_00500042010000028282.PDF,1229,Herramienta manual,Herramientas y equipo,Herramienta/equipo,Unidad,No incorporado,5,Alta,No,,
FERRETERIA EPA S.A.,500042010000028282,2025-12-16,"Madera 6x1 1 2"" 30",1.0,457.52,457.52,Comprobante_Electronico_3101354271_00500042010000028282.PDF,1230,Carpintería / herraje (genérico),Carpintería y mobiliario,Material permanente,Unidad,Mobiliario,3,Media,No,,
FERRETERIA EPA S.A.,500042010000028282,2025-12-16,"Madera 6x1"" 50u",1.0,482.3,482.3,Comprobante_Electronico_3101354271_00500042010000028282.PDF,1231,Carpintería / herraje (genérico),Carpintería y mobiliario,Material permanente,Unidad,Mobiliario,3,Media,No,,
FERRETERIA EPA S.A.,500042010000028282,2025-12-16,Disc flap 4-1/2 g1,2.0,760.18,1520.36,Comprobante_Electronico_3101354271_00500042010000028282.PDF,1232,Herramienta / accesorio herramienta,Herramientas y equipo,Herramienta/equipo,Unidad,No incorporado,5,Alta,No,,
FERRETERIA EPA S.A.,500042010000028282,2025-12-16,Anclaje radial 6mm,2.0,405.31,810.62,Comprobante_Electronico_3101354271_00500042010000028282.PDF,1233,Tornillo / fijación,Ferretería,Consumible de obra,Unidad,Múltiples etapas,4,Alta,No,,
FERRETERIA EPA S.A.,500042010000028282,2025-12-16,Disco abrasivo ox,1.0,3029.2,3029.2,Comprobante_Electronico_3101354271_00500042010000028282.PDF,1234,Herramienta / equipo,Herramientas y equipo,Herramienta/equipo,Unidad,No incorporado,5,Alta,No,,
FERRETERIA EPA S.A.,500042010000028282,2025-12-16,"Broca conc 1 4""x4""",1.0,678.76,678.76,Comprobante_Electronico_3101354271_00500042010000028282.PDF,1235,Herramienta / equipo,Herramientas y equipo,Herramienta/equipo,Unidad,No incorporado,5,Alta,No,,
FERRETERIA EPA S.A.,500042010000028282,2025-12-16,"Angular 2"" 4u",1.0,1324.78,1324.78,Comprobante_Electronico_3101354271_00500042010000028282.PDF,1236,Angular metálico,Estructura metálica,Material permanente,Unidad,Estructura|Carpintería metálica,2,Alta,No,,
FERRETERIA EPA S.A.,500042010000028282,2025-12-16,Punta phillips dob,1.0,720.35,720.35,Comprobante_Electronico_3101354271_00500042010000028282.PDF,1237,Punta Phillips Dob,Otros insumos,Otro registrado,Unidad,Otros,4,Baja,No,,
FERRETERIA EPA S.A.,500042010000028282,2025-12-16,Cort mad plas gyp,1.0,4278.76,4278.76,Comprobante_Electronico_3101354271_00500042010000028282.PDF,1238,Herramienta / accesorio herramienta,Herramientas y equipo,Herramienta/equipo,Unidad,No incorporado,5,Alta,No,,
FERRETERIA EPA S.A.,500042010000028282,2025-12-16,Segueta 10 alumini,1.0,2819.47,2819.47,Comprobante_Electronico_3101354271_00500042010000028282.PDF,1239,Segueta 10 Alumini,Otros insumos,Otro registrado,Unidad,Otros,4,Baja,No,,
FERRETERIA EPA S.A.,500042010000028282,2025-12-16,"A cu a 1 4x1 1 2""",2.0,667.26,1334.52,Comprobante_Electronico_3101354271_00500042010000028282.PDF,1240,"A Cu A 1 4X1 1 2""",Otros insumos,Otro registrado,Unidad,Otros,4,Baja,No,,
FERRETERIA EPA S.A.,500042010000028282,2025-12-16,Hoja segueta 24 dp,1.0,746.02,746.02,Comprobante_Electronico_3101354271_00500042010000028282.PDF,1241,Hoja Segueta 24 Dp,Otros insumos,Otro registrado,Unidad,Otros,4,Baja,No,,
FERRETERIA EPA S.A.,500042010000028282,2025-12-16,Lija mader #150 9x,2.0,161.95,323.9,Comprobante_Electronico_3101354271_00500042010000028282.PDF,1242,Lija,Pintura y acabados,Consumible de obra,Unidad,Acabados,4,Alta,No,,
FERRETERIA EPA S.A.,500042010000028282,2025-12-16,Lija agua 240 3m,2.0,238.05,476.1,Comprobante_Electronico_3101354271_00500042010000028282.PDF,1243,Lija,Pintura y acabados,Consumible de obra,Unidad,Acabados,4,Alta,No,,
FERRETERIA EPA S.A.,500042010000028282,2025-12-16,"Cod 90 pvc 3"" cano",4.0,2109.73,8438.92,Comprobante_Electronico_3101354271_00500042010000028282.PDF,1244,Accesorio hidrosanitario (genérico),Plomería,Material permanente,Unidad,Instalaciones hidrosanitarias,2,Media,No,,
FERRETERIA EPA S.A.,500042010000028282,2025-12-16,Cemento contacto 8,1.0,2440.71,2440.71,Comprobante_Electronico_3101354271_00500042010000028282.PDF,1245,Cemento contacto,Adhesivos,Consumible de obra,Unidad,Carpintería y acabados,4,Alta,No,,
FERRETERIA EPA S.A.,500042010000028282,2025-12-16,Plata toma gfci w,4.0,6572.57,26290.28,Comprobante_Electronico_3101354271_00500042010000028282.PDF,1246,Interruptor / toma / caja eléctrica,Electricidad,Material permanente,Unidad,Instalación eléctrica,2,Alta,No,,
FERRETERIA EPA S.A.,500042010000028282,2025-12-16,Tope magnetico cro,3.0,4739.82,14219.46,Comprobante_Electronico_3101354271_00500042010000028282.PDF,1247,Tope puerta,Puertas y cerraduras,Material permanente,Unidad,Puertas,3,Alta,No,,
FERRETERIA EPA S.A.,500042010000028282,2025-12-16,"Red cpvc 3/4x1/2""",1.0,234.51,234.51,Comprobante_Electronico_3101354271_00500042010000028282.PDF,1248,CPVC 1/2 in x 6 m,Plomería agua caliente,Material permanente,Unidad,Agua caliente,2,Alta,No,,
FERRETERIA EPA S.A.,500042010000028282,2025-12-16,"Adap hemb 3/4"" cpv",1.0,952.21,952.21,Comprobante_Electronico_3101354271_00500042010000028282.PDF,1249,"Adap Hemb 3/4"" Cpv",Otros insumos,Otro registrado,Unidad,Otros,4,Baja,No,,
FERRETERIA EPA S.A.,500042010000028282,2025-12-16,Dnflex 230 negro 3,2.0,3331.86,6663.72,Comprobante_Electronico_3101354271_00500042010000028282.PDF,1250,Dnflex 230 Negro 3,Otros insumos,Otro registrado,Unidad,Otros,4,Baja,No,,
FERRETERIA EPA S.A.,500042010000028282,2025-12-16,Grifo cocina mezcl,1.0,14238.94,14238.94,Comprobante_Electronico_3101354271_00500042010000028282.PDF,1251,Grifería,Sanitarios,Material permanente,Unidad,Aparatos sanitarios,3,Alta,No,,
FERRETERIA EPA S.A.,500042010000028282,2025-12-16,Llave larga lav,1.0,5043.36,5043.36,Comprobante_Electronico_3101354271_00500042010000028282.PDF,1252,Grifería lavamanos,Sanitarios,Material permanente,Unidad,Aparatos sanitarios,3,Alta,No,,
FERRETERIA EPA S.A.,500042010000028282,2025-12-16,Tapacanto seda gio,30.0,116.81,3504.3,Comprobante_Electronico_3101354271_00500042010000028282.PDF,1253,Tapacanto,Carpintería y mobiliario,Material permanente,Unidad,Mobiliario,3,Alta,No,,
FERRETERIA EPA S.A.,500042010000028282,2025-12-16,Botaguas al #28 30,3.0,1544.25,4632.75,Comprobante_Electronico_3101354271_00500042010000028282.PDF,1254,Lámina techo ondulada #28,Cubierta y techo,Material permanente,Unidad,Cubierta,2,Alta,No,,
FERRETERIA EPA S.A.,500042010000028282,2025-12-16,Maxiemp ex liso b,1.0,7711.5,7711.5,Comprobante_Electronico_3101354271_00500042010000028282.PDF,1255,Pintura / laca / tinte,Pintura,Material permanente,Unidad,Pintura,3,Alta,No,,
FERRETERIA EPA S.A.,500042010000028282,2025-12-16,Melamina 4 x 8 16m,2.0,16630.97,33261.94,Comprobante_Electronico_3101354271_00500042010000028282.PDF,1256,Melamina,Carpintería y mobiliario,Material permanente,Unidad,Mobiliario,3,Alta,No,,
FERRETERIA EPA S.A.,500042010000028282,2025-12-16,Desag lav rejilla,3.0,762.83,2288.4900000000002,Comprobante_Electronico_3101354271_00500042010000028282.PDF,1257,Accesorio hidrosanitario (genérico),Plomería,Material permanente,Unidad,Instalaciones hidrosanitarias,2,Media,No,,
FERRETERIA EPA S.A.,400055010000060805,2025-12-16,Botaguas al #28 23,4.0,1212.39,4849.56,Comprobante_Electronico_3101354271_00400055010000060805.PDF,1258,Lámina techo ondulada #28,Cubierta y techo,Material permanente,Unidad,Cubierta,2,Alta,No,,
FERRETERIA EPA S.A.,500042010000028407,2025-12-18,3/4nhx3/4nh 1.8m,1.0,3900.0,3900.0,Comprobante_Electronico_3101354271_00500042010000028407.PDF,1259,Manguera / abasto flexible,Plomería,Material permanente,Unidad,Instalaciones hidrosanitarias,2,Alta,No,,
FERRETERIA EPA S.A.,500042010000028407,2025-12-18,Soport doble caf,5.0,4070.8,20354.0,Comprobante_Electronico_3101354271_00500042010000028407.PDF,1260,Riel / soporte mobiliario,Carpintería y mobiliario,Material permanente,Unidad,Mobiliario,3,Alta,No,,
FERRETERIA EPA S.A.,500042010000028407,2025-12-18,"Terminal caf 1""",5.0,919.47,4597.35,Comprobante_Electronico_3101354271_00500042010000028407.PDF,1261,"Terminal Caf 1""",Otros insumos,Otro registrado,Unidad,Otros,4,Baja,No,,
FERRETERIA EPA S.A.,500042010000028407,2025-12-18,Aglomerado 4x8 15,1.0,19653.1,19653.1,Comprobante_Electronico_3101354271_00500042010000028407.PDF,1262,Melamina / tablero,Carpintería y mobiliario,Material permanente,Unidad,Mobiliario,3,Alta,No,,
FERRETERIA EPA S.A.,500042010000028407,2025-12-18,Bajant red pvc 3 3,1.0,5948.67,5948.67,Comprobante_Electronico_3101354271_00500042010000028407.PDF,1263,Accesorio hidrosanitario (genérico),Plomería,Material permanente,Unidad,Instalaciones hidrosanitarias,2,Media,No,,
FERRETERIA EPA S.A.,500042010000028407,2025-12-18,"Tubo cafe 1""x2m",2.0,5878.76,11757.52,Comprobante_Electronico_3101354271_00500042010000028407.PDF,1264,Metal / perfil (genérico),Estructura metálica,Material permanente,Pieza 2 m,Estructura|Cubierta,2,Media,No,,
FERRETERIA EPA S.A.,500042010000028407,2025-12-18,"Tubo cafe 1"" x 2.5",2.0,7328.32,14656.64,Comprobante_Electronico_3101354271_00500042010000028407.PDF,1265,Metal / perfil (genérico),Estructura metálica,Material permanente,Unidad,Estructura|Cubierta,2,Media,No,,
FERRETERIA EPA S.A.,500042010000028407,2025-12-18,"Tubo cafe 1""x1.5m",1.0,4405.31,4405.31,Comprobante_Electronico_3101354271_00500042010000028407.PDF,1266,Metal / perfil (genérico),Estructura metálica,Material permanente,Pieza 1.5 m,Estructura|Cubierta,2,Media,No,,
FERRETERIA EPA S.A.,400055010000060994,2025-12-18,Azulejo subway bla,1.0,8200.0,8200.0,Comprobante_Electronico_3101354271_00400055010000060994.PDF,1267,Azulejo / revestimiento cerámico,Pisos y enchapes,Material permanente,Unidad,Pisos y enchapes,2,Alta,No,,
FERRETERIA EPA S.A.,400055010000060994,2025-12-18,Niple hc 1/2 x 1-1,1.0,274.34,274.34,Comprobante_Electronico_3101354271_00400055010000060994.PDF,1268,Niple / accesorio HG,Plomería,Material permanente,Unidad,Instalaciones hidrosanitarias,2,Alta,No,,
FERRETERIA EPA S.A.,400055010000060994,2025-12-18,"Niple hg 3/4"" x tr",1.0,190.27,190.27,Comprobante_Electronico_3101354271_00400055010000060994.PDF,1269,Niple / accesorio HG,Plomería,Material permanente,Unidad,Instalaciones hidrosanitarias,2,Alta,No,,
FERRETERIA EPA S.A.,400055010000060994,2025-12-18,Reduccion 3/4-1/2,1.0,337.17,337.17,Comprobante_Electronico_3101354271_00400055010000060994.PDF,1270,Reducción sanitaria,Plomería sanitaria,Material permanente,Unidad,Instalación sanitaria,2,Alta,No,,
FERRETERIA EPA S.A.,500042010000028457,2025-12-19,Rod c/ext 43a98cm,1.0,4015.04,4015.04,Comprobante_Electronico_3101354271_00500042010000028457.PDF,1271,Rod C/Ext 43A98Cm,Otros insumos,Otro registrado,Unidad,Otros,4,Baja,No,,
FERRETERIA EPA S.A.,500042010000028457,2025-12-19,Thinner fino 1 l,1.0,2246.02,2246.02,Comprobante_Electronico_3101354271_00500042010000028457.PDF,1272,Thinner / diluyente,Pintura,Consumible de obra,Envase 1 L,Pintura,3,Alta,No,,
FERRETERIA EPA S.A.,500042010000028457,2025-12-19,Felpa antigot 9x1/,2.0,1892.04,3784.08,Comprobante_Electronico_3101354271_00500042010000028457.PDF,1273,Brocha / felpa pintura,Pintura,Herramienta/equipo,Unidad,Pintura,3,Alta,No,,
FERRETERIA EPA S.A.,500042010000028457,2025-12-19,"Brocha estandar 3""",1.0,2669.03,2669.03,Comprobante_Electronico_3101354271_00500042010000028457.PDF,1274,Brocha / felpa pintura,Pintura,Herramienta/equipo,Unidad,Pintura,3,Alta,No,,
FERRETERIA EPA S.A.,500042010000028457,2025-12-19,Alex fast blnco 30,1.0,3331.86,3331.86,Comprobante_Electronico_3101354271_00500042010000028457.PDF,1275,Adhesivo / sellador,Adhesivos y selladores,Consumible de obra,Unidad,Acabados,4,Alta,No,,
FERRETERIA EPA S.A.,500042010000028457,2025-12-19,Manija 30.48cm ng,2.0,3392.04,6784.08,Comprobante_Electronico_3101354271_00500042010000028457.PDF,1276,Herraje mobiliario,Carpintería y mobiliario,Material permanente,Unidad,Mobiliario,3,Media,No,,
FERRETERIA EPA S.A.,500042010000028457,2025-12-19,Tpcanto lou wengue,20.0,141.59,2831.8,Comprobante_Electronico_3101354271_00500042010000028457.PDF,1277,Canto PVC mobiliario,Carpintería y mobiliario,Material permanente,Unidad,Mobiliario,3,Alta,No,,
FERRETERIA EPA S.A.,500042010000028457,2025-12-19,Tapa tor text13mm,5.0,318.58,1592.8999999999999,Comprobante_Electronico_3101354271_00500042010000028457.PDF,1278,Tapa Tor Text13Mm,Otros insumos,Otro registrado,Unidad,Otros,4,Baja,No,,
FERRETERIA EPA S.A.,500042010000028457,2025-12-19,Tapa torwengue0.13,1.0,570.8,570.8,Comprobante_Electronico_3101354271_00500042010000028457.PDF,1279,Tapa Torwengue0.13,Otros insumos,Otro registrado,Unidad,Otros,4,Baja,No,,
FERRETERIA EPA S.A.,500042010000028457,2025-12-19,Ducha 220v tipo te,1.0,72815.04,72815.04,Comprobante_Electronico_3101354271_00500042010000028457.PDF,1280,Ducha,Sanitarios,Material permanente,Unidad,Aparatos sanitarios,3,Alta,No,,
FERRETERIA EPA S.A.,400055010000061062,2025-12-19,Pino imp 19x41 mm,3.0,1228.32,3684.96,Comprobante_Electronico_3101354271_00400055010000061062.PDF,1281,Madera pino,Madera,Material/consumible,Unidad,Formaleta|Carpintería,4,Alta,No,,
FERRETERIA EPA S.A.,400055010000061062,2025-12-19,Bisag 3x3 lat sat,4.0,1407.08,5628.32,Comprobante_Electronico_3101354271_00400055010000061062.PDF,1282,Cerrajería,Puertas y cerraduras,Material permanente,Unidad,Puertas,3,Alta,No,,
FERRETERIA EPA S.A.,400055010000061062,2025-12-19,Pata mesa 9x9x35cm,1.0,4864.6,4864.6,Comprobante_Electronico_3101354271_00400055010000061062.PDF,1283,Carpintería / herraje (genérico),Carpintería y mobiliario,Material permanente,Unidad,Mobiliario,3,Media,No,,
FERRETERIA EPA S.A.,400055010000061062,2025-12-19,Bisagra recta 35 m,4.0,1023.01,4092.04,Comprobante_Electronico_3101354271_00400055010000061062.PDF,1284,Cerrajería,Puertas y cerraduras,Material permanente,Unidad,Puertas,3,Alta,No,,
FERRETERIA EPA S.A.,400055010000061062,2025-12-19,Enchufe 50a 125 25,1.0,2115.93,2115.93,Comprobante_Electronico_3101354271_00400055010000061062.PDF,1285,Enchufe / apagador,Electricidad,Material permanente,Unidad,Instalación eléctrica,2,Alta,No,,
FERRETERIA EPA S.A.,400055010000061062,2025-12-19,Cemento contacto 8,1.0,2440.71,2440.71,Comprobante_Electronico_3101354271_00400055010000061062.PDF,1286,Cemento contacto,Adhesivos,Consumible de obra,Unidad,Carpintería y acabados,4,Alta,No,,
FERRETERIA EPA S.A.,400055010000061062,2025-12-19,Anclaje radial 8mm,2.0,447.79,895.58,Comprobante_Electronico_3101354271_00400055010000061062.PDF,1287,Tornillo / fijación,Ferretería,Consumible de obra,Unidad,Múltiples etapas,4,Alta,No,,
FERRETERIA EPA S.A.,400055010000061062,2025-12-19,Broca concreto 5/1,1.0,1797.35,1797.35,Comprobante_Electronico_3101354271_00400055010000061062.PDF,1288,Herramienta / equipo,Herramientas y equipo,Herramienta/equipo,Unidad,No incorporado,5,Alta,No,,
FERRETERIA EPA S.A.,400055010000061062,2025-12-19,"Madera 10x1 1 2"" 1",3.0,302.65,907.9499999999999,Comprobante_Electronico_3101354271_00400055010000061062.PDF,1289,Carpintería / herraje (genérico),Carpintería y mobiliario,Material permanente,Unidad,Mobiliario,3,Media,No,,
FERRETERIA EPA S.A.,400055010000061062,2025-12-19,"Metal red 10x3 4""",2.0,453.98,907.96,Comprobante_Electronico_3101354271_00400055010000061062.PDF,1290,Metal / perfil (genérico),Estructura metálica,Material permanente,Unidad,Estructura|Cubierta,2,Media,No,,
FERRETERIA EPA S.A.,400055010000061062,2025-12-19,Powerade mountain,1.0,1057.52,1057.52,Comprobante_Electronico_3101354271_00400055010000061062.PDF,1291,Compra no constructiva,No constructivo,No incorporado,Unidad,No aplica,5,Alta,No,,
FERRETERIA EPA S.A.,400055010000061062,2025-12-19,Fanta kolita 600ml,1.0,969.03,969.03,Comprobante_Electronico_3101354271_00400055010000061062.PDF,1292,Compra no constructiva,No constructivo,No incorporado,Unidad,No aplica,5,Alta,No,,
FERRETERIA EPA S.A.,400054010000030656,2025-12-20,Sistema ducha 100x,2.0,50667.26,101334.52,Comprobante_Electronico_3101354271_00400054010000030656.PDF,1293,Ducha,Sanitarios,Material permanente,Unidad,Aparatos sanitarios,3,Alta,No,,
FERRETERIA EPA S.A.,400054010000030656,2025-12-20,Powerade mountain,1.0,802.65,802.65,Comprobante_Electronico_3101354271_00400054010000030656.PDF,1294,Compra no constructiva,No constructivo,No incorporado,Unidad,No aplica,5,Alta,No,,
FERRETERIA EPA S.A.,400054010000030656,2025-12-20,"Terminal caf 1""",5.0,917.7,4588.5,Comprobante_Electronico_3101354271_00400054010000030656.PDF,1295,"Terminal Caf 1""",Otros insumos,Otro registrado,Unidad,Otros,4,Baja,No,,
FERRETERIA EPA S.A.,400054010000030656,2025-12-20,"Tapa hg 1/2""",2.0,218.58,437.16,Comprobante_Electronico_3101354271_00400054010000030656.PDF,1296,"Tapa Hg 1/2""",Otros insumos,Otro registrado,Unidad,Otros,4,Baja,No,,
FERRETERIA EPA S.A.,400054010000030656,2025-12-20,Porc 60x60 negro,2.0,6632.74,13265.48,Comprobante_Electronico_3101354271_00400054010000030656.PDF,1297,Porcelanato / piso,Pisos y enchapes,Material permanente,Unidad,Pisos y enchapes,2,Alta,No,,
FERRETERIA EPA S.A.,400054010000030656,2025-12-20,Bondex plus 25 kg,2.0,4411.5,8823.0,Comprobante_Electronico_3101354271_00400054010000030656.PDF,1298,Bondex Plus 25 kg,Adhesivos cerámicos,Material permanente,Saco/bolsa 25 kg,Pisos y enchapes,2,Alta,No,25.0,176.46
FERRETERIA EPA S.A.,400054010000030667,2025-12-20,Bushing npt 3/4x1/,2.0,3792.92,7585.84,Comprobante_Electronico_3101354271_00400054010000030667.PDF,1299,Niple / accesorio HG,Plomería,Material permanente,Unidad,Instalaciones hidrosanitarias,2,Alta,No,,
FERRETERIA EPA S.A.,400054010000030667,2025-12-20,Bushing npt 1/2x1/,2.0,2563.72,5127.44,Comprobante_Electronico_3101354271_00400054010000030667.PDF,1300,Niple / accesorio HG,Plomería,Material permanente,Unidad,Instalaciones hidrosanitarias,2,Alta,No,,
FERRETERIA EPA S.A.,400054010000030667,2025-12-20,Powerade frutas 60,2.0,1057.52,2115.04,Comprobante_Electronico_3101354271_00400054010000030667.PDF,1301,Compra no constructiva,No constructivo,No incorporado,Unidad,No aplica,5,Alta,No,,
FERRETERIA EPA S.A.,500056010000038033,2025-12-20,Tapa tor text13mm,2.0,318.58,637.16,Comprobante_Electronico_3101354271_00500056010000038033.PDF,1302,Tapa Tor Text13Mm,Otros insumos,Otro registrado,Unidad,Otros,4,Baja,No,,
FERRETERIA EPA S.A.,600049010000082136,2025-12-26,"Madera 8x2 1 2"" 10",2.0,221.24,442.48,Comprobante_Electronico_3101354271_00600049010000082136.PDF,1303,Carpintería / herraje (genérico),Carpintería y mobiliario,Material permanente,Unidad,Mobiliario,3,Media,No,,
FERRETERIA EPA S.A.,600049010000082136,2025-12-26,Tapa torn concrete,3.0,310.62,931.86,Comprobante_Electronico_3101354271_00600049010000082136.PDF,1304,Tapa Torn Concrete,Otros insumos,Otro registrado,Unidad,Otros,4,Baja,No,,
FERRETERIA EPA S.A.,300056010000010815,2025-12-26,Rodapie alu 10x400,1.0,5316.81,5316.81,Comprobante_Electronico_3101354271_00300056010000010815.PDF,1305,Rodapié,Pisos y enchapes,Material permanente,Unidad,Pisos y enchapes,2,Alta,No,,
FERRETERIA EPA S.A.,300056010000010815,2025-12-26,Columna ducha mono,1.0,62414.16,62414.16,Comprobante_Electronico_3101354271_00300056010000010815.PDF,1306,Ducha,Sanitarios,Material permanente,Unidad,Aparatos sanitarios,3,Alta,No,,
FERRETERIA EPA S.A.,300056010000010815,2025-12-26,Cemento holcim 50,1.0,5619.47,5619.47,Comprobante_Electronico_3101354271_00300056010000010815.PDF,1307,Cemento gris 50 kg,Cemento y concretos,Material permanente,Saco 50 kg,Cimentación|Estructura|Mampostería|Contrapiso,1,Alta,No,50.0,112.3894
FERRETERIA EPA S.A.,300056010000010815,2025-12-26,Panel wpc mad-negr,5.0,2304.42,11522.1,Comprobante_Electronico_3101354271_00300056010000010815.PDF,1308,Panel / tablilla PVC,Acabados,Material permanente,Unidad,Cielos y divisiones|Acabados,4,Alta,No,,
FERRETERIA EPA S.A.,400055010000061260,2025-12-26,Ferresil trnsp 280,1.0,3810.62,3810.62,Comprobante_Electronico_3101354271_00400055010000061260.PDF,1309,Adhesivo / sellador,Adhesivos y selladores,Consumible de obra,Unidad,Acabados,4,Alta,No,,
FERRETERIA EPA S.A.,400055010000061260,2025-12-26,Mandril y disc cor,1.0,8715.93,8715.93,Comprobante_Electronico_3101354271_00400055010000061260.PDF,1310,Herramienta / accesorio herramienta,Herramientas y equipo,Herramienta/equipo,Unidad,No incorporado,5,Alta,No,,
FERRETERIA EPA S.A.,400055010000061260,2025-12-26,Disco corte carbur,1.0,8284.07,8284.07,Comprobante_Electronico_3101354271_00400055010000061260.PDF,1311,Herramienta / equipo,Herramientas y equipo,Herramienta/equipo,Unidad,No incorporado,5,Alta,No,,
FERRETERIA EPA S.A.,400055010000061260,2025-12-26,"Tuerca 3 8"" 10u",1.0,439.82,439.82,Comprobante_Electronico_3101354271_00400055010000061260.PDF,1312,Tornillo / fijación,Ferretería,Consumible de obra,Unidad,Múltiples etapas,4,Alta,No,,
FERRETERIA EPA S.A.,400055010000061260,2025-12-26,"Carro 3 8x6""",1.0,256.64,256.64,Comprobante_Electronico_3101354271_00400055010000061260.PDF,1313,"Carro 3 8X6""",Otros insumos,Otro registrado,Unidad,Otros,4,Baja,No,,
FERRETERIA EPA S.A.,400055010000061260,2025-12-26,Densglass 122x244c,1.0,14095.58,14095.58,Comprobante_Electronico_3101354271_00400055010000061260.PDF,1314,Densglass 12 mm,Gypsum y liviano,Material permanente,Unidad,Fachada|Cielos y divisiones,3,Alta,No,,
FERRETERIA EPA S.A.,400055010000061260,2025-12-26,Pino imp 19x41 mm,3.0,1228.32,3684.96,Comprobante_Electronico_3101354271_00400055010000061260.PDF,1315,Madera pino,Madera,Material/consumible,Unidad,Formaleta|Carpintería,4,Alta,No,,
FERRETERIA EPA S.A.,400055010000061260,2025-12-26,Columna ducha mono,1.0,63634.51,63634.51,Comprobante_Electronico_3101354271_00400055010000061260.PDF,1316,Ducha,Sanitarios,Material permanente,Unidad,Aparatos sanitarios,3,Alta,No,,
FERRETERIA EPA S.A.,400055010000061260,2025-12-26,Lija esponja cuÑa,1.0,1250.44,1250.44,Comprobante_Electronico_3101354271_00400055010000061260.PDF,1317,Lija,Pintura y acabados,Consumible de obra,Unidad,Acabados,4,Alta,No,,
FERRETERIA EPA S.A.,400055010000061260,2025-12-26,Lija esponj super,1.0,876.99,876.99,Comprobante_Electronico_3101354271_00400055010000061260.PDF,1318,Lija,Pintura y acabados,Consumible de obra,Unidad,Acabados,4,Alta,No,,
FERRETERIA EPA S.A.,400055010000061260,2025-12-26,Lija agua #2000 9x,1.0,349.56,349.56,Comprobante_Electronico_3101354271_00400055010000061260.PDF,1319,Lija,Pintura y acabados,Consumible de obra,Unidad,Acabados,4,Alta,No,,
FERRETERIA EPA S.A.,400055010000061293,2025-12-27,3/4nhx3/4nh 1.8m,1.0,3904.42,3904.42,Comprobante_Electronico_3101354271_00400055010000061293.PDF,1320,Manguera / abasto flexible,Plomería,Material permanente,Unidad,Instalaciones hidrosanitarias,2,Alta,No,,
FERRETERIA EPA S.A.,400055010000061293,2025-12-27,Cerradura cuad neg,1.0,7621.24,7621.24,Comprobante_Electronico_3101354271_00400055010000061293.PDF,1321,Cerrajería,Puertas y cerraduras,Material permanente,Unidad,Puertas,3,Alta,No,,
FERRETERIA EPA S.A.,400055010000061293,2025-12-27,Pega pvc 118.3ml,1.0,2125.66,2125.66,Comprobante_Electronico_3101354271_00400055010000061293.PDF,1322,Accesorio hidrosanitario (genérico),Plomería,Material permanente,Unidad,Instalaciones hidrosanitarias,2,Media,No,,
FERRETERIA EPA S.A.,400055010000061293,2025-12-27,Brazo neu p/mu 120,3.0,793.81,2381.43,Comprobante_Electronico_3101354271_00400055010000061293.PDF,1323,Herraje mobiliario,Carpintería y mobiliario,Material permanente,Unidad,Mobiliario,3,Media,No,,
FERRETERIA EPA S.A.,400055010000061293,2025-12-27,Push-to-open iman,6.0,481.42,2888.52,Comprobante_Electronico_3101354271_00400055010000061293.PDF,1324,Herraje mobiliario,Carpintería y mobiliario,Material permanente,Unidad,Mobiliario,3,Media,No,,
FERRETERIA EPA S.A.,400055010000061293,2025-12-27,"Gypsum pf 3/4"" 50u",2.0,289.38,578.76,Comprobante_Electronico_3101354271_00400055010000061293.PDF,1325,Lámina gypsum 12 mm,Gypsum y liviano,Material permanente,Unidad,Cielos y divisiones,3,Alta,No,,
FERRETERIA EPA S.A.,400055010000061293,2025-12-27,"Gypsum pf 7/16"" 50",2.0,243.36,486.72,Comprobante_Electronico_3101354271_00400055010000061293.PDF,1326,Lámina gypsum 12 mm,Gypsum y liviano,Material permanente,Unidad,Cielos y divisiones,3,Alta,No,,
FERRETERIA EPA S.A.,400055010000061293,2025-12-27,Adapta h sch40 1/2,3.0,115.93,347.79,Comprobante_Electronico_3101354271_00400055010000061293.PDF,1327,Accesorio hidrosanitario (genérico),Plomería,Material permanente,Unidad,Instalaciones hidrosanitarias,2,Media,No,,
FERRETERIA EPA S.A.,400055010000061293,2025-12-27,"Niple hc 1/2"" x tr",1.0,238.94,238.94,Comprobante_Electronico_3101354271_00400055010000061293.PDF,1328,Niple / accesorio HG,Plomería,Material permanente,Unidad,Instalaciones hidrosanitarias,2,Alta,No,,
FERRETERIA EPA S.A.,400055010000061293,2025-12-27,"Bush hg 3/4"" x 1/2",1.0,226.55,226.55,Comprobante_Electronico_3101354271_00400055010000061293.PDF,1329,"Bush Hg 3/4"" X 1/2",Otros insumos,Otro registrado,Unidad,Otros,4,Baja,No,,
FERRETERIA EPA S.A.,800052010000005378,2025-12-30,Bateria aa 8 pieza,1.0,3092.92,3092.92,Comprobante_Electronico_3101354271_00800052010000005378.PDF,1330,Bateria Aa 8 Pieza,Otros insumos,Otro registrado,Unidad,Otros,4,Baja,No,,
FERRETERIA EPA S.A.,800052010000005378,2025-12-30,Pomo esfe c/llave,2.0,4038.05,8076.1,Comprobante_Electronico_3101354271_00800052010000005378.PDF,1331,Accesorio hidrosanitario (genérico),Plomería,Material permanente,Unidad,Instalaciones hidrosanitarias,2,Media,No,,
FERRETERIA EPA S.A.,800052010000005378,2025-12-30,Trident vlp yerbab,2.0,1106.19,2212.38,Comprobante_Electronico_3101354271_00800052010000005378.PDF,1332,Trident Vlp Yerbab,Otros insumos,Otro registrado,Unidad,Otros,4,Baja,No,,
FERRETERIA EPA S.A.,800049010000009803,2025-12-30,Tub abst 1/2x60cm,2.0,3446.9,6893.8,Comprobante_Electronico_3101354271_00800049010000009803.PDF,1333,Manguera / abasto flexible,Plomería,Material permanente,Unidad,Instalaciones hidrosanitarias,2,Alta,No,,
FERRETERIA EPA S.A.,800049010000009803,2025-12-30,"Mini rasp 1 13 16""",1.0,823.01,823.01,Comprobante_Electronico_3101354271_00800049010000009803.PDF,1334,"Mini Rasp 1 13 16""",Otros insumos,Otro registrado,Unidad,Otros,4,Baja,No,,
FERRETERIA EPA S.A.,800049010000009803,2025-12-30,Limpiador mult 750,1.0,3004.42,3004.42,Comprobante_Electronico_3101354271_00800049010000009803.PDF,1335,Limpiador Mult 750,Otros insumos,Otro registrado,Unidad,Otros,4,Baja,No,,
FERRETERIA EPA S.A.,400055010000061378,2025-12-30,Anclaje radial 6mm,1.0,406.19,406.19,Comprobante_Electronico_3101354271_00400055010000061378.PDF,1336,Tornillo / fijación,Ferretería,Consumible de obra,Unidad,Múltiples etapas,4,Alta,No,,
FERRETERIA EPA S.A.,400055010000061378,2025-12-30,Broca vidrio x 6.5,1.0,1198.23,1198.23,Comprobante_Electronico_3101354271_00400055010000061378.PDF,1337,Vidrio / espejo,Vidrios,Material permanente,Unidad,Cerramientos|Baños,3,Alta,No,,
FERRETERIA EPA S.A.,400055010000061378,2025-12-30,Push-to-open iman,5.0,481.42,2407.1,Comprobante_Electronico_3101354271_00400055010000061378.PDF,1338,Herraje mobiliario,Carpintería y mobiliario,Material permanente,Unidad,Mobiliario,3,Media,No,,
FERRETERIA EPA S.A.,400055010000061378,2025-12-30,Push-to-open senci,1.0,405.31,405.31,Comprobante_Electronico_3101354271_00400055010000061378.PDF,1339,Herraje mobiliario,Carpintería y mobiliario,Material permanente,Unidad,Mobiliario,3,Media,No,,
FERRETERIA EPA S.A.,400055010000061378,2025-12-30,Broca vid losa 1,1.0,730.09,730.09,Comprobante_Electronico_3101354271_00400055010000061378.PDF,1340,Herramienta / equipo,Herramientas y equipo,Herramienta/equipo,Unidad,No incorporado,5,Alta,No,,
FERRETERIA EPA S.A.,400055010000061378,2025-12-30,"Metal red 10x3 4""",1.0,453.98,453.98,Comprobante_Electronico_3101354271_00400055010000061378.PDF,1341,Metal / perfil (genérico),Estructura metálica,Material permanente,Unidad,Estructura|Cubierta,2,Media,No,,
FERRETERIA EPA S.A.,400055010000061378,2025-12-30,Tope magnetico cro,1.0,4739.82,4739.82,Comprobante_Electronico_3101354271_00400055010000061378.PDF,1342,Tope puerta,Puertas y cerraduras,Material permanente,Unidad,Puertas,3,Alta,No,,
FERRETERIA EPA S.A.,400055010000061378,2025-12-30,Pulidora 7pul 1100,1.0,36038.94,36038.94,Comprobante_Electronico_3101354271_00400055010000061378.PDF,1343,Herramienta eléctrica,Herramientas y equipo,Herramienta/equipo,Unidad,No incorporado,5,Alta,No,,
FERRETERIA EPA S.A.,400055010000061378,2025-12-30,Bateria aa alcal 8,1.0,1753.98,1753.98,Comprobante_Electronico_3101354271_00400055010000061378.PDF,1344,Bateria Aa Alcal 8,Otros insumos,Otro registrado,Unidad,Otros,4,Baja,No,,
FERRETERIA EPA S.A.,400055010000061453,2026-01-02,Esquinero 150mm pv,1.0,416.81,416.81,Comprobante_Electronico_3101354271_00400055010000061453.PDF,1345,Moldura / esquinero,Acabados,Material permanente,Unidad,Acabados,4,Alta,No,,
FERRETERIA EPA S.A.,400055010000061453,2026-01-02,"Espatula plast 3""",1.0,233.63,233.63,Comprobante_Electronico_3101354271_00400055010000061453.PDF,1346,Herramienta / equipo,Herramientas y equipo,Herramienta/equipo,Unidad,No incorporado,5,Alta,No,,
FERRETERIA EPA S.A.,400055010000061453,2026-01-02,Espatul mgo plast,1.0,736.28,736.28,Comprobante_Electronico_3101354271_00400055010000061453.PDF,1347,Espatul Mgo Plast,Otros insumos,Otro registrado,Unidad,Otros,4,Baja,No,,
FERRETERIA EPA S.A.,400055010000061453,2026-01-02,Riel push 4.5x40cm,1.0,3555.75,3555.75,Comprobante_Electronico_3101354271_00400055010000061453.PDF,1348,Riel / soporte mobiliario,Carpintería y mobiliario,Material permanente,Unidad,Mobiliario,3,Alta,No,,
FERRETERIA EPA S.A.,400055010000061453,2026-01-02,"Ct enm mp 1"" x 25m",3.0,756.64,2269.92,Comprobante_Electronico_3101354271_00400055010000061453.PDF,1349,"Ct Enm Mp 1"" X 25M",Otros insumos,Otro registrado,Unidad,Otros,4,Baja,No,,
FERRETERIA EPA S.A.,400055010000061453,2026-01-02,Masking 24mmx55m,1.0,1149.56,1149.56,Comprobante_Electronico_3101354271_00400055010000061453.PDF,1350,Cinta masking,Pintura,Consumible de obra,Unidad,Pintura,3,Alta,No,,
FERRETERIA EPA S.A.,400055010000061453,2026-01-02,Epoxibonder loctit,1.0,6039.82,6039.82,Comprobante_Electronico_3101354271_00400055010000061453.PDF,1351,Adhesivo / sellador,Adhesivos y selladores,Consumible de obra,Unidad,Acabados,4,Alta,No,,
FERRETERIA EPA S.A.,400055010000061453,2026-01-02,Polishing 298ml,1.0,3135.4,3135.4,Comprobante_Electronico_3101354271_00400055010000061453.PDF,1352,Polishing 298Ml,Otros insumos,Otro registrado,Unidad,Otros,4,Baja,No,,
FERRETERIA EPA S.A.,400055010000061453,2026-01-02,Supra blnco satin,1.0,10369.03,10369.03,Comprobante_Electronico_3101354271_00400055010000061453.PDF,1353,Pintura Sur / Lanco,Pintura,Material permanente,Unidad,Pintura,3,Alta,No,,
FERRETERIA EPA S.A.,400055010000061453,2026-01-02,Coca cola ori 600m,1.0,969.03,969.03,Comprobante_Electronico_3101354271_00400055010000061453.PDF,1354,Coca Cola Ori 600M,Otros insumos,Otro registrado,Unidad,Otros,4,Baja,No,,
FERRETERIA EPA S.A.,400055010000061453,2026-01-02,Saran ng cult 80%t,3.0,913.27,2739.81,Comprobante_Electronico_3101354271_00400055010000061453.PDF,1355,Malla sarán,Protección de obra,Consumible de obra,Unidad,Obra gris,4,Alta,No,,
FERRETERIA EPA S.A.,600054010000031981,2026-01-02,Tope magnetico cro,2.0,4741.59,9483.18,Comprobante_Electronico_3101354271_00600054010000031981.PDF,1356,Tope puerta,Puertas y cerraduras,Material permanente,Unidad,Puertas,3,Alta,No,,
FERRETERIA EPA S.A.,600054010000031981,2026-01-02,Cemento contacto 8,1.0,2440.71,2440.71,Comprobante_Electronico_3101354271_00600054010000031981.PDF,1357,Cemento contacto,Adhesivos,Consumible de obra,Unidad,Carpintería y acabados,4,Alta,No,,
FERRETERIA EPA S.A.,600054010000031981,2026-01-02,Tpcanto textil 22x,28.0,146.02,4088.5600000000004,Comprobante_Electronico_3101354271_00600054010000031981.PDF,1358,Canto PVC mobiliario,Carpintería y mobiliario,Material permanente,Unidad,Mobiliario,3,Alta,No,,
FERRETERIA EPA S.A.,400055010000061490,2026-01-03,Aceite wd-40 8 onz,1.0,2178.76,2178.76,Comprobante_Electronico_3101354271_00400055010000061490.PDF,1359,Aceite Wd-40 8 Onz,Otros insumos,Otro registrado,Unidad,Otros,4,Baja,No,,
FERRETERIA EPA S.A.,400055010000061490,2026-01-03,Broca vid losa 1,1.0,730.09,730.09,Comprobante_Electronico_3101354271_00400055010000061490.PDF,1360,Herramienta / equipo,Herramientas y equipo,Herramienta/equipo,Unidad,No incorporado,5,Alta,No,,
FERRETERIA EPA S.A.,400055010000061490,2026-01-03,Broca vidrio x 6.5,1.0,1198.23,1198.23,Comprobante_Electronico_3101354271_00400055010000061490.PDF,1361,Vidrio / espejo,Vidrios,Material permanente,Unidad,Cerramientos|Baños,3,Alta,No,,
FERRETERIA EPA S.A.,400055010000061490,2026-01-03,Lija agua 2000 3m,2.0,504.42,1008.84,Comprobante_Electronico_3101354271_00400055010000061490.PDF,1362,Lija,Pintura y acabados,Consumible de obra,Unidad,Acabados,4,Alta,No,,
FERRETERIA EPA S.A.,400055010000061490,2026-01-03,Lija agua 1200 3m,1.0,509.73,509.73,Comprobante_Electronico_3101354271_00400055010000061490.PDF,1363,Lija,Pintura y acabados,Consumible de obra,Unidad,Acabados,4,Alta,No,,
FERRETERIA EPA S.A.,400055010000061490,2026-01-03,Lija agua #1500 9x,1.0,333.63,333.63,Comprobante_Electronico_3101354271_00400055010000061490.PDF,1364,Lija,Pintura y acabados,Consumible de obra,Unidad,Acabados,4,Alta,No,,
FERRETERIA EPA S.A.,400055010000061490,2026-01-03,Lija agua 600 3m,1.0,213.27,213.27,Comprobante_Electronico_3101354271_00400055010000061490.PDF,1365,Lija,Pintura y acabados,Consumible de obra,Unidad,Acabados,4,Alta,No,,
FERRETERIA EPA S.A.,400055010000061490,2026-01-03,Angular 30x30 3mm,1.0,3888.5,3888.5,Comprobante_Electronico_3101354271_00400055010000061490.PDF,1366,Angular metálico,Estructura metálica,Material permanente,Unidad,Estructura|Carpintería metálica,2,Alta,No,,
FERRETERIA EPA S.A.,400055010000061490,2026-01-03,Tubo acero cromo 3,1.0,3018.58,3018.58,Comprobante_Electronico_3101354271_00400055010000061490.PDF,1367,Metal / perfil (genérico),Estructura metálica,Material permanente,Unidad,Estructura|Cubierta,2,Media,No,,
FERRETERIA EPA S.A.,400055010000061531,2026-01-05,Bisag 3x3 lat sat,1.0,1407.08,1407.08,Comprobante_Electronico_3101354271_00400055010000061531.PDF,1368,Cerrajería,Puertas y cerraduras,Material permanente,Unidad,Puertas,3,Alta,No,,
FERRETERIA EPA S.A.,400055010000061531,2026-01-05,"Espatula plast 3""",1.0,233.63,233.63,Comprobante_Electronico_3101354271_00400055010000061531.PDF,1369,Herramienta / equipo,Herramientas y equipo,Herramienta/equipo,Unidad,No incorporado,5,Alta,No,,
FERRETERIA EPA S.A.,400055010000061531,2026-01-05,Push-to-open iman,2.0,481.42,962.84,Comprobante_Electronico_3101354271_00400055010000061531.PDF,1370,Herraje mobiliario,Carpintería y mobiliario,Material permanente,Unidad,Mobiliario,3,Media,No,,
FERRETERIA EPA S.A.,400055010000061531,2026-01-05,Esquinero 150mm pv,1.0,416.81,416.81,Comprobante_Electronico_3101354271_00400055010000061531.PDF,1371,Moldura / esquinero,Acabados,Material permanente,Unidad,Acabados,4,Alta,No,,
FERRETERIA EPA S.A.,400055010000061531,2026-01-05,Brazo neu 80 newt,2.0,790.27,1580.54,Comprobante_Electronico_3101354271_00400055010000061531.PDF,1372,Herraje mobiliario,Carpintería y mobiliario,Material permanente,Unidad,Mobiliario,3,Media,No,,
FERRETERIA EPA S.A.,400055010000061531,2026-01-05,Acril fill nog 8oz,1.0,1500.0,1500.0,Comprobante_Electronico_3101354271_00400055010000061531.PDF,1373,Acril Fill Nog 8Oz,Otros insumos,Otro registrado,Unidad,Otros,4,Baja,No,,
FERRETERIA EPA S.A.,400055010000061531,2026-01-05,Masilla elasti 10o,2.0,2566.37,5132.74,Comprobante_Electronico_3101354271_00400055010000061531.PDF,1374,Adhesivo / sellador (genérico),Adhesivos y selladores,Consumible de obra,Unidad,Acabados,4,Media,No,,
FERRETERIA EPA S.A.,400055010000061531,2026-01-05,"Ct enm mp 1"" x 25m",2.0,756.64,1513.28,Comprobante_Electronico_3101354271_00400055010000061531.PDF,1375,"Ct Enm Mp 1"" X 25M",Otros insumos,Otro registrado,Unidad,Otros,4,Baja,No,,
FERRETERIA EPA S.A.,400055010000061516,2026-01-05,Cemento holcim 50,10.0,5619.47,56194.700000000004,Comprobante_Electronico_3101354271_00400055010000061516.PDF,1376,Cemento gris 50 kg,Cemento y concretos,Material permanente,Saco 50 kg,Cimentación|Estructura|Mampostería|Contrapiso,1,Alta,No,50.0,112.3894
FERRETERIA EPA S.A.,400055010000061596,2026-01-06,Marcseg pino 30x85,1.0,12192.92,12192.92,Comprobante_Electronico_3101354271_00400055010000061596.PDF,1377,Madera pino,Madera,Material/consumible,Unidad,Formaleta|Carpintería,4,Alta,No,,
FERRETERIA EPA S.A.,400055010000061592,2026-01-06,Marco seg pino 65m,1.0,8654.87,8654.87,Comprobante_Electronico_3101354271_00400055010000061592.PDF,1378,Madera pino,Madera,Material/consumible,Unidad,Formaleta|Carpintería,4,Alta,No,,
FERRETERIA EPA S.A.,400055010000061592,2026-01-06,Thinner fino 1 l,1.0,2246.02,2246.02,Comprobante_Electronico_3101354271_00400055010000061592.PDF,1379,Thinner / diluyente,Pintura,Consumible de obra,Envase 1 L,Pintura,3,Alta,No,,
FERRETERIA EPA S.A.,400055010000061681,2026-01-07,Cur cond tipo a 1/,10.0,399.12,3991.2,Comprobante_Electronico_3101354271_00400055010000061681.PDF,1380,Conduit / accesorio,Electricidad,Material permanente,Unidad,Instalación eléctrica,2,Alta,No,,
FERRETERIA EPA S.A.,400055010000061681,2026-01-07,Cur cond tipo a 3/,4.0,490.27,1961.08,Comprobante_Electronico_3101354271_00400055010000061681.PDF,1381,Conduit / accesorio,Electricidad,Material permanente,Unidad,Instalación eléctrica,2,Alta,No,,
FERRETERIA EPA S.A.,400055010000061681,2026-01-07,Un cond tipo a 1/2,15.0,93.81,1407.15,Comprobante_Electronico_3101354271_00400055010000061681.PDF,1382,Conduit eléctrico,Electricidad,Material permanente,Unidad,Instalación eléctrica,2,Alta,No,,
FERRETERIA EPA S.A.,400055010000061681,2026-01-07,Pega pvc 473.1ml 1,1.0,5072.57,5072.57,Comprobante_Electronico_3101354271_00400055010000061681.PDF,1383,Accesorio hidrosanitario (genérico),Plomería,Material permanente,Unidad,Instalaciones hidrosanitarias,2,Media,No,,
FERRETERIA EPA S.A.,400055010000061681,2026-01-07,Natural estandar 1,2.0,746.02,1492.04,Comprobante_Electronico_3101354271_00400055010000061681.PDF,1384,Pintura / laca / tinte,Pintura,Material permanente,Unidad,Pintura,3,Alta,No,,
FERRETERIA EPA S.A.,400055010000061681,2026-01-07,Tub cond tipo a 3/,3.0,1332.74,3998.2200000000003,Comprobante_Electronico_3101354271_00400055010000061681.PDF,1385,Conduit eléctrico,Electricidad,Material permanente,Unidad,Instalación eléctrica,2,Alta,No,,
FERRETERIA EPA S.A.,400055010000061681,2026-01-07,Tub cond tipo a 1/,15.0,844.25,12663.75,Comprobante_Electronico_3101354271_00400055010000061681.PDF,1386,Conduit eléctrico,Electricidad,Material permanente,Unidad,Instalación eléctrica,2,Alta,No,,
FERRETERIA EPA S.A.,400055010000061750,2026-01-08,Natural estandar 3,1.0,1535.4,1535.4,Comprobante_Electronico_3101354271_00400055010000061750.PDF,1387,Pintura / laca / tinte,Pintura,Material permanente,Unidad,Pintura,3,Alta,No,,
FERRETERIA EPA S.A.,400055010000061750,2026-01-08,Base magnetica aju,1.0,3965.49,3965.49,Comprobante_Electronico_3101354271_00400055010000061750.PDF,1388,Base Magnetica Aju,Otros insumos,Otro registrado,Unidad,Otros,4,Baja,No,,
FERRETERIA EPA S.A.,400055010000061750,2026-01-08,Super coat blnco m,1.0,12256.64,12256.64,Comprobante_Electronico_3101354271_00400055010000061750.PDF,1389,Pintura / recubrimiento,Pintura,Material permanente,Unidad,Pintura,3,Alta,No,,
FERRETERIA EPA S.A.,400055010000061799,2026-01-09,Block 12x20x40 pc-,60.0,347.79,20867.4,Comprobante_Electronico_3101354271_00400055010000061799.PDF,1390,Block concreto 12x20x40,Mampostería,Material permanente,Unidad 12x20x40 cm,Mampostería,1,Alta,No,,
FERRETERIA EPA S.A.,400055010000061799,2026-01-09,Cemento holcim 50,3.0,5619.47,16858.41,Comprobante_Electronico_3101354271_00400055010000061799.PDF,1391,Cemento gris 50 kg,Cemento y concretos,Material permanente,Saco 50 kg,Cimentación|Estructura|Mampostería|Contrapiso,1,Alta,No,50.0,112.3894
FERRETERIA EPA S.A.,400055010000061823,2026-01-09,Block 12x20x40 pc-,50.0,347.79,17389.5,Comprobante_Electronico_3101354271_00400055010000061823.PDF,1392,Block concreto 12x20x40,Mampostería,Material permanente,Unidad 12x20x40 cm,Mampostería,1,Alta,No,,
FERRETERIA EPA S.A.,400055010000061865,2026-01-12,Cilindro de gas 22,2.0,1137.17,2274.34,Comprobante_Electronico_3101354271_00400055010000061865.PDF,1393,Gas butano,Consumibles,Consumible de obra,Unidad,Múltiples etapas,4,Alta,No,,
FERRETERIA EPA S.A.,400055010000061865,2026-01-12,"Codo san 90x4""",5.0,2465.49,12327.449999999999,Comprobante_Electronico_3101354271_00400055010000061865.PDF,1394,Codo sanitario,Plomería sanitaria,Material permanente,Unidad,Instalación sanitaria,2,Alta,No,,
FERRETERIA EPA S.A.,400055010000061865,2026-01-12,"Te 4"" pd sdr32.5",3.0,3316.81,9950.43,Comprobante_Electronico_3101354271_00400055010000061865.PDF,1395,Tee sanitaria,Plomería sanitaria,Material permanente,Unidad,Instalación sanitaria,2,Alta,No,,
FERRETERIA EPA S.A.,400055010000061865,2026-01-12,"Te 3"" pd sdr32.5",3.0,2087.61,6262.83,Comprobante_Electronico_3101354271_00400055010000061865.PDF,1396,Tee sanitaria,Plomería sanitaria,Material permanente,Unidad,Instalación sanitaria,2,Alta,No,,
FERRETERIA EPA S.A.,400055010000061865,2026-01-12,"Codo san 90x3""",5.0,1319.47,6597.35,Comprobante_Electronico_3101354271_00400055010000061865.PDF,1397,Codo sanitario,Plomería sanitaria,Material permanente,Unidad,Instalación sanitaria,2,Alta,No,,
FERRETERIA EPA S.A.,400055010000061865,2026-01-12,"Reduccion 4x3"" pd",1.0,2025.66,2025.66,Comprobante_Electronico_3101354271_00400055010000061865.PDF,1398,Reducción sanitaria,Plomería sanitaria,Material permanente,Unidad,Instalación sanitaria,2,Alta,No,,
FERRETERIA EPA S.A.,400055010000061865,2026-01-12,"Reduccio 3x1-1 2""p",2.0,1025.66,2051.32,Comprobante_Electronico_3101354271_00400055010000061865.PDF,1399,Reducción sanitaria,Plomería sanitaria,Material permanente,Unidad,Instalación sanitaria,2,Alta,No,,
FERRETERIA EPA S.A.,400055010000061865,2026-01-12,Cod san 90x1 1 2 p,5.0,433.63,2168.15,Comprobante_Electronico_3101354271_00400055010000061865.PDF,1400,Codo sanitario,Plomería sanitaria,Material permanente,Unidad,Instalación sanitaria,2,Alta,No,,
FERRETERIA EPA S.A.,400055010000061865,2026-01-12,"Te cpvc 1/2""",15.0,319.47,4792.05,Comprobante_Electronico_3101354271_00400055010000061865.PDF,1401,CPVC 1/2 in x 6 m,Plomería agua caliente,Material permanente,Unidad,Agua caliente,2,Alta,No,,
FERRETERIA EPA S.A.,400055010000061865,2026-01-12,Caja emt rect livi,2.0,261.95,523.9,Comprobante_Electronico_3101354271_00400055010000061865.PDF,1402,Accesorio eléctrico EMT,Electricidad,Material permanente,Unidad,Instalación eléctrica,2,Alta,No,,
FERRETERIA EPA S.A.,400055010000061865,2026-01-12,"Codo cpvc 90x1/2""",15.0,223.01,3345.1499999999996,Comprobante_Electronico_3101354271_00400055010000061865.PDF,1403,CPVC 1/2 in x 6 m,Plomería agua caliente,Material permanente,Unidad,Agua caliente,2,Alta,No,,
FERRETERIA EPA S.A.,400055010000061865,2026-01-12,"Te pvc sch40 1/2""",12.0,92.92,1115.04,Comprobante_Electronico_3101354271_00400055010000061865.PDF,1404,PVC presión SCH40 1/2 in x 6 m,Plomería potable,Material permanente,Unidad,Agua potable,2,Alta,No,,
FERRETERIA EPA S.A.,400055010000061865,2026-01-12,"Cod sch40 90x1/2""",20.0,84.07,1681.3999999999999,Comprobante_Electronico_3101354271_00400055010000061865.PDF,1405,Accesorio hidrosanitario (genérico),Plomería,Material permanente,Unidad,Instalaciones hidrosanitarias,2,Media,No,,
FERRETERIA EPA S.A.,400055010000061865,2026-01-12,Cur cond tipo a 1/,10.0,400.0,4000.0,Comprobante_Electronico_3101354271_00400055010000061865.PDF,1406,Conduit / accesorio,Electricidad,Material permanente,Unidad,Instalación eléctrica,2,Alta,No,,
FERRETERIA EPA S.A.,400055010000061865,2026-01-12,"Union cpvc 1/2""",5.0,193.81,969.05,Comprobante_Electronico_3101354271_00400055010000061865.PDF,1407,CPVC 1/2 in x 6 m,Plomería agua caliente,Material permanente,Unidad,Agua caliente,2,Alta,No,,
FERRETERIA EPA S.A.,400055010000061865,2026-01-12,"Re 1-1/2x3/4"" sch4",3.0,502.65,1507.9499999999998,Comprobante_Electronico_3101354271_00400055010000061865.PDF,1408,"Re 1-1/2X3/4"" Sch4",Otros insumos,Otro registrado,Unidad,Otros,4,Baja,No,,
FERRETERIA EPA S.A.,400055010000061865,2026-01-12,Adapta m sch40 1/2,12.0,69.03,828.36,Comprobante_Electronico_3101354271_00400055010000061865.PDF,1409,Accesorio hidrosanitario (genérico),Plomería,Material permanente,Unidad,Instalaciones hidrosanitarias,2,Media,No,,
FERRETERIA EPA S.A.,400055010000061865,2026-01-12,Adapta h sch40 1/2,5.0,115.93,579.6500000000001,Comprobante_Electronico_3101354271_00400055010000061865.PDF,1410,Accesorio hidrosanitario (genérico),Plomería,Material permanente,Unidad,Instalaciones hidrosanitarias,2,Media,No,,
FERRETERIA EPA S.A.,400055010000061865,2026-01-12,Cj emt octo 8ul 1/,10.0,395.58,3955.7999999999997,Comprobante_Electronico_3101354271_00400055010000061865.PDF,1411,Accesorio eléctrico EMT,Electricidad,Material permanente,Unidad,Instalación eléctrica,2,Alta,No,,
FERRETERIA EPA S.A.,400055010000061865,2026-01-12,Caja emt rect livi,13.0,261.95,3405.35,Comprobante_Electronico_3101354271_00400055010000061865.PDF,1412,Accesorio eléctrico EMT,Electricidad,Material permanente,Unidad,Instalación eléctrica,2,Alta,No,,
FERRETERIA EPA S.A.,400055010000061866,2026-01-12,Cemento holcim 50,15.0,5619.47,84292.05,Comprobante_Electronico_3101354271_00400055010000061866.PDF,1413,Cemento gris 50 kg,Cemento y concretos,Material permanente,Saco 50 kg,Cimentación|Estructura|Mampostería|Contrapiso,1,Alta,No,50.0,112.3894
FERRETERIA EPA S.A.,400055010000061866,2026-01-12,Deformada #3 g40 6,20.0,1237.17,24743.4,Comprobante_Electronico_3101354271_00400055010000061866.PDF,1414,Varilla #3,Acero refuerzo,Material permanente,Pieza #3 x 6 m,Cimentación|Estructura|Contrapiso,1,Alta,No,,
FERRETERIA EPA S.A.,800051010000009686,2026-01-15,Caja emt rectangu,13.0,359.29,4670.77,Comprobante_Electronico_3101354271_00800051010000009686.PDF,1415,Accesorio eléctrico EMT,Electricidad,Material permanente,Unidad,Instalación eléctrica,2,Alta,No,,
FERRETERIA EPA S.A.,400055010000062247,2026-01-19,Cuartilla rio pri,3.0,15836.28,47508.840000000004,Comprobante_Electronico_3101354271_00400055010000062247.PDF,1416,Piedra / agregado,Agregados,Material permanente,m³,Cimentación|Estructura|Contrapiso,1,Alta,No,,
FERRETERIA EPA S.A.,400055010000062245,2026-01-19,"Tubo cpvc 1/2"" 6m",3.0,4500.88,13502.64,Comprobante_Electronico_3101354271_00400055010000062245.PDF,1417,CPVC 1/2 in x 6 m,Plomería agua caliente,Material permanente,Pieza 6 m,Agua caliente,2,Alta,No,,
FERRETERIA EPA S.A.,400055010000062245,2026-01-19,Tub cond tipo a 1/,10.0,858.41,8584.1,Comprobante_Electronico_3101354271_00400055010000062245.PDF,1418,Conduit eléctrico,Electricidad,Material permanente,Unidad,Instalación eléctrica,2,Alta,No,,
FERRETERIA EPA S.A.,400055010000062245,2026-01-19,"Cod sch40 90x1/2""",10.0,84.07,840.6999999999999,Comprobante_Electronico_3101354271_00400055010000062245.PDF,1419,Accesorio hidrosanitario (genérico),Plomería,Material permanente,Unidad,Instalaciones hidrosanitarias,2,Media,No,,
FERRETERIA EPA S.A.,400055010000062245,2026-01-19,"Te cpvc 1/2""",4.0,302.65,1210.6,Comprobante_Electronico_3101354271_00400055010000062245.PDF,1420,CPVC 1/2 in x 6 m,Plomería agua caliente,Material permanente,Unidad,Agua caliente,2,Alta,No,,
FERRETERIA EPA S.A.,400055010000062245,2026-01-19,"Tubo sdr50 4"" 6m b",4.0,7796.46,31185.84,Comprobante_Electronico_3101354271_00400055010000062245.PDF,1421,PVC sanitario 4 in x 6 m,Plomería sanitaria,Material permanente,Pieza 6 m,Instalación sanitaria,2,Alta,No,,
FERRETERIA EPA S.A.,400055010000062245,2026-01-19,Pega pvc 946.35ml,1.0,8745.13,8745.13,Comprobante_Electronico_3101354271_00400055010000062245.PDF,1422,Accesorio hidrosanitario (genérico),Plomería,Material permanente,Unidad,Instalaciones hidrosanitarias,2,Media,No,,
FERRETERIA EPA S.A.,400055010000062245,2026-01-19,Tub cond tipo a 3/,2.0,1332.74,2665.48,Comprobante_Electronico_3101354271_00400055010000062245.PDF,1423,Conduit eléctrico,Electricidad,Material permanente,Unidad,Instalación eléctrica,2,Alta,No,,
FERRETERIA EPA S.A.,400055010000062245,2026-01-19,Codo san 45x4 pd,2.0,2018.58,4037.16,Comprobante_Electronico_3101354271_00400055010000062245.PDF,1424,Codo sanitario,Plomería sanitaria,Material permanente,Unidad,Instalación sanitaria,2,Alta,No,,
FERRETERIA EPA S.A.,400055010000062245,2026-01-19,Cemento holcim 50,15.0,5619.47,84292.05,Comprobante_Electronico_3101354271_00400055010000062245.PDF,1425,Cemento gris 50 kg,Cemento y concretos,Material permanente,Saco 50 kg,Cimentación|Estructura|Mampostería|Contrapiso,1,Alta,No,50.0,112.3894
FERRETERIA EPA S.A.,400055010000062248,2026-01-19,Arena corriente ta,3.0,14270.8,42812.399999999994,Comprobante_Electronico_3101354271_00400055010000062248.PDF,1426,Arena,Agregados,Material permanente,m³,Cimentación|Estructura|Mampostería|Contrapiso,1,Alta,No,,
FERRETERIA EPA S.A.,400055010000062246,2026-01-19,Cuartilla rio pri,3.0,13884.07,41652.21,Comprobante_Electronico_3101354271_00400055010000062246.PDF,1427,Piedra / agregado,Agregados,Material permanente,m³,Cimentación|Estructura|Contrapiso,1,Alta,No,,
FERRETERIA EPA S.A.,500042010000029683,2026-01-20,Curv cond tipo a 2,2.0,2400.0,4800.0,Comprobante_Electronico_3101354271_00500042010000029683.PDF,1428,Conduit eléctrico,Electricidad,Material permanente,Unidad,Instalación eléctrica,2,Alta,No,,
FERRETERIA EPA S.A.,500042010000029683,2026-01-20,Llave mm 1/2x1/21/,12.0,2816.81,33801.72,Comprobante_Electronico_3101354271_00500042010000029683.PDF,1429,Llave / válvula hidráulica,Plomería,Material permanente,Unidad,Instalaciones hidrosanitarias,2,Alta,No,,
FERRETERIA EPA S.A.,500042010000029683,2026-01-20,Caja kit ice maker,1.0,8276.99,8276.99,Comprobante_Electronico_3101354271_00500042010000029683.PDF,1430,Accesorio lavadora / icemaker,Plomería,Material permanente,Unidad,Instalaciones hidrosanitarias,2,Alta,No,,
FERRETERIA EPA S.A.,500042010000029683,2026-01-20,"Conector ul 2""",1.0,886.73,886.73,Comprobante_Electronico_3101354271_00500042010000029683.PDF,1431,Conector eléctrico,Electricidad,Material permanente,Unidad,Instalación eléctrica,2,Alta,No,,
FERRETERIA EPA S.A.,500042010000029683,2026-01-20,Conec m ul s40 1/2,6.0,203.54,1221.24,Comprobante_Electronico_3101354271_00500042010000029683.PDF,1432,Conector eléctrico,Electricidad,Material permanente,Unidad,Instalación eléctrica,2,Alta,No,,
FERRETERIA EPA S.A.,500042010000029683,2026-01-20,Conect m ul s40 3/,4.0,269.03,1076.12,Comprobante_Electronico_3101354271_00500042010000029683.PDF,1433,Accesorio eléctrico (genérico),Electricidad,Material permanente,Unidad,Instalación eléctrica,2,Media,No,,
FERRETERIA EPA S.A.,500042010000029683,2026-01-20,Cur cond tipo a 3/,6.0,491.15,2946.8999999999996,Comprobante_Electronico_3101354271_00500042010000029683.PDF,1434,Conduit / accesorio,Electricidad,Material permanente,Unidad,Instalación eléctrica,2,Alta,No,,
FERRETERIA EPA S.A.,500042010000029683,2026-01-20,Tub condu tipo a,8.0,5946.9,47575.2,Comprobante_Electronico_3101354271_00500042010000029683.PDF,1435,Conduit eléctrico,Electricidad,Material permanente,Unidad,Instalación eléctrica,2,Alta,No,,
FERRETERIA EPA S.A.,500042010000029683,2026-01-20,Tub cond tipo a 3/,10.0,1331.86,13318.599999999999,Comprobante_Electronico_3101354271_00500042010000029683.PDF,1436,Conduit eléctrico,Electricidad,Material permanente,Unidad,Instalación eléctrica,2,Alta,No,,
FERRETERIA EPA S.A.,500042010000029683,2026-01-20,Conect emt biex 1/,1.0,176.99,176.99,Comprobante_Electronico_3101354271_00500042010000029683.PDF,1437,Accesorio eléctrico EMT,Electricidad,Material permanente,Unidad,Instalación eléctrica,2,Alta,No,,
FERRETERIA EPA S.A.,300053010000075246,2026-01-21,Cemento holcim 50,10.0,5619.47,56194.700000000004,Comprobante_Electronico_3101354271_00300053010000075246.PDF,1438,Cemento gris 50 kg,Cemento y concretos,Material permanente,Saco 50 kg,Cimentación|Estructura|Mampostería|Contrapiso,1,Alta,No,50.0,112.3894
FERRETERIA EPA S.A.,400055010000062460,2026-01-22,Albanil #18x152,2.0,1059.29,2118.58,Avdinternacional/2026-01-22_Comprobante_Electronico_3101354271_00400055010000062460.PDF,1439,Herramienta / accesorio herramienta,Herramientas y equipo,Herramienta/equipo,Unidad,No incorporado,5,Alta,No,,
FERRETERIA EPA S.A.,400055010000062460,2026-01-22,"Tapon h sch40 1/2""",5.0,79.65,398.25,Avdinternacional/2026-01-22_Comprobante_Electronico_3101354271_00400055010000062460.PDF,1440,Accesorio hidrosanitario (genérico),Plomería,Material permanente,Unidad,Instalaciones hidrosanitarias,2,Media,No,,
FERRETERIA EPA S.A.,400055010000062460,2026-01-22,"Tapon cpvc h 1/2""",5.0,288.5,1442.5,Avdinternacional/2026-01-22_Comprobante_Electronico_3101354271_00400055010000062460.PDF,1441,CPVC 1/2 in x 6 m,Plomería agua caliente,Material permanente,Unidad,Agua caliente,2,Alta,No,,
FERRETERIA EPA S.A.,400055010000062460,2026-01-22,Cur cond tipo a 1/,20.0,473.45,9469.0,Avdinternacional/2026-01-22_Comprobante_Electronico_3101354271_00400055010000062460.PDF,1442,Conduit / accesorio,Electricidad,Material permanente,Unidad,Instalación eléctrica,2,Alta,No,,
FERRETERIA EPA S.A.,400055010000062460,2026-01-22,"Techo pc 2"" galv",1.0,9260.18,9260.18,Avdinternacional/2026-01-22_Comprobante_Electronico_3101354271_00400055010000062460.PDF,1443,Metal / perfil (genérico),Estructura metálica,Material permanente,Unidad,Estructura|Cubierta,2,Media,No,,
FERRETERIA EPA S.A.,400055010000062460,2026-01-22,Cubo magnetico 3/8,1.0,1215.04,1215.04,Avdinternacional/2026-01-22_Comprobante_Electronico_3101354271_00400055010000062460.PDF,1444,Cubo Magnetico 3/8,Otros insumos,Otro registrado,Unidad,Otros,4,Baja,No,,
FERRETERIA EPA S.A.,400055010000062460,2026-01-22,"Cubo techo 3/8""",1.0,400.0,400.0,Avdinternacional/2026-01-22_Comprobante_Electronico_3101354271_00400055010000062460.PDF,1445,"Cubo Techo 3/8""",Otros insumos,Otro registrado,Unidad,Otros,4,Baja,No,,
FERRETERIA EPA S.A.,400055010000062460,2026-01-22,Llave mm 1/2x1/21/,2.0,2688.5,5377.0,Avdinternacional/2026-01-22_Comprobante_Electronico_3101354271_00400055010000062460.PDF,1446,Llave / válvula hidráulica,Plomería,Material permanente,Unidad,Instalaciones hidrosanitarias,2,Alta,No,,
FERRETERIA EPA S.A.,400055010000062460,2026-01-22,Tub cond tipo a 1/,15.0,1087.61,16314.149999999998,Avdinternacional/2026-01-22_Comprobante_Electronico_3101354271_00400055010000062460.PDF,1447,Conduit eléctrico,Electricidad,Material permanente,Unidad,Instalación eléctrica,2,Alta,No,,
FERRETERIA EPA S.A.,400055010000062460,2026-01-22,Cc 24e 125a c/tapa,1.0,81678.76,81678.76,Avdinternacional/2026-01-22_Comprobante_Electronico_3101354271_00400055010000062460.PDF,1448,Centro de carga / breaker,Electricidad,Material permanente,Unidad,Instalación eléctrica,2,Alta,No,,
FERRETERIA EPA S.A.,400055010000062460,2026-01-22,Lamina ondulada 81,2.0,2509.73,5019.46,Avdinternacional/2026-01-22_Comprobante_Electronico_3101354271_00400055010000062460.PDF,1449,Lámina metálica / Metalum,Cubierta y techo,Material permanente,Unidad,Cubierta,2,Alta,No,,
FERRETERIA EPA S.A.,400055010000062460,2026-01-22,#28 0.36mm 81x366c,16.0,7672.57,122761.12,Avdinternacional/2026-01-22_Comprobante_Electronico_3101354271_00400055010000062460.PDF,1450,Lámina techo ondulada #28,Cubierta y techo,Material permanente,Unidad,Cubierta,2,Alta,No,,
FERRETERIA EPA S.A.,400055010000062460,2026-01-22,Cemento holcim 50,5.0,5619.47,28097.350000000002,Avdinternacional/2026-01-22_Comprobante_Electronico_3101354271_00400055010000062460.PDF,1451,Cemento gris 50 kg,Cemento y concretos,Material permanente,Saco 50 kg,Cimentación|Estructura|Mampostería|Contrapiso,1,Alta,No,50.0,112.3894
FERRETERIA EPA S.A.,400055010000062460,2026-01-22,Cemento holcim 50,7.0,5619.47,39336.29,Avdinternacional/2026-01-22_Comprobante_Electronico_3101354271_00400055010000062460.PDF,1452,Cemento gris 50 kg,Cemento y concretos,Material permanente,Saco 50 kg,Cimentación|Estructura|Mampostería|Contrapiso,1,Alta,No,50.0,112.3894
FERRETERIA EPA S.A.,400055010000062460,2026-01-22,"Tubo sch40 1/2"" 3m",2.0,1361.06,2722.12,Avdinternacional/2026-01-22_Comprobante_Electronico_3101354271_00400055010000062460.PDF,1453,PVC presión SCH40 1/2 in x 6 m,Plomería potable,Material permanente,Pieza 3 m,Agua potable,2,Alta,No,,
FERRETERIA EPA S.A.,400055010000062460,2026-01-22,"Tubo cpvc 1/2"" 6m",1.0,7156.64,7156.64,Avdinternacional/2026-01-22_Comprobante_Electronico_3101354271_00400055010000062460.PDF,1454,CPVC 1/2 in x 6 m,Plomería agua caliente,Material permanente,Pieza 6 m,Agua caliente,2,Alta,No,,
FERRETERIA EPA S.A.,400055010000062460,2026-01-22,C gal 50x70mm c1.2,10.0,5391.15,53911.5,Avdinternacional/2026-01-22_Comprobante_Electronico_3101354271_00400055010000062460.PDF,1455,Perfil C galvanizado,Estructura metálica,Material permanente,Unidad,Cubierta|Estructura,2,Alta,No,,
FERRETERIA EPA S.A.,400055010000062562,2026-01-23,Clavo acero 3.5x50,1.0,6463.72,6463.72,Avdinternacional/2026-01-23_Comprobante_Electronico_3101354271_00400055010000062562.PDF,1456,Clavo,Ferretería,Consumible de obra,Unidad,Múltiples etapas,4,Alta,No,,
FERRETERIA EPA S.A.,400055010000062563,2026-01-23,Arena corriente ta,3.0,13978.76,41936.28,Avdinternacional/2026-01-23_Comprobante_Electronico_3101354271_00400055010000062563.PDF,1457,Arena,Agregados,Material permanente,m³,Cimentación|Estructura|Mampostería|Contrapiso,1,Alta,No,,
FERRETERIA EPA S.A.,400055010000062564,2026-01-23,Repemax gris hidro,35.0,4530.09,158553.15,Avdinternacional/2026-01-23_Comprobante_Electronico_3101354271_00400055010000062564.PDF,1458,Mortero repello,Morteros,Material permanente,Unidad,Repello,2,Alta,No,,
FERRETERIA EPA S.A.,800043010000002330,2026-01-25,Aceit molib 10w40,1.0,6327.43,6327.43,Avdinternacional/2026-01-25_Comprobante_Electronico_3101354271_00800043010000002330.PDF,1459,Aceit Molib 10W40,Otros insumos,Otro registrado,Unidad,Otros,4,Baja,No,,
FERRETERIA EPA S.A.,400055010000062673,2026-01-26,Corros gris osc 1/,2.0,3535.4,7070.8,Avdinternacional/2026-01-26_Comprobante_Electronico_3101354271_00400055010000062673.PDF,1460,Pintura / laca / tinte,Pintura,Material permanente,Unidad,Pintura,3,Alta,No,,
FERRETERIA EPA S.A.,400055010000062673,2026-01-26,Rectang 50x150 c 1,1.0,14413.27,14413.27,Avdinternacional/2026-01-26_Comprobante_Electronico_3101354271_00400055010000062673.PDF,1461,Tubo estructural rectangular 50x150,Estructura metálica,Material permanente,Unidad,Estructura|Cubierta,2,Alta,No,,
FERRETERIA EPA S.A.,400055010000062673,2026-01-26,C gal 50x70mm c1.2,4.0,5391.15,21564.6,Avdinternacional/2026-01-26_Comprobante_Electronico_3101354271_00400055010000062673.PDF,1462,Perfil C galvanizado,Estructura metálica,Material permanente,Unidad,Cubierta|Estructura,2,Alta,No,,
FERRETERIA EPA S.A.,400055010000062673,2026-01-26,Gal 50x50 c 1.5,3.0,7512.39,22537.170000000002,Avdinternacional/2026-01-26_Comprobante_Electronico_3101354271_00400055010000062673.PDF,1463,Tubo estructural cuadrado 50x50,Estructura metálica,Material permanente,Unidad,Estructura|Cubierta,2,Alta,No,,
FERRETERIA EPA S.A.,400055010000062721,2026-01-27,Negro 1.68mm #16,5.0,510.62,2553.1,Avdinternacional/2026-01-27_Comprobante_Electronico_3101354271_00400055010000062721.PDF,1464,Alambre negro recocido #16,Acero refuerzo,Consumible de obra,Unidad,Cimentación|Estructura,1,Alta,No,,
FERRETERIA EPA S.A.,400055010000062721,2026-01-27,Conect m ul s40 3/,10.0,263.72,2637.2000000000003,Avdinternacional/2026-01-27_Comprobante_Electronico_3101354271_00400055010000062721.PDF,1465,Accesorio eléctrico (genérico),Electricidad,Material permanente,Unidad,Instalación eléctrica,2,Media,No,,
FERRETERIA EPA S.A.,400055010000062721,2026-01-27,"Sold 6013 1/8"" lin",2.0,2732.74,5465.48,Avdinternacional/2026-01-27_Comprobante_Electronico_3101354271_00400055010000062721.PDF,1466,"Sold 6013 1/8"" Lin",Otros insumos,Otro registrado,Unidad,Otros,4,Baja,No,,
FERRETERIA EPA S.A.,500041010000014910,2026-01-27,C gal 50x70mm c1.2,4.0,5391.15,21564.6,Comprobante_Electronico_3101354271_00500041010000014910.PDF,1467,Perfil C galvanizado,Estructura metálica,Material permanente,Unidad,Cubierta|Estructura,2,Alta,No,,
FERRETERIA EPA S.A.,800090010000007912,2026-01-28,CORR POLIURETANO 5GAL VERDE,1.0,79570.82,79570.82,Comprobante_Electronico_3101354271_00800090010000007912.PDF,1468,Adhesivo / sellante,Ferretería,Consumible de obra,Envase 5 gal,Múltiples etapas,4,Alta,No,,
FERRETERIA EPA S.A.,800090010000007912,2026-01-28,DILUYENTE ODORLESS AGUARRAS 14 GAL,2.0,1786.24,3572.48,Comprobante_Electronico_3101354271_00800090010000007912.PDF,1469,Thinner / diluyente,Pintura,Consumible de obra,Envase 14 gal,Pintura,3,Alta,No,,
FERRETERIA EPA S.A.,800090010000007912,2026-01-28,SOPORT MOVIL TV 14-37 HASTA 35 KG,1.0,5650.98,5650.98,Comprobante_Electronico_3101354271_00800090010000007912.PDF,1470,Soport Movil Tv 14-37 Hasta 35 Kg,Otros insumos,Otro registrado,Saco/bolsa 35 kg,Otros,4,Baja,No,35.0,161.4566
FERRETERIA EPA S.A.,800090010000007912,2026-01-28,SIL SISTA F101 TRNSP 300 ML,1.0,4333.43,4333.43,Comprobante_Electronico_3101354271_00800090010000007912.PDF,1471,Adhesivo / sellador,Adhesivos y selladores,Consumible de obra,Unidad,Acabados,4,Alta,No,,
FERRETERIA EPA S.A.,800049010000011227,2026-01-29,Bisagra semicurva,1.0,880.53,880.53,Comprobante_Electronico_3101354271_00800049010000011227.PDF,1472,Cerrajería,Puertas y cerraduras,Material permanente,Unidad,Puertas,3,Alta,No,,
FERRETERIA EPA S.A.,800049010000011227,2026-01-29,Fanta naranja 355m,1.0,526.55,526.55,Comprobante_Electronico_3101354271_00800049010000011227.PDF,1473,Compra no constructiva,No constructivo,No incorporado,Unidad,No aplica,5,Alta,No,,
FERRETERIA EPA S.A.,400055010000063005,2026-02-02,Arena corriente ta,3.0,13977.88,41933.64,Comprobante_Electronico_3101354271_00400055010000063005.PDF,1474,Arena,Agregados,Material permanente,m³,Cimentación|Estructura|Mampostería|Contrapiso,1,Alta,No,,
FERRETERIA EPA S.A.,400055010000063004,2026-02-02,Piqueta albaÑil 50,2.0,2744.25,5488.5,Comprobante_Electronico_3101354271_00400055010000063004.PDF,1475,Herramienta / accesorio herramienta,Herramientas y equipo,Herramienta/equipo,Unidad,No incorporado,5,Alta,No,,
FERRETERIA EPA S.A.,400055010000063004,2026-02-02,"Torlack pf 8x1/2""",3.0,179.65,538.95,Comprobante_Electronico_3101354271_00400055010000063004.PDF,1476,"Torlack Pf 8X1/2""",Otros insumos,Otro registrado,Unidad,Otros,4,Baja,No,,
FERRETERIA EPA S.A.,400055010000063004,2026-02-02,Repello grueso,5.0,3404.42,17022.1,Comprobante_Electronico_3101354271_00400055010000063004.PDF,1477,Mortero repello,Morteros,Material permanente,Unidad,Repello,2,Alta,No,,
FERRETERIA EPA S.A.,400055010000063004,2026-02-02,Cemento holcim 50,5.0,5619.47,28097.350000000002,Comprobante_Electronico_3101354271_00400055010000063004.PDF,1478,Cemento gris 50 kg,Cemento y concretos,Material permanente,Saco 50 kg,Cimentación|Estructura|Mampostería|Contrapiso,1,Alta,No,50.0,112.3894
FERRETERIA EPA S.A.,400055010000063004,2026-02-02,Cumbrera al #28 45,8.0,2307.08,18456.64,Comprobante_Electronico_3101354271_00400055010000063004.PDF,1479,Lámina techo ondulada #28,Cubierta y techo,Material permanente,Unidad,Cubierta,2,Alta,No,,
FERRETERIA EPA S.A.,400055010000063004,2026-02-02,Botaguas al #28 23,8.0,1212.39,9699.12,Comprobante_Electronico_3101354271_00400055010000063004.PDF,1480,Lámina techo ondulada #28,Cubierta y techo,Material permanente,Unidad,Cubierta,2,Alta,No,,
FERRETERIA EPA S.A.,400055010000063004,2026-02-02,Ondulado #26 81x36,3.0,10187.61,30562.83,Comprobante_Electronico_3101354271_00400055010000063004.PDF,1481,Lámina techo ondulada #28,Cubierta y techo,Material permanente,Unidad,Cubierta,2,Alta,No,,
FERRETERIA EPA S.A.,400055010000063020,2026-02-02,Cilindro de gas 22,1.0,1137.17,1137.17,Comprobante_Electronico_3101354271_00400055010000063020.PDF,1482,Gas butano,Consumibles,Consumible de obra,Unidad,Múltiples etapas,4,Alta,No,,
FERRETERIA EPA S.A.,400055010000063020,2026-02-02,68pz juego herrami,1.0,15796.46,15796.46,Comprobante_Electronico_3101354271_00400055010000063020.PDF,1483,Herramienta manual,Herramientas y equipo,Herramienta/equipo,Unidad,No incorporado,5,Alta,No,,
FERRETERIA EPA S.A.,400055010000063020,2026-02-02,Pino seco cep 19x6,20.0,1323.01,26460.2,Comprobante_Electronico_3101354271_00400055010000063020.PDF,1484,Madera pino,Madera,Material/consumible,Unidad,Formaleta|Carpintería,4,Alta,No,,
FERRETERIA EPA S.A.,400055010000063020,2026-02-02,Repello grueso,15.0,3404.42,51066.3,Comprobante_Electronico_3101354271_00400055010000063020.PDF,1485,Mortero repello,Morteros,Material permanente,Unidad,Repello,2,Alta,No,,
FERRETERIA EPA S.A.,400055010000063020,2026-02-02,Sifon 100mm,1.0,4253.1,4253.1,Comprobante_Electronico_3101354271_00400055010000063020.PDF,1486,Sifón sanitario,Plomería sanitaria,Material permanente,Unidad,Instalación sanitaria,2,Alta,No,,
FERRETERIA EPA S.A.,400055010000063020,2026-02-02,Cemento holcim 50,10.0,5619.47,56194.700000000004,Comprobante_Electronico_3101354271_00400055010000063020.PDF,1487,Cemento gris 50 kg,Cemento y concretos,Material permanente,Saco 50 kg,Cimentación|Estructura|Mampostería|Contrapiso,1,Alta,No,50.0,112.3894
FERRETERIA EPA S.A.,400055010000063077,2026-02-03,Block 12x20x40 pc-,150.0,347.79,52168.5,Comprobante_Electronico_3101354271_00400055010000063077.PDF,1488,Block concreto 12x20x40,Mampostería,Material permanente,Unidad 12x20x40 cm,Mampostería,1,Alta,No,,
FERRETERIA EPA S.A.,300053010000076512,2026-02-04,"Tubo sch40 1/2"" 3m",1.0,1361.06,1361.06,Comprobante_Electronico_3101354271_00300053010000076512.PDF,1489,PVC presión SCH40 1/2 in x 6 m,Plomería potable,Material permanente,Pieza 3 m,Agua potable,2,Alta,No,,
FERRETERIA EPA S.A.,300053010000076512,2026-02-04,Tub cond tipo a 3/,8.0,1306.19,10449.52,Comprobante_Electronico_3101354271_00300053010000076512.PDF,1490,Conduit eléctrico,Electricidad,Material permanente,Unidad,Instalación eléctrica,2,Alta,No,,
FERRETERIA EPA S.A.,300053010000076512,2026-02-04,Pega cpvc 50g tubo,3.0,812.39,2437.17,Comprobante_Electronico_3101354271_00300053010000076512.PDF,1491,Tubería PVC / CPVC,Plomería,Material permanente,Unidad,Instalaciones hidrosanitarias,2,Alta,No,,
FERRETERIA EPA S.A.,300053010000076512,2026-02-04,Cur cond tipo a 3/,8.0,483.19,3865.52,Comprobante_Electronico_3101354271_00300053010000076512.PDF,1492,Conduit / accesorio,Electricidad,Material permanente,Unidad,Instalación eléctrica,2,Alta,No,,
FERRETERIA EPA S.A.,300053010000076512,2026-02-04,"Cod sch40 90x1/2""",8.0,81.42,651.36,Comprobante_Electronico_3101354271_00300053010000076512.PDF,1493,Accesorio hidrosanitario (genérico),Plomería,Material permanente,Unidad,Instalaciones hidrosanitarias,2,Media,No,,
FERRETERIA EPA S.A.,300053010000076512,2026-02-04,Conec m ul s40 1/2,12.0,200.0,2400.0,Comprobante_Electronico_3101354271_00300053010000076512.PDF,1494,Conector eléctrico,Electricidad,Material permanente,Unidad,Instalación eléctrica,2,Alta,No,,
FERRETERIA EPA S.A.,300053010000076512,2026-02-04,Conect m ul s40 3/,6.0,263.72,1582.3200000000002,Comprobante_Electronico_3101354271_00300053010000076512.PDF,1495,Accesorio eléctrico (genérico),Electricidad,Material permanente,Unidad,Instalación eléctrica,2,Media,No,,
FERRETERIA EPA S.A.,300053010000076512,2026-02-04,"Te pvc sch40 1/2""",5.0,90.27,451.34999999999997,Comprobante_Electronico_3101354271_00300053010000076512.PDF,1496,PVC presión SCH40 1/2 in x 6 m,Plomería potable,Material permanente,Unidad,Agua potable,2,Alta,No,,
FERRETERIA EPA S.A.,300053010000076512,2026-02-04,Bk falla/arco 1x20,4.0,27075.22,108300.88,Comprobante_Electronico_3101354271_00300053010000076512.PDF,1497,Centro de carga / breaker,Electricidad,Material permanente,Unidad,Instalación eléctrica,2,Alta,No,,
FERRETERIA EPA S.A.,300053010000076512,2026-02-04,Bk falla/tierra 1x,4.0,27075.22,108300.88,Comprobante_Electronico_3101354271_00300053010000076512.PDF,1498,Centro de carga / breaker,Electricidad,Material permanente,Unidad,Instalación eléctrica,2,Alta,No,,
FERRETERIA EPA S.A.,400055010000063244,2026-02-05,Cemento holcim 50,10.0,5619.47,56194.700000000004,Comprobante_Electronico_3101354271_00400055010000063244.PDF,1499,Cemento gris 50 kg,Cemento y concretos,Material permanente,Saco 50 kg,Cimentación|Estructura|Mampostería|Contrapiso,1,Alta,No,50.0,112.3894
FERRETERIA EPA S.A.,400055010000063230,2026-02-05,Block 12x20x40 pc-,50.0,347.79,17389.5,Comprobante_Electronico_3101354271_00400055010000063230.PDF,1500,Block concreto 12x20x40,Mampostería,Material permanente,Unidad 12x20x40 cm,Mampostería,1,Alta,No,,
FERRETERIA EPA S.A.,400055010000063230,2026-02-05,Cemento holcim 50,4.0,5619.47,22477.88,Comprobante_Electronico_3101354271_00400055010000063230.PDF,1501,Cemento gris 50 kg,Cemento y concretos,Material permanente,Saco 50 kg,Cimentación|Estructura|Mampostería|Contrapiso,1,Alta,No,50.0,112.3894
FERRETERIA EPA S.A.,400055010000063441,2026-02-10,Guante nitrilo 9 p,3.0,1195.58,3586.74,Comprobante_Electronico_3101354271_00400055010000063441.PDF,1502,EPP / protección,Seguridad obra,Consumible de obra,Unidad,Múltiples etapas,4,Alta,No,,
FERRETERIA EPA S.A.,400055010000063441,2026-02-10,Guante nitrilo 7 p,1.0,1195.58,1195.58,Comprobante_Electronico_3101354271_00400055010000063441.PDF,1503,EPP / protección,Seguridad obra,Consumible de obra,Unidad,Múltiples etapas,4,Alta,No,,
FERRETERIA EPA S.A.,400055010000063441,2026-02-10,Cod san 90x1 1 2 p,3.0,421.24,1263.72,Comprobante_Electronico_3101354271_00400055010000063441.PDF,1504,Codo sanitario,Plomería sanitaria,Material permanente,Unidad,Instalación sanitaria,2,Alta,No,,
FERRETERIA EPA S.A.,400055010000063441,2026-02-10,Repello grueso,35.0,3404.42,119154.7,Comprobante_Electronico_3101354271_00400055010000063441.PDF,1505,Mortero repello,Morteros,Material permanente,Unidad,Repello,2,Alta,No,,
FERRETERIA EPA S.A.,400055010000063680,2026-02-13,Cj emt octo 8ul 1/,5.0,393.81,1969.05,Comprobante_Electronico_3101354271_00400055010000063680.PDF,1506,Accesorio eléctrico EMT,Electricidad,Material permanente,Unidad,Instalación eléctrica,2,Alta,No,,
FERRETERIA EPA S.A.,400055010000063680,2026-02-13,"Caja rec 1/2""-3/4""",5.0,289.38,1446.9,Comprobante_Electronico_3101354271_00400055010000063680.PDF,1507,Accesorio eléctrico (genérico),Electricidad,Material permanente,Unidad,Instalación eléctrica,2,Media,No,,
FERRETERIA EPA S.A.,400055010000063680,2026-02-13,Conec m ul s40 1/2,15.0,200.0,3000.0,Comprobante_Electronico_3101354271_00400055010000063680.PDF,1508,Conector eléctrico,Electricidad,Material permanente,Unidad,Instalación eléctrica,2,Alta,No,,
FERRETERIA EPA S.A.,400055010000063680,2026-02-13,Repello grueso,18.0,3404.42,61279.56,Comprobante_Electronico_3101354271_00400055010000063680.PDF,1509,Mortero repello,Morteros,Material permanente,Unidad,Repello,2,Alta,No,,
FERRETERIA EPA S.A.,400055010000063783,2026-02-16,Caja octog 8ko lat,2.0,277.88,555.76,Comprobante_Electronico_3101354271_00400055010000063783.PDF,1510,Accesorio eléctrico (genérico),Electricidad,Material permanente,Unidad,Instalación eléctrica,2,Media,No,,
FERRETERIA EPA S.A.,400055010000063783,2026-02-16,Adapta m sch40 1/2,4.0,67.26,269.04,Comprobante_Electronico_3101354271_00400055010000063783.PDF,1511,Accesorio hidrosanitario (genérico),Plomería,Material permanente,Unidad,Instalaciones hidrosanitarias,2,Media,No,,
FERRETERIA EPA S.A.,400055010000063783,2026-02-16,"Llave paso 1/2""",1.0,4860.18,4860.18,Comprobante_Electronico_3101354271_00400055010000063783.PDF,1512,Llave / válvula hidráulica,Plomería,Material permanente,Unidad,Instalaciones hidrosanitarias,2,Alta,No,,
FERRETERIA EPA S.A.,400055010000063783,2026-02-16,Bushing npt 3/4x1/,1.0,3803.54,3803.54,Comprobante_Electronico_3101354271_00400055010000063783.PDF,1513,Niple / accesorio HG,Plomería,Material permanente,Unidad,Instalaciones hidrosanitarias,2,Alta,No,,
FERRETERIA EPA S.A.,400055010000063783,2026-02-16,Grifo mezclador de,2.0,13269.91,26539.82,Comprobante_Electronico_3101354271_00400055010000063783.PDF,1514,Grifería,Sanitarios,Material permanente,Unidad,Aparatos sanitarios,3,Alta,No,,
FERRETERIA EPA S.A.,400055010000063783,2026-02-16,Tapa emt oct c hue,2.0,118.58,237.16,Comprobante_Electronico_3101354271_00400055010000063783.PDF,1515,Accesorio eléctrico EMT,Electricidad,Material permanente,Unidad,Instalación eléctrica,2,Alta,No,,
FERRETERIA EPA S.A.,400055010000063783,2026-02-16,Anclaje radial 6mm,2.0,406.19,812.38,Comprobante_Electronico_3101354271_00400055010000063783.PDF,1516,Tornillo / fijación,Ferretería,Consumible de obra,Unidad,Múltiples etapas,4,Alta,No,,
FERRETERIA EPA S.A.,400055010000063783,2026-02-16,Anclaje radial 8mm,2.0,448.67,897.34,Comprobante_Electronico_3101354271_00400055010000063783.PDF,1517,Tornillo / fijación,Ferretería,Consumible de obra,Unidad,Múltiples etapas,4,Alta,No,,
FERRETERIA EPA S.A.,400055010000063783,2026-02-16,Caj oct pvc cond,6.0,487.61,2925.66,Comprobante_Electronico_3101354271_00400055010000063783.PDF,1518,Accesorio hidrosanitario (genérico),Plomería,Material permanente,Unidad,Instalaciones hidrosanitarias,2,Media,No,,
FERRETERIA EPA S.A.,400055010000063783,2026-02-16,Conec m ul s40 1/2,20.0,200.0,4000.0,Comprobante_Electronico_3101354271_00400055010000063783.PDF,1519,Conector eléctrico,Electricidad,Material permanente,Unidad,Instalación eléctrica,2,Alta,No,,
FERRETERIA EPA S.A.,400055010000063783,2026-02-16,Tapa p caj oct con,6.0,161.95,971.6999999999999,Comprobante_Electronico_3101354271_00400055010000063783.PDF,1520,Tapa P Caj Oct Con,Otros insumos,Otro registrado,Unidad,Otros,4,Baja,No,,
FERRETERIA EPA S.A.,400055010000063783,2026-02-16,Anclaje radial 10,2.0,500.88,1001.76,Comprobante_Electronico_3101354271_00400055010000063783.PDF,1521,Tornillo / fijación,Ferretería,Consumible de obra,Unidad,Múltiples etapas,4,Alta,No,,
FERRETERIA EPA S.A.,400055010000063783,2026-02-16,Set de ducha cuadr,2.0,15622.12,31244.24,Comprobante_Electronico_3101354271_00400055010000063783.PDF,1522,Ducha,Sanitarios,Material permanente,Unidad,Aparatos sanitarios,3,Alta,No,,
FERRETERIA EPA S.A.,400055010000063783,2026-02-16,Fanta naranja 600m,1.0,969.03,969.03,Comprobante_Electronico_3101354271_00400055010000063783.PDF,1523,Compra no constructiva,No constructivo,No incorporado,Unidad,No aplica,5,Alta,No,,
FERRETERIA EPA S.A.,400055010000063783,2026-02-16,Caj emp p/lav c/ll,1.0,31007.96,31007.96,Comprobante_Electronico_3101354271_00400055010000063783.PDF,1524,Accesorio hidrosanitario (genérico),Plomería,Material permanente,Unidad,Instalaciones hidrosanitarias,2,Media,No,,
FERRETERIA EPA S.A.,400055010000063783,2026-02-16,Tub cond tipo a 1/,15.0,839.82,12597.300000000001,Comprobante_Electronico_3101354271_00400055010000063783.PDF,1525,Conduit eléctrico,Electricidad,Material permanente,Unidad,Instalación eléctrica,2,Alta,No,,
FERRETERIA EPA S.A.,400055010000063783,2026-02-16,Tub cond tipo a 3/,2.0,1306.19,2612.38,Comprobante_Electronico_3101354271_00400055010000063783.PDF,1526,Conduit eléctrico,Electricidad,Material permanente,Unidad,Instalación eléctrica,2,Alta,No,,
FERRETERIA EPA S.A.,400055010000063783,2026-02-16,Cemento holcim 50,5.0,5619.47,28097.350000000002,Comprobante_Electronico_3101354271_00400055010000063783.PDF,1527,Cemento gris 50 kg,Cemento y concretos,Material permanente,Saco 50 kg,Cimentación|Estructura|Mampostería|Contrapiso,1,Alta,No,50.0,112.3894
FERRETERIA EPA S.A.,400055010000063783,2026-02-16,Cemento holcim 50,5.0,5619.47,28097.350000000002,Comprobante_Electronico_3101354271_00400055010000063783.PDF,1528,Cemento gris 50 kg,Cemento y concretos,Material permanente,Saco 50 kg,Cimentación|Estructura|Mampostería|Contrapiso,1,Alta,No,50.0,112.3894
FERRETERIA EPA S.A.,400055010000063783,2026-02-16,Gal 50 x 150 c 1.5,1.0,15094.69,15094.69,Comprobante_Electronico_3101354271_00400055010000063783.PDF,1529,Tubo estructural rectangular 50x150,Estructura metálica,Material permanente,Unidad,Estructura|Cubierta,2,Alta,No,,
FERRETERIA EPA S.A.,400055010000063879,2026-02-18,"Adap cpvc m 1 2""",6.0,230.97,1385.82,Comprobante_Electronico_3101354271_00400055010000063879.PDF,1530,Accesorio hidrosanitario (genérico),Plomería,Material permanente,Unidad,Instalaciones hidrosanitarias,2,Media,No,,
FERRETERIA EPA S.A.,400055010000063879,2026-02-18,"Codo cpvc 90x1/2""",4.0,215.93,863.72,Comprobante_Electronico_3101354271_00400055010000063879.PDF,1531,CPVC 1/2 in x 6 m,Plomería agua caliente,Material permanente,Unidad,Agua caliente,2,Alta,No,,
FERRETERIA EPA S.A.,400055010000063879,2026-02-18,Union pvc sch40 1/,4.0,62.83,251.32,Comprobante_Electronico_3101354271_00400055010000063879.PDF,1532,Accesorio PVC/CPVC,Plomería,Material permanente,Unidad,Instalaciones hidrosanitarias,2,Alta,No,,
FERRETERIA EPA S.A.,400055010000063879,2026-02-18,"Cod sch40 90x1/2""",4.0,81.42,325.68,Comprobante_Electronico_3101354271_00400055010000063879.PDF,1533,Accesorio hidrosanitario (genérico),Plomería,Material permanente,Unidad,Instalaciones hidrosanitarias,2,Media,No,,
FERRETERIA EPA S.A.,400055010000063879,2026-02-18,Adapta m sch40 1/2,6.0,67.26,403.56000000000006,Comprobante_Electronico_3101354271_00400055010000063879.PDF,1534,Accesorio hidrosanitario (genérico),Plomería,Material permanente,Unidad,Instalaciones hidrosanitarias,2,Media,No,,
FERRETERIA EPA S.A.,400055010000063879,2026-02-18,"Teflon 3/4""",1.0,1114.16,1114.16,Comprobante_Electronico_3101354271_00400055010000063879.PDF,1535,Cinta teflón,Plomería,Consumible de obra,Unidad,Instalaciones hidrosanitarias,2,Alta,No,,
FERRETERIA EPA S.A.,400055010000063879,2026-02-18,"Union cpvc 1/2""",4.0,188.5,754.0,Comprobante_Electronico_3101354271_00400055010000063879.PDF,1536,CPVC 1/2 in x 6 m,Plomería agua caliente,Material permanente,Unidad,Agua caliente,2,Alta,No,,
FERRETERIA EPA S.A.,400055010000063879,2026-02-18,Bateria aaa alcal,1.0,2015.04,2015.04,Comprobante_Electronico_3101354271_00400055010000063879.PDF,1537,Bateria Aaa Alcal,Otros insumos,Otro registrado,Unidad,Otros,4,Baja,No,,
FERRETERIA EPA S.A.,400090010000015723,2026-02-18,TUBO CUADRADO HG 50X50 MM C12 MM 6 M,4.0,6282.71,25130.84,Comprobante_Electronico_3101354271_00400090010000015723.PDF,1538,Metal / perfil (genérico),Estructura metálica,Material permanente,Pieza 6 m,Estructura|Cubierta,2,Media,No,,
FERRETERIA EPA S.A.,400090010000015720,2026-02-18,REPELLO GRUESO GRIS REPEMAX 80 40 KG,14.0,3404.0,47656.0,Comprobante_Electronico_3101354271_00400090010000015720.PDF,1539,Mortero repello grueso 40 kg,Morteros,Material permanente,Saco/bolsa 40 kg,Repello,2,Alta,No,40.0,85.1
FERRETERIA EPA S.A.,400055010000064061,2026-02-20,Cilindro de gas 22,2.0,1137.17,2274.34,Comprobante_Electronico_3101354271_00400055010000064061.PDF,1540,Gas butano,Consumibles,Consumible de obra,Unidad,Múltiples etapas,4,Alta,No,,
FERRETERIA EPA S.A.,400055010000064061,2026-02-20,Negro 1.68mm #16,4.0,510.62,2042.48,Comprobante_Electronico_3101354271_00400055010000064061.PDF,1541,Alambre negro recocido #16,Acero refuerzo,Consumible de obra,Unidad,Cimentación|Estructura,1,Alta,No,,
FERRETERIA EPA S.A.,400055010000064061,2026-02-20,Bolsa boxeo inflab,1.0,1844.25,1844.25,Comprobante_Electronico_3101354271_00400055010000064061.PDF,1542,Bolsa Boxeo Inflab,Otros insumos,Otro registrado,Unidad,Otros,4,Baja,No,,
FERRETERIA EPA S.A.,400055010000064061,2026-02-20,Bebida energet fur,1.0,1057.52,1057.52,Comprobante_Electronico_3101354271_00400055010000064061.PDF,1543,Compra no constructiva,No constructivo,No incorporado,Unidad,No aplica,5,Alta,No,,
FERRETERIA EPA S.A.,400055010000064060,2026-02-20,Pega pvc 470ml-1/8,1.0,4209.73,4209.73,Comprobante_Electronico_3101354271_00400055010000064060.PDF,1544,Accesorio hidrosanitario (genérico),Plomería,Material permanente,Unidad,Instalaciones hidrosanitarias,2,Media,No,,
FERRETERIA EPA S.A.,400055010000064060,2026-02-20,Clavo acero 3.5x50,1.0,6463.72,6463.72,Comprobante_Electronico_3101354271_00400055010000064060.PDF,1545,Clavo,Ferretería,Consumible de obra,Unidad,Múltiples etapas,4,Alta,No,,
FERRETERIA EPA S.A.,400055010000064060,2026-02-20,Silicon desmoldan,1.0,2632.74,2632.74,Comprobante_Electronico_3101354271_00400055010000064060.PDF,1546,Adhesivo / sellante,Ferretería,Consumible de obra,Unidad,Múltiples etapas,4,Alta,No,,
FERRETERIA EPA S.A.,400055010000064060,2026-02-20,Aditivo diesel 250,1.0,1899.12,1899.12,Comprobante_Electronico_3101354271_00400055010000064060.PDF,1547,Aditivo Diesel 250,Otros insumos,Otro registrado,Unidad,Otros,4,Baja,No,,
FERRETERIA EPA S.A.,400055010000064060,2026-02-20,Doble bl aguila su,1.0,665.49,665.49,Comprobante_Electronico_3101354271_00400055010000064060.PDF,1548,Doble Bl Aguila Su,Otros insumos,Otro registrado,Unidad,Otros,4,Baja,No,,
FERRETERIA EPA S.A.,400055010000064060,2026-02-20,Clavo c c 2 1/2 1k,2.0,998.23,1996.46,Comprobante_Electronico_3101354271_00400055010000064060.PDF,1549,Clavo,Ferretería,Consumible de obra,Unidad,Múltiples etapas,4,Alta,No,,
FERRETERIA EPA S.A.,400055010000064060,2026-02-20,Rollo agricola 1kg,1.0,2376.11,2376.11,Comprobante_Electronico_3101354271_00400055010000064060.PDF,1550,Rollo Agricola 1Kg,Otros insumos,Otro registrado,Saco/bolsa 1 kg,Otros,4,Baja,No,1.0,2376.11
FERRETERIA EPA S.A.,400055010000064060,2026-02-20,Gaza emt 1/2 senc,23.0,16.81,386.63,Comprobante_Electronico_3101354271_00400055010000064060.PDF,1551,Accesorio eléctrico EMT,Electricidad,Material permanente,Unidad,Instalación eléctrica,2,Alta,No,,
FERRETERIA EPA S.A.,400055010000064060,2026-02-20,Caja paso 20x20 s,1.0,11457.52,11457.52,Comprobante_Electronico_3101354271_00400055010000064060.PDF,1552,Caja eléctrica,Electricidad,Material permanente,Unidad,Instalación eléctrica,2,Alta,No,,
FERRETERIA EPA S.A.,400055010000064057,2026-02-20,Navaja galv rollo,3.0,5969.91,17909.73,Comprobante_Electronico_3101354271_00400055010000064057.PDF,1553,Metal / perfil (genérico),Estructura metálica,Material permanente,Unidad,Estructura|Cubierta,2,Media,No,,
FERRETERIA EPA S.A.,400055010000064057,2026-02-20,Pega pvc 470ml-1/8,1.0,4209.73,4209.73,Comprobante_Electronico_3101354271_00400055010000064057.PDF,1554,Accesorio hidrosanitario (genérico),Plomería,Material permanente,Unidad,Instalaciones hidrosanitarias,2,Media,No,,
FERRETERIA EPA S.A.,400055010000064057,2026-02-20,Clavo acero 3.5x50,1.0,6463.72,6463.72,Comprobante_Electronico_3101354271_00400055010000064057.PDF,1555,Clavo,Ferretería,Consumible de obra,Unidad,Múltiples etapas,4,Alta,No,,
FERRETERIA EPA S.A.,400055010000064057,2026-02-20,Silicon desmoldan,1.0,2632.74,2632.74,Comprobante_Electronico_3101354271_00400055010000064057.PDF,1556,Adhesivo / sellante,Ferretería,Consumible de obra,Unidad,Múltiples etapas,4,Alta,No,,
FERRETERIA EPA S.A.,400055010000064057,2026-02-20,Aditivo diesel 250,1.0,1899.12,1899.12,Comprobante_Electronico_3101354271_00400055010000064057.PDF,1557,Aditivo Diesel 250,Otros insumos,Otro registrado,Unidad,Otros,4,Baja,No,,
FERRETERIA EPA S.A.,400055010000064057,2026-02-20,Doble bl aguila su,1.0,665.49,665.49,Comprobante_Electronico_3101354271_00400055010000064057.PDF,1558,Doble Bl Aguila Su,Otros insumos,Otro registrado,Unidad,Otros,4,Baja,No,,
FERRETERIA EPA S.A.,400055010000064057,2026-02-20,Clavo c c 2 1/2 1k,2.0,998.23,1996.46,Comprobante_Electronico_3101354271_00400055010000064057.PDF,1559,Clavo,Ferretería,Consumible de obra,Unidad,Múltiples etapas,4,Alta,No,,
FERRETERIA EPA S.A.,400055010000064057,2026-02-20,Rollo agricola 1kg,1.0,2376.11,2376.11,Comprobante_Electronico_3101354271_00400055010000064057.PDF,1560,Rollo Agricola 1Kg,Otros insumos,Otro registrado,Saco/bolsa 1 kg,Otros,4,Baja,No,1.0,2376.11
FERRETERIA EPA S.A.,400055010000064057,2026-02-20,Gaza emt 1/2 senc,23.0,16.81,386.63,Comprobante_Electronico_3101354271_00400055010000064057.PDF,1561,Accesorio eléctrico EMT,Electricidad,Material permanente,Unidad,Instalación eléctrica,2,Alta,No,,
FERRETERIA EPA S.A.,400055010000064057,2026-02-20,Caja paso 20x20 s,1.0,11457.52,11457.52,Comprobante_Electronico_3101354271_00400055010000064057.PDF,1562,Caja eléctrica,Electricidad,Material permanente,Unidad,Instalación eléctrica,2,Alta,No,,
FERRETERIA EPA S.A.,400055010000064169,2026-02-23,"Disco metal 9""",2.0,1779.65,3559.3,Comprobante_Electronico_3101354271_00400055010000064169.PDF,1563,Herramienta / equipo,Herramientas y equipo,Herramienta/equipo,Unidad,No incorporado,5,Alta,No,,
FERRETERIA EPA S.A.,400055010000064169,2026-02-23,Tub cond tipo a 1/,2.0,839.82,1679.64,Comprobante_Electronico_3101354271_00400055010000064169.PDF,1564,Conduit eléctrico,Electricidad,Material permanente,Unidad,Instalación eléctrica,2,Alta,No,,
FERRETERIA EPA S.A.,400055010000064169,2026-02-23,Repello grueso,6.0,3404.42,20426.52,Comprobante_Electronico_3101354271_00400055010000064169.PDF,1565,Mortero repello,Morteros,Material permanente,Unidad,Repello,2,Alta,No,,
FERRETERIA EPA S.A.,500041010000015234,2026-02-25,Semid 23x72x3344 m,15.0,1346.9,20203.5,Comprobante_Electronico_3101354271_00500041010000015234.PDF,1566,Semiduro madera,Madera,Consumible de obra,Pieza 3344 m,Formaleta|Carpintería,4,Alta,No,,
FERRETERIA EPA S.A.,400055010000064311,2026-02-25,Corn blanc prem,2.0,2938.94,5877.88,Comprobante_Electronico_3101354271_00400055010000064311.PDF,1567,Cornisa PVC,Acabados,Material permanente,Unidad,Cielos y divisiones|Acabados,4,Alta,No,,
FERRETERIA EPA S.A.,400055010000064311,2026-02-25,Tab plas bl 1.18m2,4.0,3131.86,12527.44,Comprobante_Electronico_3101354271_00400055010000064311.PDF,1568,Panel / tablilla PVC,Acabados,Material permanente,Caja 1.18 m²,Cielos y divisiones|Acabados,4,Alta,No,,
FERRETERIA EPA S.A.,400055010000064311,2026-02-25,Metalum 0.31 81x18,5.0,3375.22,16876.1,Comprobante_Electronico_3101354271_00400055010000064311.PDF,1569,Lámina metálica / Metalum,Cubierta y techo,Material permanente,Unidad,Cubierta,2,Alta,No,,
FERRETERIA EPA S.A.,400055010000064311,2026-02-25,Repemax gris hidro,2.0,4530.09,9060.18,Comprobante_Electronico_3101354271_00400055010000064311.PDF,1570,Mortero repello,Morteros,Material permanente,Unidad,Repello,2,Alta,No,,
FERRETERIA EPA S.A.,400055010000064311,2026-02-25,"Angular 1x1""x10 03",36.0,281.42,10131.12,Comprobante_Electronico_3101354271_00400055010000064311.PDF,1571,Angular metálico,Estructura metálica,Material permanente,Unidad,Estructura|Carpintería metálica,2,Alta,No,,
FERRETERIA EPA S.A.,400055010000064311,2026-02-25,Saran ng cult 80%t,50.0,913.27,45663.5,Comprobante_Electronico_3101354271_00400055010000064311.PDF,1572,Malla sarán,Protección de obra,Consumible de obra,Unidad,Obra gris,4,Alta,No,,
FERRETERIA EPA S.A.,400055010000064377,2026-02-26,Canal cielo 16ft 0,10.0,1134.51,11345.1,Comprobante_Electronico_3101354271_00400055010000064377.PDF,1573,Cielo suspendido / perfilería,Cielos,Material permanente,Unidad,Cielos y divisiones,4,Alta,No,,
FERRETERIA EPA S.A.,400055010000064377,2026-02-26,Tornillo torlack p,2.0,1538.94,3077.88,Comprobante_Electronico_3101354271_00400055010000064377.PDF,1574,Tornillo / fijación,Ferretería,Consumible de obra,Unidad,Múltiples etapas,4,Alta,No,,
FERRETERIA EPA S.A.,400055010000064377,2026-02-26,"Torlac pf 8x1/2"" 5",2.0,1657.52,3315.04,Comprobante_Electronico_3101354271_00400055010000064377.PDF,1575,"Torlac Pf 8X1/2"" 5",Otros insumos,Otro registrado,Unidad,Otros,4,Baja,No,,
FERRETERIA EPA S.A.,400055010000064377,2026-02-26,Tiro caf 3/4 100u,2.0,2579.65,5159.3,Comprobante_Electronico_3101354271_00400055010000064377.PDF,1576,Tiro fijación,Ferretería,Consumible de obra,Unidad,Cielos y divisiones,4,Alta,No,,
FERRETERIA EPA S.A.,400055010000064377,2026-02-26,Clavo expl 3 4 100,3.0,2129.2,6387.599999999999,Comprobante_Electronico_3101354271_00400055010000064377.PDF,1577,Clavo,Ferretería,Consumible de obra,Unidad,Múltiples etapas,4,Alta,No,,
FERRETERIA EPA S.A.,400055010000064377,2026-02-26,"Cod sch40 90x1/2""",5.0,81.42,407.1,Comprobante_Electronico_3101354271_00400055010000064377.PDF,1578,Accesorio hidrosanitario (genérico),Plomería,Material permanente,Unidad,Instalaciones hidrosanitarias,2,Media,No,,
FERRETERIA EPA S.A.,400055010000064377,2026-02-26,Hi c uva 250ml,1.0,438.05,438.05,Comprobante_Electronico_3101354271_00400055010000064377.PDF,1579,Compra no constructiva,No constructivo,No incorporado,Unidad,No aplica,5,Alta,No,,
FERRETERIA EPA S.A.,400055010000064377,2026-02-26,Hi c frutas 250ml,1.0,438.05,438.05,Comprobante_Electronico_3101354271_00400055010000064377.PDF,1580,Compra no constructiva,No constructivo,No incorporado,Unidad,No aplica,5,Alta,No,,
FERRETERIA EPA S.A.,400055010000064426,2026-02-27,"Caja r 1/2""-3/4"" u",5.0,302.65,1513.25,Comprobante_Electronico_3101354271_00400055010000064426.PDF,1581,Accesorio eléctrico (genérico),Electricidad,Material permanente,Unidad,Instalación eléctrica,2,Media,No,,
FERRETERIA EPA S.A.,400055010000064426,2026-02-27,Conec m ul s40 1/2,8.0,200.0,1600.0,Comprobante_Electronico_3101354271_00400055010000064426.PDF,1582,Conector eléctrico,Electricidad,Material permanente,Unidad,Instalación eléctrica,2,Alta,No,,
FERRETERIA EPA S.A.,400055010000064615,2026-03-03,"Gypsum pf 1 1 4""",2.0,3147.79,6295.58,Comprobante_Electronico_3101354271_00400055010000064615.PDF,1583,Lámina gypsum 12 mm,Gypsum y liviano,Material permanente,Unidad,Cielos y divisiones,3,Alta,No,,
FERRETERIA EPA S.A.,400055010000064615,2026-03-03,Lamina verde mt,3.0,8495.58,25486.739999999998,Comprobante_Electronico_3101354271_00400055010000064615.PDF,1584,Lámina gypsum 12 mm,Gypsum y liviano,Material permanente,Unidad,Cielos y divisiones,3,Alta,No,,
FERRETERIA EPA S.A.,400055010000064615,2026-03-03,Canal cielo 16ft 0,10.0,1134.51,11345.1,Comprobante_Electronico_3101354271_00400055010000064615.PDF,1585,Cielo suspendido / perfilería,Cielos,Material permanente,Unidad,Cielos y divisiones,4,Alta,No,,
FERRETERIA EPA S.A.,400055010000064615,2026-03-03,Furring 366 0.32,40.0,610.62,24424.8,Comprobante_Electronico_3101354271_00400055010000064615.PDF,1586,Perfil gypsum furring,Gypsum y liviano,Material permanente,Unidad,Cielos y divisiones,3,Alta,No,,
FERRETERIA EPA S.A.,400055010000064615,2026-03-03,"Angular 1x1""x10 03",14.0,281.42,3939.88,Comprobante_Electronico_3101354271_00400055010000064615.PDF,1587,Angular metálico,Estructura metálica,Material permanente,Unidad,Estructura|Carpintería metálica,2,Alta,No,,
FERRETERIA EPA S.A.,400055010000064615,2026-03-03,Gypsu 12 mm 122x24,30.0,5407.08,162212.4,Comprobante_Electronico_3101354271_00400055010000064615.PDF,1588,Lámina gypsum 12 mm,Gypsum y liviano,Material permanente,Unidad,Cielos y divisiones,3,Alta,No,,
FERRETERIA EPA S.A.,400055010000064615,2026-03-03,Densglass 122x244c,3.0,14937.17,44811.51,Comprobante_Electronico_3101354271_00400055010000064615.PDF,1589,Densglass 12 mm,Gypsum y liviano,Material permanente,Unidad,Fachada|Cielos y divisiones,3,Alta,No,,
FERRETERIA EPA S.A.,400055010000064615,2026-03-03,Stud 3x10 0.70,10.0,1508.85,15088.5,Comprobante_Electronico_3101354271_00400055010000064615.PDF,1590,Perfil gypsum stud,Gypsum y liviano,Material permanente,Unidad,Cielos y divisiones,3,Alta,No,,
FERRETERIA EPA S.A.,400055010000064615,2026-03-03,Combo mouse teclad,1.0,8753.1,8753.1,Comprobante_Electronico_3101354271_00400055010000064615.PDF,1591,Compra no constructiva,No constructivo,No incorporado,Unidad,No aplica,5,Alta,No,,
FERRETERIA EPA S.A.,400055010000064612,2026-03-03,"Gypsum pf 1 1 4""",2.0,3147.79,6295.58,Comprobante_Electronico_3101354271_00400055010000064612.PDF,1592,Lámina gypsum 12 mm,Gypsum y liviano,Material permanente,Unidad,Cielos y divisiones,3,Alta,No,,
FERRETERIA EPA S.A.,400055010000064612,2026-03-03,Lamina verde mt,3.0,8495.58,25486.739999999998,Comprobante_Electronico_3101354271_00400055010000064612.PDF,1593,Lámina gypsum 12 mm,Gypsum y liviano,Material permanente,Unidad,Cielos y divisiones,3,Alta,No,,
FERRETERIA EPA S.A.,400055010000064612,2026-03-03,Canal cielo 16ft 0,10.0,1134.51,11345.1,Comprobante_Electronico_3101354271_00400055010000064612.PDF,1594,Cielo suspendido / perfilería,Cielos,Material permanente,Unidad,Cielos y divisiones,4,Alta,No,,
FERRETERIA EPA S.A.,400055010000064612,2026-03-03,Furring 366 0.32,40.0,610.62,24424.8,Comprobante_Electronico_3101354271_00400055010000064612.PDF,1595,Perfil gypsum furring,Gypsum y liviano,Material permanente,Unidad,Cielos y divisiones,3,Alta,No,,
FERRETERIA EPA S.A.,400055010000064612,2026-03-03,"Angular 1x1""x10 03",14.0,281.42,3939.88,Comprobante_Electronico_3101354271_00400055010000064612.PDF,1596,Angular metálico,Estructura metálica,Material permanente,Unidad,Estructura|Carpintería metálica,2,Alta,No,,
FERRETERIA EPA S.A.,400055010000064612,2026-03-03,Gypsu 12 mm 122x24,30.0,5407.08,162212.4,Comprobante_Electronico_3101354271_00400055010000064612.PDF,1597,Lámina gypsum 12 mm,Gypsum y liviano,Material permanente,Unidad,Cielos y divisiones,3,Alta,No,,
FERRETERIA EPA S.A.,400055010000064612,2026-03-03,Densglass 122x244c,3.0,14937.17,44811.51,Comprobante_Electronico_3101354271_00400055010000064612.PDF,1598,Densglass 12 mm,Gypsum y liviano,Material permanente,Unidad,Fachada|Cielos y divisiones,3,Alta,No,,
FERRETERIA EPA S.A.,400055010000064612,2026-03-03,Stud 3x10 0.70,10.0,1508.85,15088.5,Comprobante_Electronico_3101354271_00400055010000064612.PDF,1599,Perfil gypsum stud,Gypsum y liviano,Material permanente,Unidad,Cielos y divisiones,3,Alta,No,,
FERRETERIA EPA S.A.,400055010000064612,2026-03-03,Combo mouse teclad,1.0,8753.1,8753.1,Comprobante_Electronico_3101354271_00400055010000064612.PDF,1600,Compra no constructiva,No constructivo,No incorporado,Unidad,No aplica,5,Alta,No,,
FERRETERIA EPA S.A.,400055010000064740,2026-03-05,"Moldura j 1 2""x10f",3.0,637.17,1911.5099999999998,Comprobante_Electronico_3101354271_00400055010000064740.PDF,1601,Moldura / esquinero,Acabados,Material permanente,Unidad,Acabados,4,Alta,No,,
FERRETERIA EPA S.A.,400055010000064740,2026-03-05,Esquinero plas 10f,8.0,602.65,4821.2,Comprobante_Electronico_3101354271_00400055010000064740.PDF,1602,Moldura / esquinero,Acabados,Material permanente,Unidad,Acabados,4,Alta,No,,
FERRETERIA EPA S.A.,400055010000064740,2026-03-05,"Cinta durok 4"" 150",2.0,2331.86,4663.72,Comprobante_Electronico_3101354271_00400055010000064740.PDF,1603,Consumible / herramienta de obra,Ferretería,Consumible de obra,Unidad,Múltiples etapas,4,Media,No,,
FERRETERIA EPA S.A.,800052010000007768,2026-03-08,Sifon flex corruga,1.0,1327.43,1327.43,Comprobante_Electronico_3101354271_00800052010000007768.PDF,1604,Sifón sanitario,Plomería sanitaria,Material permanente,Unidad,Instalación sanitaria,2,Alta,No,,
FERRETERIA EPA S.A.,800052010000007766,2026-03-08,Reducc sch40 1x1/2,1.0,224.78,224.78,Comprobante_Electronico_3101354271_00800052010000007766.PDF,1605,Accesorio hidrosanitario (genérico),Plomería,Material permanente,Unidad,Instalaciones hidrosanitarias,2,Media,No,,
FERRETERIA EPA S.A.,800052010000007766,2026-03-08,Adapta h sch40 1/2,1.0,112.39,112.39,Comprobante_Electronico_3101354271_00800052010000007766.PDF,1606,Accesorio hidrosanitario (genérico),Plomería,Material permanente,Unidad,Instalaciones hidrosanitarias,2,Media,No,,
FERRETERIA EPA S.A.,800052010000007766,2026-03-08,Manija cllave neg,1.0,4897.35,4897.35,Comprobante_Electronico_3101354271_00800052010000007766.PDF,1607,Herraje mobiliario,Carpintería y mobiliario,Material permanente,Unidad,Mobiliario,3,Media,No,,
FERRETERIA EPA S.A.,800052010000007766,2026-03-08,"Llave chorro 1/2""",1.0,195.58,195.58,Comprobante_Electronico_3101354271_00800052010000007766.PDF,1608,Llave / válvula hidráulica,Plomería,Material permanente,Unidad,Instalaciones hidrosanitarias,2,Alta,No,,
FERRETERIA EPA S.A.,800052010000007766,2026-03-08,Bateria aa 8 pieza,1.0,3092.92,3092.92,Comprobante_Electronico_3101354271_00800052010000007766.PDF,1609,Bateria Aa 8 Pieza,Otros insumos,Otro registrado,Unidad,Otros,4,Baja,No,,
FERRETERIA EPA S.A.,800052010000007766,2026-03-08,Pega pvc 28.41ml 1,1.0,819.47,819.47,Comprobante_Electronico_3101354271_00800052010000007766.PDF,1610,Accesorio hidrosanitario (genérico),Plomería,Material permanente,Unidad,Instalaciones hidrosanitarias,2,Media,No,,
FERRETERIA EPA S.A.,800052010000007766,2026-03-08,Cinta super 33 3m,1.0,2004.42,2004.42,Comprobante_Electronico_3101354271_00800052010000007766.PDF,1611,Consumible / herramienta de obra,Ferretería,Consumible de obra,Unidad,Múltiples etapas,4,Media,No,,
FERRETERIA EPA S.A.,800052010000007766,2026-03-08,"Valv bola pvc 1""",1.0,1131.86,1131.86,Comprobante_Electronico_3101354271_00800052010000007766.PDF,1612,Accesorio hidrosanitario (genérico),Plomería,Material permanente,Unidad,Instalaciones hidrosanitarias,2,Media,No,,
FERRETERIA EPA S.A.,800052010000007793,2026-03-09,Valvula bola pvc 3,2.0,845.13,1690.26,Comprobante_Electronico_3101354271_00800052010000007793.PDF,1613,Llave / válvula hidráulica,Plomería,Material permanente,Unidad,Instalaciones hidrosanitarias,2,Alta,No,,
FERRETERIA EPA S.A.,400055010000064893,2026-03-09,"Cod 90 pvc 3"" cano",3.0,2059.29,6177.87,Comprobante_Electronico_3101354271_00400055010000064893.PDF,1614,Accesorio hidrosanitario (genérico),Plomería,Material permanente,Unidad,Instalaciones hidrosanitarias,2,Media,No,,
FERRETERIA EPA S.A.,400055010000064893,2026-03-09,Cinta papel 2x250f,1.0,1096.46,1096.46,Comprobante_Electronico_3101354271_00400055010000064893.PDF,1615,Consumible / herramienta de obra,Ferretería,Consumible de obra,Unidad,Múltiples etapas,4,Media,No,,
FERRETERIA EPA S.A.,400055010000064893,2026-03-09,Sop int alto cauda,10.0,652.21,6522.1,Comprobante_Electronico_3101354271_00400055010000064893.PDF,1616,Herraje mobiliario,Carpintería y mobiliario,Material permanente,Unidad,Mobiliario,3,Media,No,,
FERRETERIA EPA S.A.,400055010000064893,2026-03-09,"Boqui red 3"" alt c",2.0,3231.86,6463.72,Comprobante_Electronico_3101354271_00400055010000064893.PDF,1617,Fragüa / boquilla,Pisos y enchapes,Material permanente,Unidad,Pisos y enchapes,2,Alta,No,,
FERRETERIA EPA S.A.,400055010000064893,2026-03-09,Masilla 45minutos,1.0,6976.11,6976.11,Comprobante_Electronico_3101354271_00400055010000064893.PDF,1618,Adhesivo / sellador (genérico),Adhesivos y selladores,Consumible de obra,Unidad,Acabados,4,Media,No,,
FERRETERIA EPA S.A.,400055010000064893,2026-03-09,"Moldura j 1 2""x10f",2.0,637.17,1274.34,Comprobante_Electronico_3101354271_00400055010000064893.PDF,1619,Moldura / esquinero,Acabados,Material permanente,Unidad,Acabados,4,Alta,No,,
FERRETERIA EPA S.A.,400055010000064893,2026-03-09,Cinta temflex 3m,1.0,790.27,790.27,Comprobante_Electronico_3101354271_00400055010000064893.PDF,1620,Consumible / herramienta de obra,Ferretería,Consumible de obra,Unidad,Múltiples etapas,4,Media,No,,
FERRETERIA EPA S.A.,400055010000064893,2026-03-09,Can alto caudal 4m,2.0,12815.04,25630.08,Comprobante_Electronico_3101354271_00400055010000064893.PDF,1621,Canoa alto caudal,Plomería pluvial,Material permanente,Unidad,Cubierta|Pluvial,4,Alta,No,,
FERRETERIA EPA S.A.,400055010000064893,2026-03-09,Cinta super 33 3m,2.0,2001.77,4003.54,Comprobante_Electronico_3101354271_00400055010000064893.PDF,1622,Consumible / herramienta de obra,Ferretería,Consumible de obra,Unidad,Múltiples etapas,4,Media,No,,
FERRETERIA EPA S.A.,400055010000064893,2026-03-09,Tap p can alto cau,2.0,1201.77,2403.54,Comprobante_Electronico_3101354271_00400055010000064893.PDF,1623,Tapa canoa alto caudal,Plomería pluvial,Material permanente,Unidad,Cubierta|Pluvial,4,Alta,No,,
FERRETERIA EPA S.A.,400055010000064942,2026-03-10,Pasta gypsum 5gal,1.0,11674.34,11674.34,Comprobante_Electronico_3101354271_00400055010000064942.PDF,1624,Pasta / masilla gypsum,Gypsum y liviano,Material permanente,Envase 5 gal,Cielos y divisiones,3,Alta,No,,
FERRETERIA EPA S.A.,400055010000064942,2026-03-10,Lija agua #180 9x1,3.0,148.67,446.01,Comprobante_Electronico_3101354271_00400055010000064942.PDF,1625,Lija,Pintura y acabados,Consumible de obra,Unidad,Acabados,4,Alta,No,,
FERRETERIA EPA S.A.,400055010000064942,2026-03-10,Lija agua 100 3m,5.0,334.51,1672.55,Comprobante_Electronico_3101354271_00400055010000064942.PDF,1626,Lija,Pintura y acabados,Consumible de obra,Unidad,Acabados,4,Alta,No,,
FERRETERIA EPA S.A.,400055010000064942,2026-03-10,Lija agua 150 3m,5.0,288.5,1442.5,Comprobante_Electronico_3101354271_00400055010000064942.PDF,1627,Lija,Pintura y acabados,Consumible de obra,Unidad,Acabados,4,Alta,No,,
FERRETERIA EPA S.A.,400055010000064957,2026-03-10,3000 deep mate 1/4,1.0,3289.38,3289.38,Comprobante_Electronico_3101354271_00400055010000064957.PDF,1628,Pintura / laca / tinte,Pintura,Material permanente,Unidad,Pintura,3,Alta,No,,
FERRETERIA EPA S.A.,400055010000064957,2026-03-10,Revestimiento int,2.0,3684.07,7368.14,Comprobante_Electronico_3101354271_00400055010000064957.PDF,1629,Revestimiento,Pintura y revestimientos,Material permanente,Unidad,Acabados,4,Alta,No,,
FERRETERIA EPA S.A.,400055010000064957,2026-03-10,Sellador 522 blnco,1.0,54424.78,54424.78,Comprobante_Electronico_3101354271_00400055010000064957.PDF,1630,Sellador concreto,Pintura,Material permanente,Unidad,Pintura,3,Alta,No,,
FERRETERIA EPA S.A.,500042010000032609,2026-03-11,Mrco flpa 5hil 9,1.0,1448.67,1448.67,Comprobante_Electronico_3101354271_00500042010000032609.PDF,1631,Mrco Flpa 5Hil 9,Otros insumos,Otro registrado,Unidad,Otros,4,Baja,No,,
FERRETERIA EPA S.A.,500042010000032609,2026-03-11,"4pack brochas 3""",1.0,4687.61,4687.61,Comprobante_Electronico_3101354271_00500042010000032609.PDF,1632,Consumible / herramienta de obra,Ferretería,Consumible de obra,Unidad,Múltiples etapas,4,Media,No,,
FERRETERIA EPA S.A.,500042010000032609,2026-03-11,Felpa antigot 9x1/,1.0,1461.06,1461.06,Comprobante_Electronico_3101354271_00500042010000032609.PDF,1633,Brocha / felpa pintura,Pintura,Herramienta/equipo,Unidad,Pintura,3,Alta,No,,
FERRETERIA EPA S.A.,500042010000032609,2026-03-11,Pistola de pintar,1.0,22079.65,22079.65,Comprobante_Electronico_3101354271_00500042010000032609.PDF,1634,Herramienta eléctrica,Herramientas y equipo,Herramienta/equipo,Unidad,No incorporado,5,Alta,No,,
FERRETERIA EPA S.A.,500042010000032609,2026-03-11,"Scotch azul 2""x60m",1.0,5291.15,5291.15,Comprobante_Electronico_3101354271_00500042010000032609.PDF,1635,Cinta masking,Pintura,Consumible de obra,Unidad,Pintura,3,Alta,No,,
FERRETERIA EPA S.A.,500042010000032609,2026-03-11,Revestimiento int,5.0,3684.07,18420.350000000002,Comprobante_Electronico_3101354271_00500042010000032609.PDF,1636,Revestimiento,Pintura y revestimientos,Material permanente,Unidad,Acabados,4,Alta,No,,
FERRETERIA EPA S.A.,500042010000032610,2026-03-11,Revestimiento int,5.0,3684.07,18420.350000000002,Comprobante_Electronico_3101354271_00500042010000032610.PDF,1637,Revestimiento,Pintura y revestimientos,Material permanente,Unidad,Acabados,4,Alta,No,,
FERRETERIA EPA S.A.,400055010000065077,2026-03-12,"Tubo cpvc 1/2"" 3m",1.0,2300.88,2300.88,Comprobante_Electronico_3101354271_00400055010000065077.PDF,1638,CPVC 1/2 in x 6 m,Plomería agua caliente,Material permanente,Pieza 3 m,Agua caliente,2,Alta,No,,
FERRETERIA EPA S.A.,400055010000065077,2026-03-12,Aparejo univers 1/,1.0,4686.73,4686.73,Comprobante_Electronico_3101354271_00400055010000065077.PDF,1639,Anticorrosivo,Pintura,Material permanente,Unidad,Estructura metálica|Pintura,3,Alta,No,,
FERRETERIA EPA S.A.,400055010000065077,2026-03-12,Aguarras odorles 1,1.0,1785.84,1785.84,Comprobante_Electronico_3101354271_00400055010000065077.PDF,1640,Accesorio hidrosanitario (genérico),Plomería,Material permanente,Unidad,Instalaciones hidrosanitarias,2,Media,No,,
FERRETERIA EPA S.A.,400055010000065077,2026-03-12,T segundari 61cm,4.0,283.19,1132.76,Comprobante_Electronico_3101354271_00400055010000065077.PDF,1641,T Segundari 61Cm,Otros insumos,Otro registrado,Unidad,Otros,4,Baja,No,,
FERRETERIA EPA S.A.,400055010000065077,2026-03-12,T secundari 122cm,4.0,557.52,2230.08,Comprobante_Electronico_3101354271_00400055010000065077.PDF,1642,T Secundari 122Cm,Otros insumos,Otro registrado,Unidad,Otros,4,Baja,No,,
FERRETERIA EPA S.A.,400055010000065077,2026-03-12,Extension 1.6 a 3m,1.0,4522.12,4522.12,Comprobante_Electronico_3101354271_00400055010000065077.PDF,1643,Extension 1.6 A 3M,Otros insumos,Otro registrado,Unidad,Otros,4,Baja,No,,
FERRETERIA EPA S.A.,400055010000065077,2026-03-12,"Brocha 2-1/2"" basi",1.0,1412.39,1412.39,Comprobante_Electronico_3101354271_00400055010000065077.PDF,1644,Brocha / felpa pintura,Pintura,Herramienta/equipo,Unidad,Pintura,3,Alta,No,,
FERRETERIA EPA S.A.,400055010000065077,2026-03-12,Thinner premium 1,1.0,5912.39,5912.39,Comprobante_Electronico_3101354271_00400055010000065077.PDF,1645,Thinner / diluyente,Pintura,Consumible de obra,Unidad,Pintura,3,Alta,No,,
FERRETERIA EPA S.A.,400055010000065077,2026-03-12,Lija #320 9x11,1.0,281.42,281.42,Comprobante_Electronico_3101354271_00400055010000065077.PDF,1646,Lija,Pintura y acabados,Consumible de obra,Unidad,Acabados,4,Alta,No,,
FERRETERIA EPA S.A.,400055010000065077,2026-03-12,Lija madera 150 3m,1.0,210.62,210.62,Comprobante_Electronico_3101354271_00400055010000065077.PDF,1647,Lija,Pintura y acabados,Consumible de obra,Unidad,Acabados,4,Alta,No,,
FERRETERIA EPA S.A.,400055010000065077,2026-03-12,Lija mader #120 9x,1.0,141.59,141.59,Comprobante_Electronico_3101354271_00400055010000065077.PDF,1648,Lija,Pintura y acabados,Consumible de obra,Unidad,Acabados,4,Alta,No,,
FERRETERIA EPA S.A.,400055010000065077,2026-03-12,Pasta gypsum 5gal,1.0,14477.88,14477.88,Comprobante_Electronico_3101354271_00400055010000065077.PDF,1649,Pasta / masilla gypsum,Gypsum y liviano,Material permanente,Envase 5 gal,Cielos y divisiones,3,Alta,No,,
FERRETERIA EPA S.A.,400055010000065077,2026-03-12,Fuze verd zero 500,1.0,615.04,615.04,Comprobante_Electronico_3101354271_00400055010000065077.PDF,1650,Fuze Verd Zero 500,Otros insumos,Otro registrado,Unidad,Otros,4,Baja,No,,
FERRETERIA EPA S.A.,400055010000065133,2026-03-13,Maxima deep 1g mt,1.0,15369.03,15369.03,Comprobante_Electronico_3101354271_00400055010000065133.PDF,1651,Pintura Sur / Lanco,Pintura,Material permanente,Unidad,Pintura,3,Alta,No,,
FERRETERIA EPA S.A.,400055010000065133,2026-03-13,Sop int alto cauda,8.0,652.21,5217.68,Comprobante_Electronico_3101354271_00400055010000065133.PDF,1652,Herraje mobiliario,Carpintería y mobiliario,Material permanente,Unidad,Mobiliario,3,Media,No,,
FERRETERIA EPA S.A.,400055010000065133,2026-03-13,Espejo punto ciego,1.0,872.57,872.57,Comprobante_Electronico_3101354271_00400055010000065133.PDF,1653,Vidrio / espejo,Vidrios,Material permanente,Unidad,Cerramientos|Baños,3,Alta,No,,
FERRETERIA EPA S.A.,400055010000065133,2026-03-13,Union exp alto cau,1.0,3267.26,3267.26,Comprobante_Electronico_3101354271_00400055010000065133.PDF,1654,Accesorio hidrosanitario (genérico),Plomería,Material permanente,Unidad,Instalaciones hidrosanitarias,2,Media,No,,
FERRETERIA EPA S.A.,400055010000065133,2026-03-13,Bateria litio 2032,1.0,1308.85,1308.85,Comprobante_Electronico_3101354271_00400055010000065133.PDF,1655,Bateria Litio 2032,Otros insumos,Otro registrado,Unidad,Otros,4,Baja,No,,
FERRETERIA EPA S.A.,400055010000065133,2026-03-13,Metalum #28 81x183,1.0,3840.71,3840.71,Comprobante_Electronico_3101354271_00400055010000065133.PDF,1656,Lámina techo ondulada #28,Cubierta y techo,Material permanente,Unidad,Cubierta,2,Alta,No,,
FERRETERIA EPA S.A.,400055010000065205,2026-03-16,Furring 366 0.32,2.0,610.62,1221.24,Comprobante_Electronico_3101354271_00400055010000065205.PDF,1657,Perfil gypsum furring,Gypsum y liviano,Material permanente,Unidad,Cielos y divisiones,3,Alta,No,,
FERRETERIA EPA S.A.,400055010000065205,2026-03-16,"Cinta durok 4"" 150",1.0,2331.86,2331.86,Comprobante_Electronico_3101354271_00400055010000065205.PDF,1658,Consumible / herramienta de obra,Ferretería,Consumible de obra,Unidad,Múltiples etapas,4,Media,No,,
FERRETERIA EPA S.A.,400055010000065205,2026-03-16,"Bis neg 31/2"" 2mm2",3.0,1869.03,5607.09,Comprobante_Electronico_3101354271_00400055010000065205.PDF,1659,Bisagra,Puertas y cerraduras,Material permanente,Unidad,Puertas|Mobiliario,3,Alta,No,,
FERRETERIA EPA S.A.,400055010000065205,2026-03-16,Tc plana 3 16x2 3,2.0,610.62,1221.24,Comprobante_Electronico_3101354271_00400055010000065205.PDF,1660,Tc Plana 3 16X2 3,Otros insumos,Otro registrado,Unidad,Otros,4,Baja,No,,
FERRETERIA EPA S.A.,400055010000065205,2026-03-16,Cinta papel 2x250f,1.0,1096.46,1096.46,Comprobante_Electronico_3101354271_00400055010000065205.PDF,1661,Consumible / herramienta de obra,Ferretería,Consumible de obra,Unidad,Múltiples etapas,4,Media,No,,
FERRETERIA EPA S.A.,400055010000065205,2026-03-16,Revestimiento int,8.0,3684.07,29472.56,Comprobante_Electronico_3101354271_00400055010000065205.PDF,1662,Revestimiento,Pintura y revestimientos,Material permanente,Unidad,Acabados,4,Alta,No,,
FERRETERIA EPA S.A.,400055010000065308,2026-03-18,Cubre boc hipoal 5,2.0,856.64,1713.28,Comprobante_Electronico_3101354271_00400055010000065308.PDF,1663,Cubre Boc Hipoal 5,Otros insumos,Otro registrado,Unidad,Otros,4,Baja,No,,
FERRETERIA EPA S.A.,400055010000065308,2026-03-18,Felpa antigot 9x3/,1.0,2155.75,2155.75,Comprobante_Electronico_3101354271_00400055010000065308.PDF,1664,Brocha / felpa pintura,Pintura,Herramienta/equipo,Unidad,Pintura,3,Alta,No,,
FERRETERIA EPA S.A.,400055010000065308,2026-03-18,Pasta gypsum 5gal,1.0,14477.88,14477.88,Comprobante_Electronico_3101354271_00400055010000065308.PDF,1665,Pasta / masilla gypsum,Gypsum y liviano,Material permanente,Envase 5 gal,Cielos y divisiones,3,Alta,No,,
FERRETERIA EPA S.A.,500042010000032987,2026-03-18,"Adap cpvc m 1 2""",4.0,230.97,923.88,Comprobante_Electronico_3101354271_00500042010000032987.PDF,1666,Accesorio hidrosanitario (genérico),Plomería,Material permanente,Unidad,Instalaciones hidrosanitarias,2,Media,No,,
FERRETERIA EPA S.A.,500042010000032987,2026-03-18,Lija agua #150 9x1,5.0,179.65,898.25,Comprobante_Electronico_3101354271_00500042010000032987.PDF,1667,Lija,Pintura y acabados,Consumible de obra,Unidad,Acabados,4,Alta,No,,
FERRETERIA EPA S.A.,500042010000032987,2026-03-18,Lija agua #120 9x1,8.0,195.58,1564.64,Comprobante_Electronico_3101354271_00500042010000032987.PDF,1668,Lija,Pintura y acabados,Consumible de obra,Unidad,Acabados,4,Alta,No,,
FERRETERIA EPA S.A.,500042010000032987,2026-03-18,Sellador 522 blnco,1.0,54424.78,54424.78,Comprobante_Electronico_3101354271_00500042010000032987.PDF,1669,Sellador concreto,Pintura,Material permanente,Unidad,Pintura,3,Alta,No,,
FERRETERIA EPA S.A.,500042010000032987,2026-03-18,Acri latex mat bl5,1.0,57853.98,57853.98,Comprobante_Electronico_3101354271_00500042010000032987.PDF,1670,Pintura / recubrimiento,Pintura,Material permanente,Unidad,Pintura,3,Alta,No,,
FERRETERIA EPA S.A.,400090010000017451,2026-03-20,PORCELANATO 120X60 CEMENTO MATE GRIS 3CJ,50.0,5030.97,251548.5,Comprobante_Electronico_3101354271_00400090010000017451.PDF,1671,Porcelanato / piso,Pisos y enchapes,Material permanente,Unidad,Pisos y enchapes,2,Alta,No,,
FERRETERIA EPA S.A.,400055010000065616,2026-03-23,Cuartilla rio pri,3.0,13884.07,41652.21,Comprobante_Electronico_3101354271_00400055010000065616.PDF,1672,Piedra / agregado,Agregados,Material permanente,m³,Cimentación|Estructura|Contrapiso,1,Alta,Sí,,
FERRETERIA EPA S.A.,400055010000065615,2026-03-23,Arena corriente ta,3.0,14270.8,42812.399999999994,Comprobante_Electronico_3101354271_00400055010000065615.PDF,1673,Arena,Agregados,Material permanente,m³,Cimentación|Estructura|Mampostería|Contrapiso,1,Alta,Sí,,
FERRETERIA EPA S.A.,400055010000065614,2026-03-23,Cuartilla rio pri,3.0,13884.07,41652.21,Comprobante_Electronico_3101354271_00400055010000065614.PDF,1674,Piedra / agregado,Agregados,Material permanente,m³,Cimentación|Estructura|Contrapiso,1,Alta,Sí,,
FERRETERIA EPA S.A.,400055010000065612,2026-03-23,Deformada #4 g40 6,60.0,2282.3,136938.0,Comprobante_Electronico_3101354271_00400055010000065612.PDF,1675,Varilla #4,Acero refuerzo,Material permanente,Pieza #4 x 6 m,Cimentación|Estructura,1,Alta,Sí,,
FERRETERIA EPA S.A.,400055010000065612,2026-03-23,Deformada #3 g40 6,200.0,1270.8,254160.0,Comprobante_Electronico_3101354271_00400055010000065612.PDF,1676,Varilla #3,Acero refuerzo,Material permanente,Pieza #3 x 6 m,Cimentación|Estructura|Contrapiso,1,Alta,Sí,,
FERRETERIA EPA S.A.,400055010000065612,2026-03-23,Negro 1.68mm #16,100.0,510.62,51062.0,Comprobante_Electronico_3101354271_00400055010000065612.PDF,1677,Alambre negro recocido #16,Acero refuerzo,Consumible de obra,Unidad,Cimentación|Estructura,1,Alta,No,,
FERRETERIA EPA S.A.,400055010000065612,2026-03-23,Sellador 522 blnco,1.0,54424.78,54424.78,Comprobante_Electronico_3101354271_00400055010000065612.PDF,1678,Sellador concreto,Pintura,Material permanente,Unidad,Pintura,3,Alta,No,,
FERRETERIA EPA S.A.,400055010000065612,2026-03-23,Crayon amarilo c f,10.0,357.52,3575.2,Comprobante_Electronico_3101354271_00400055010000065612.PDF,1679,Consumible / herramienta de obra,Ferretería,Consumible de obra,Unidad,Múltiples etapas,4,Media,No,,
FERRETERIA EPA S.A.,400055010000065612,2026-03-23,"Tubo sch40 1/2"" 6m",5.0,2475.22,12376.099999999999,Comprobante_Electronico_3101354271_00400055010000065612.PDF,1680,PVC presión SCH40 1/2 in x 6 m,Plomería potable,Material permanente,Pieza 6 m,Agua potable,2,Alta,No,,
FERRETERIA EPA S.A.,400055010000065612,2026-03-23,Zacate block plus,88.0,1459.29,128417.51999999999,Comprobante_Electronico_3101354271_00400055010000065612.PDF,1681,Zacate block,Exteriores,Material permanente,Unidad,Exteriores,4,Alta,No,,
FERRETERIA EPA S.A.,400055010000065612,2026-03-23,Repello grueso,2.0,3404.42,6808.84,Comprobante_Electronico_3101354271_00400055010000065612.PDF,1682,Mortero repello,Morteros,Material permanente,Unidad,Repello,2,Alta,No,,
FERRETERIA EPA S.A.,400055010000065612,2026-03-23,Clavo c c 2 1/2 23,1.0,18282.3,18282.3,Comprobante_Electronico_3101354271_00400055010000065612.PDF,1683,Clavo,Ferretería,Consumible de obra,Unidad,Múltiples etapas,4,Alta,No,,
FERRETERIA EPA S.A.,400055010000065612,2026-03-23,Clavo acero 3.5x50,2.0,6463.72,12927.44,Comprobante_Electronico_3101354271_00400055010000065612.PDF,1684,Clavo,Ferretería,Consumible de obra,Unidad,Múltiples etapas,4,Alta,No,,
FERRETERIA EPA S.A.,400055010000065613,2026-03-23,Arena corriente ta,3.0,14270.8,42812.399999999994,Comprobante_Electronico_3101354271_00400055010000065613.PDF,1685,Arena,Agregados,Material permanente,m³,Cimentación|Estructura|Mampostería|Contrapiso,1,Alta,Sí,,
FERRETERIA EPA S.A.,300054010000055266,2026-03-27,Bondex plus 25 kg,20.0,4346.02,86920.40000000001,Comprobante_Electronico_3101354271_00300054010000055266.PDF,1686,Bondex Plus 25 kg,Adhesivos cerámicos,Material permanente,Saco/bolsa 25 kg,Pisos y enchapes,2,Alta,No,25.0,173.8408
FERRETERIA EPA S.A.,400055010000065859,2026-03-27,Bases niveladoras,6.0,1138.05,6828.299999999999,Comprobante_Electronico_3101354271_00400055010000065859.PDF,1687,Herramienta / equipo,Herramientas y equipo,Herramienta/equipo,Unidad,No incorporado,5,Alta,No,,
FERRETERIA EPA S.A.,400055010000065859,2026-03-27,Alcalina aa 4 und,1.0,2266.37,2266.37,Comprobante_Electronico_3101354271_00400055010000065859.PDF,1688,Alcalina Aa 4 Und,Otros insumos,Otro registrado,Unidad,Otros,4,Baja,No,,
FERRETERIA EPA S.A.,400055010000065859,2026-03-27,Sisa piso 2mm. 100,8.0,108.85,870.8,Comprobante_Electronico_3101354271_00400055010000065859.PDF,1689,Porcelanato / piso,Pisos y enchapes,Material permanente,Unidad,Pisos y enchapes,2,Alta,No,,
FERRETERIA EPA S.A.,400055010000065859,2026-03-27,"Metal 9"" dw",6.0,1946.9,11681.400000000001,Comprobante_Electronico_3101354271_00400055010000065859.PDF,1690,Metal / perfil (genérico),Estructura metálica,Material permanente,Unidad,Estructura|Cubierta,2,Media,No,,
FERRETERIA EPA S.A.,400055010000065859,2026-03-27,"Tub emt 1-1/4"" 1.2",1.0,4369.91,4369.91,Comprobante_Electronico_3101354271_00400055010000065859.PDF,1691,Accesorio eléctrico EMT,Electricidad,Material permanente,Unidad,Instalación eléctrica,2,Alta,No,,
FERRETERIA EPA S.A.,400055010000065859,2026-03-27,Bondex plus 25 kg,20.0,4346.02,86920.40000000001,Comprobante_Electronico_3101354271_00400055010000065859.PDF,1692,Bondex Plus 25 kg,Adhesivos cerámicos,Material permanente,Saco/bolsa 25 kg,Pisos y enchapes,2,Alta,No,25.0,173.8408
FERRETERIA EPA S.A.,400055010000065859,2026-03-27,Cemento holcim 50,40.0,5619.47,224778.80000000002,Comprobante_Electronico_3101354271_00400055010000065859.PDF,1693,Cemento gris 50 kg,Cemento y concretos,Material permanente,Saco 50 kg,Cimentación|Estructura|Mampostería|Contrapiso,1,Alta,Sí,50.0,112.3894
FERRETERIA EPA S.A.,400055010000065934,2026-03-30,Fino grafito 2kg,8.0,1426.55,11412.4,Comprobante_Electronico_3101354271_00400055010000065934.PDF,1694,Fragüa / grout fino,Pisos y enchapes,Material permanente,Saco/bolsa 2 kg,Pisos y enchapes,2,Alta,No,2.0,713.275
FERRETERIA EPA S.A.,400055010000065934,2026-03-30,Hi c uva 250ml,1.0,438.05,438.05,Comprobante_Electronico_3101354271_00400055010000065934.PDF,1695,Compra no constructiva,No constructivo,No incorporado,Unidad,No aplica,5,Alta,No,,
FERRETERIA EPA S.A.,400055010000065934,2026-03-30,Hi c te limon 330m,1.0,530.97,530.97,Comprobante_Electronico_3101354271_00400055010000065934.PDF,1696,Hi C Te Limon 330M,Otros insumos,Otro registrado,Unidad,Otros,4,Baja,No,,
FERRETERIA EPA S.A.,400055010000066035,2026-03-31,Bondex plus 25 kg,20.0,4346.02,86920.40000000001,Comprobante_Electronico_3101354271_00400055010000066035.PDF,1697,Bondex Plus 25 kg,Adhesivos cerámicos,Material permanente,Saco/bolsa 25 kg,Pisos y enchapes,2,Alta,No,25.0,173.8408
FERRETERIA EPA S.A.,400055010000066066,2026-03-31,Goltex trnsp mate,1.0,15000.0,15000.0,Comprobante_Electronico_3101354271_00400055010000066066.PDF,1698,Pintura Goltex,Pintura,Material permanente,Unidad,Pintura,3,Alta,No,,
FERRETERIA EPA S.A.,400055010000066066,2026-03-31,Goltex blanc mate,3.0,15000.0,45000.0,Comprobante_Electronico_3101354271_00400055010000066066.PDF,1699,Pintura Goltex,Pintura,Material permanente,Unidad,Pintura,3,Alta,No,,
FERRETERIA EPA S.A.,400055010000066066,2026-03-31,Envase 1 4g,1.0,1309.73,1309.73,Comprobante_Electronico_3101354271_00400055010000066066.PDF,1700,Envase 1 4G,Otros insumos,Otro registrado,Unidad,Otros,4,Baja,No,,
FERRETERIA EPA S.A.,400055010000066066,2026-03-31,Felpa antigot 9x3/,2.0,1490.27,2980.54,Comprobante_Electronico_3101354271_00400055010000066066.PDF,1701,Brocha / felpa pintura,Pintura,Herramienta/equipo,Unidad,Pintura,3,Alta,No,,
FERRETERIA EPA S.A.,400055010000066066,2026-03-31,Laro max satin 1/4,1.0,6150.44,6150.44,Comprobante_Electronico_3101354271_00400055010000066066.PDF,1702,Recubrimiento / pintura (genérico),Pintura,Material permanente,Unidad,Pintura,3,Media,No,,
FERRETERIA EPA S.A.,400055010000066066,2026-03-31,"Brocha 1-1/2"" basi",1.0,888.5,888.5,Comprobante_Electronico_3101354271_00400055010000066066.PDF,1703,Brocha / felpa pintura,Pintura,Herramienta/equipo,Unidad,Pintura,3,Alta,No,,
FERRETERIA EPA S.A.,400055010000066066,2026-03-31,Masking 18mmx55m,2.0,906.19,1812.38,Comprobante_Electronico_3101354271_00400055010000066066.PDF,1704,Cinta masking,Pintura,Consumible de obra,Unidad,Pintura,3,Alta,No,,
FERRETERIA EPA S.A.,400090010000018139,2026-04-01,BLOCK PC CLASE A 15X20X40 CM,300.0,456.41,136923.0,Comprobante_Electronico_3101354271_00400090010000018139.PDF,1705,Block concreto 15x20x40,Mampostería,Material permanente,Unidad 15x20x40 cm,Mampostería,1,Alta,Sí,,
FERRETERIA EPA S.A.,400055010000066092,2026-04-01,Groutex fino bco2k,3.0,1426.55,4279.65,Comprobante_Electronico_3101354271_00400055010000066092.PDF,1706,Fragüa / grout fino,Pisos y enchapes,Material permanente,Unidad,Pisos y enchapes,2,Alta,No,,
FERRETERIA EPA S.A.,400055010000066092,2026-04-01,Rej caud al ci 106,2.0,5335.4,10670.8,Comprobante_Electronico_3101354271_00400055010000066092.PDF,1707,Rejilla pluvial alto caudal,Plomería pluvial,Material permanente,Unidad,Cubierta|Pluvial,4,Alta,No,,
FERRETERIA EPA S.A.,800052010000008813,2026-04-02,Pegamix multiuso 5,1.0,1619.47,1619.47,Comprobante_Electronico_3101354271_00800052010000008813.PDF,1708,Adhesivo / sellador (genérico),Adhesivos y selladores,Consumible de obra,Unidad,Acabados,4,Media,No,,
FERRETERIA EPA S.A.,800052010000008813,2026-04-02,Masilla mad cao 1/,1.0,1490.27,1490.27,Comprobante_Electronico_3101354271_00800052010000008813.PDF,1709,Adhesivo / sellador (genérico),Adhesivos y selladores,Consumible de obra,Unidad,Acabados,4,Media,No,,
FERRETERIA EPA S.A.,800052010000008806,2026-04-02,Repell fino bco 40,1.0,4935.4,4935.4,Comprobante_Electronico_3101354271_00800052010000008806.PDF,1710,Repello fino 40 kg,Morteros,Material permanente,Unidad,Repello,2,Alta,No,,
FERRETERIA EPA S.A.,800052010000008806,2026-04-02,Disco velcro #150,2.0,661.95,1323.9,Comprobante_Electronico_3101354271_00800052010000008806.PDF,1711,Herramienta / equipo,Herramientas y equipo,Herramienta/equipo,Unidad,No incorporado,5,Alta,No,,
FERRETERIA EPA S.A.,800052010000008806,2026-04-02,Tornillo torlack p,2.0,162.83,325.66,Comprobante_Electronico_3101354271_00800052010000008806.PDF,1712,Tornillo / fijación,Ferretería,Consumible de obra,Unidad,Múltiples etapas,4,Alta,No,,
FERRETERIA EPA S.A.,800052010000008806,2026-04-02,Clavo rodapie 1 1/,1.0,661.06,661.06,Comprobante_Electronico_3101354271_00800052010000008806.PDF,1713,Rodapié,Pisos y enchapes,Material permanente,Unidad,Pisos y enchapes,2,Alta,No,,
FERRETERIA EPA S.A.,800052010000008806,2026-04-02,"Torlack pf 8x1/2""",2.0,179.65,359.3,Comprobante_Electronico_3101354271_00800052010000008806.PDF,1714,"Torlack Pf 8X1/2""",Otros insumos,Otro registrado,Unidad,Otros,4,Baja,No,,
FERRETERIA EPA S.A.,800052010000008806,2026-04-02,Laro ma wen osc 1/,1.0,6030.97,6030.97,Comprobante_Electronico_3101354271_00800052010000008806.PDF,1715,Laro Ma Wen Osc 1/,Otros insumos,Otro registrado,Unidad,Otros,4,Baja,No,,
FERRETERIA EPA S.A.,400090010000018234,2026-04-05,BLOCK PC CLASE A 15X20X40 CM,200.0,456.41,91282.0,Comprobante_Electronico_3101354271_00400090010000018234.PDF,1716,Block concreto 15x20x40,Mampostería,Material permanente,Unidad 15x20x40 cm,Mampostería,1,Alta,Sí,,
FERRETERIA EPA S.A.,400090010000018235,2026-04-05,BLOCK PC CLASE A 15X20X40 CM,300.0,456.41,136923.0,Comprobante_Electronico_3101354271_00400090010000018235.PDF,1717,Block concreto 15x20x40,Mampostería,Material permanente,Unidad 15x20x40 cm,Mampostería,1,Alta,Sí,,
FERRETERIA EPA S.A.,400055010000066331,2026-04-06,Arena corriente ta,3.0,14270.8,42812.399999999994,Comprobante_Electronico_3101354271_00400055010000066331.PDF,1718,Arena,Agregados,Material permanente,m³,Cimentación|Estructura|Mampostería|Contrapiso,1,Alta,Sí,,
FERRETERIA EPA S.A.,400055010000066330,2026-04-06,Deformada #3 g40 6,100.0,1270.8,127080.0,Comprobante_Electronico_3101354271_00400055010000066330.PDF,1719,Varilla #3,Acero refuerzo,Material permanente,Pieza #3 x 6 m,Cimentación|Estructura|Contrapiso,1,Alta,Sí,,
FERRETERIA EPA S.A.,400055010000066434,2026-04-07,Cemento holcim 50,15.0,5619.47,84292.05,Comprobante_Electronico_3101354271_00400055010000066434.PDF,1720,Cemento gris 50 kg,Cemento y concretos,Material permanente,Saco 50 kg,Cimentación|Estructura|Mampostería|Contrapiso,1,Alta,Sí,50.0,112.3894
FERRETERIA EPA S.A.,400055010000066480,2026-04-08,Empaque de cera co,1.0,1201.77,1201.77,Comprobante_Electronico_3101354271_00400055010000066480.PDF,1721,Empaque De Cera Co,Otros insumos,Otro registrado,Unidad,Otros,4,Baja,No,,
FERRETERIA EPA S.A.,400090010000018431,2026-04-08,TUBO CONDUIT PVC TIPO A 12X3 M UL,10.0,839.92,8399.199999999999,Comprobante_Electronico_3101354271_00400090010000018431.PDF,1722,Conduit / accesorio,Electricidad,Material permanente,Pieza 3 m,Instalación eléctrica,2,Alta,No,,
FERRETERIA EPA S.A.,400090010000018431,2026-04-08,CURVA CONDUIT PVC 90 TIPO A 12 UL,10.0,393.01,3930.1,Comprobante_Electronico_3101354271_00400090010000018431.PDF,1723,Conduit 2 in,Electricidad,Material permanente,Unidad,Instalación eléctrica,2,Alta,No,,
FERRETERIA EPA S.A.,400090010000018431,2026-04-08,TUBO CONDUIT PVC TIPO A 1 12X3 M UL,1.0,4232.71,4232.71,Comprobante_Electronico_3101354271_00400090010000018431.PDF,1724,Conduit / accesorio,Electricidad,Material permanente,Pieza 3 m,Instalación eléctrica,2,Alta,No,,
FERRETERIA EPA S.A.,400090010000018431,2026-04-08,CURVA CONDUIT PVC 90 TIPO A 1 12 UL,2.0,1618.44,3236.88,Comprobante_Electronico_3101354271_00400090010000018431.PDF,1725,Conduit 2 in,Electricidad,Material permanente,Unidad,Instalación eléctrica,2,Alta,No,,
FERRETERIA EPA S.A.,400090010000018431,2026-04-08,TUBO EMT 12 UL C107 MM,1.0,1695.95,1695.95,Comprobante_Electronico_3101354271_00400090010000018431.PDF,1726,Accesorio eléctrico EMT,Electricidad,Material permanente,Unidad,Instalación eléctrica,2,Alta,No,,
FERRETERIA EPA S.A.,400090010000018431,2026-04-08,TUBO CONDUIT PVC TIPO A 34X3 M UL,3.0,1305.91,3917.7300000000005,Comprobante_Electronico_3101354271_00400090010000018431.PDF,1727,Conduit / accesorio,Electricidad,Material permanente,Pieza 3 m,Instalación eléctrica,2,Alta,No,,
FERRETERIA EPA S.A.,400090010000018431,2026-04-08,CONECTOR EMT PRESION 34 UL,1.0,254.87,254.87,Comprobante_Electronico_3101354271_00400090010000018431.PDF,1728,Accesorio eléctrico EMT,Electricidad,Material permanente,Unidad,Instalación eléctrica,2,Alta,No,,
FERRETERIA EPA S.A.,400090010000018431,2026-04-08,SEMIDURO 23X72X3360 MM 1X3,40.0,1278.68,51147.200000000004,Comprobante_Electronico_3101354271_00400090010000018431.PDF,1729,Semiduro madera,Madera,Consumible de obra,Unidad,Formaleta|Carpintería,4,Alta,No,,
FERRETERIA EPA S.A.,400090010000018431,2026-04-08,SOPLETE ENCENDEDOR ELECTRICO,1.0,5792.23,5792.23,Comprobante_Electronico_3101354271_00400090010000018431.PDF,1730,Accesorio eléctrico (genérico),Electricidad,Material permanente,Unidad,Instalación eléctrica,2,Media,No,,
FERRETERIA EPA S.A.,400090010000018431,2026-04-08,CILINDRO GAS BUTANO RED POWER 220 G,1.0,1137.6,1137.6,Comprobante_Electronico_3101354271_00400090010000018431.PDF,1731,Gas butano,Consumibles,Consumible de obra,Unidad,Múltiples etapas,4,Alta,No,,
FERRETERIA EPA S.A.,400090010000018431,2026-04-08,TUBO PVC SDR50 3 X 6 METROS BLANCO,3.0,6499.47,19498.41,Comprobante_Electronico_3101354271_00400090010000018431.PDF,1732,Tubería PVC / CPVC,Plomería,Material permanente,Unidad,Instalaciones hidrosanitarias,2,Alta,No,,
FERRETERIA EPA S.A.,400090010000018431,2026-04-08,TUBO PVC SDR50 1 12 X 6 M,2.0,4158.64,8317.28,Comprobante_Electronico_3101354271_00400090010000018431.PDF,1733,PVC sanitario 2 in x 6 m,Plomería sanitaria,Material permanente,Pieza 6 m,Instalación sanitaria,2,Alta,No,,
FERRETERIA EPA S.A.,400090010000018431,2026-04-08,PEGAMENTO PVCCPVC 14 GAL WETDRY LANCO,1.0,8745.28,8745.28,Comprobante_Electronico_3101354271_00400090010000018431.PDF,1734,Pegamento PVC,Plomería,Consumible de obra,Envase 14 gal,Instalaciones hidrosanitarias,2,Alta,No,,
FERRETERIA EPA S.A.,400090010000018431,2026-04-08,CODO PVC SANIT PD SDR325 90 X 1 12,6.0,421.14,2526.84,Comprobante_Electronico_3101354271_00400090010000018431.PDF,1735,Accesorio PVC sanitario,Plomería sanitaria,Material permanente,Unidad,Instalación sanitaria,2,Alta,No,,
FERRETERIA EPA S.A.,400090010000018431,2026-04-08,CODO PVC SANITARIO PD SDR325 90 X 3,2.0,1278.92,2557.84,Comprobante_Electronico_3101354271_00400090010000018431.PDF,1736,Accesorio PVC sanitario,Plomería sanitaria,Material permanente,Unidad,Instalación sanitaria,2,Alta,No,,
FERRETERIA EPA S.A.,400055010000066548,2026-04-09,Flanger flexible 3,1.0,3900.88,3900.88,Comprobante_Electronico_3101354271_00400055010000066548.PDF,1737,Brida / flange sanitario,Plomería sanitaria,Material permanente,Unidad,Instalación sanitaria,2,Alta,No,,
FERRETERIA EPA S.A.,400055010000066548,2026-04-09,Bondex plus 25 kg,15.0,4346.02,65190.3,Comprobante_Electronico_3101354271_00400055010000066548.PDF,1738,Bondex Plus 25 kg,Adhesivos cerámicos,Material permanente,Saco/bolsa 25 kg,Pisos y enchapes,2,Alta,No,25.0,173.8408
FERRETERIA EPA S.A.,400055010000066610,2026-04-10,Gancho vertical pa,1.0,3623.01,3623.01,Comprobante_Electronico_3101354271_00400055010000066610.PDF,1739,Riel / soporte mobiliario,Carpintería y mobiliario,Material permanente,Unidad,Mobiliario,3,Alta,No,,
FERRETERIA EPA S.A.,400055010000066610,2026-04-10,Duretan 2 blnco 30,1.0,5910.62,5910.62,Comprobante_Electronico_3101354271_00400055010000066610.PDF,1740,Duretan / sellador juntas,Selladores,Consumible de obra,Unidad,Acabados,4,Alta,No,,
FERRETERIA EPA S.A.,400055010000066610,2026-04-10,Block 15x20x40 pc-,40.0,456.64,18265.6,Comprobante_Electronico_3101354271_00400055010000066610.PDF,1741,Block concreto 15x20x40,Mampostería,Material permanente,Unidad 15x20x40 cm,Mampostería,1,Alta,Sí,,
FERRETERIA EPA S.A.,400090010000018564,2026-04-10,SEMIDURO 23X297X3360MM 1X12 FJ,25.0,5411.19,135279.75,Comprobante_Electronico_3101354271_00400090010000018564.PDF,1742,Semiduro madera,Madera,Consumible de obra,Unidad,Formaleta|Carpintería,4,Alta,No,,
FERRETERIA EPA S.A.,500042010000034299,2026-04-13,Lija agua 120 3m,1.0,350.44,350.44,Comprobante_Electronico_3101354271_00500042010000034299.PDF,1743,Lija,Pintura y acabados,Consumible de obra,Unidad,Acabados,4,Alta,No,,
FERRETERIA EPA S.A.,500042010000034299,2026-04-13,Lija agua 180 3m,1.0,322.12,322.12,Comprobante_Electronico_3101354271_00500042010000034299.PDF,1744,Lija,Pintura y acabados,Consumible de obra,Unidad,Acabados,4,Alta,No,,
FERRETERIA EPA S.A.,500042010000034299,2026-04-13,Lija agua 220 3m,1.0,304.42,304.42,Comprobante_Electronico_3101354271_00500042010000034299.PDF,1745,Lija,Pintura y acabados,Consumible de obra,Unidad,Acabados,4,Alta,No,,
FERRETERIA EPA S.A.,400090010000018762,2026-04-14,ARENA CORRIENTE DE TAJO M3,3.0,14270.52,42811.56,Comprobante_Electronico_3101354271_00400090010000018762.PDF,1746,Arena,Agregados,Material permanente,m³,Cimentación|Estructura|Mampostería|Contrapiso,1,Alta,Sí,,
FERRETERIA EPA S.A.,400090010000018764,2026-04-14,PIEDRA CUARTILLA DE RIO M3,3.0,13883.67,41651.01,Comprobante_Electronico_3101354271_00400090010000018764.PDF,1747,Piedra / agregado,Agregados,Material permanente,m³,Cimentación|Estructura|Contrapiso,1,Alta,Sí,,
FERRETERIA EPA S.A.,400090010000018818,2026-04-15,CEMENTO HOLCIM 50 KG,15.0,5619.22,84288.3,Comprobante_Electronico_3101354271_00400090010000018818.PDF,1748,Cemento gris 50 kg,Cemento y concretos,Material permanente,Saco 50 kg,Cimentación|Estructura|Mampostería|Contrapiso,1,Alta,Sí,50.0,112.3844
FERRETERIA EPA S.A.,400090010000018818,2026-04-15,VARILLA NACIONAL DEFORMADA 3 G40 6 M,100.0,1303.86,130385.99999999999,Comprobante_Electronico_3101354271_00400090010000018818.PDF,1749,Varilla #3,Acero refuerzo,Material permanente,Pieza #3 x 6 m,Cimentación|Estructura|Contrapiso,1,Alta,Sí,,
FERRETERIA EPA S.A.,400055010000067166,2026-04-17,Union pvc sch40 3/,4.0,123.89,495.56,Comprobante_Electronico_3101354271_00400055010000067166.PDF,1750,Accesorio PVC/CPVC,Plomería,Material permanente,Unidad,Instalaciones hidrosanitarias,2,Alta,No,,
FERRETERIA EPA S.A.,400055010000067166,2026-04-17,Union pvc sch40 1/,4.0,68.14,272.56,Comprobante_Electronico_3101354271_00400055010000067166.PDF,1751,Accesorio PVC/CPVC,Plomería,Material permanente,Unidad,Instalaciones hidrosanitarias,2,Alta,No,,
FERRETERIA EPA S.A.,400055010000067166,2026-04-17,"Tapon h sch40 1/2""",10.0,63.72,637.2,Comprobante_Electronico_3101354271_00400055010000067166.PDF,1752,Accesorio hidrosanitario (genérico),Plomería,Material permanente,Unidad,Instalaciones hidrosanitarias,2,Media,No,,
FERRETERIA EPA S.A.,400055010000067166,2026-04-17,"Cod sch40 90x1/2""",12.0,87.61,1051.32,Comprobante_Electronico_3101354271_00400055010000067166.PDF,1753,Accesorio hidrosanitario (genérico),Plomería,Material permanente,Unidad,Instalaciones hidrosanitarias,2,Media,No,,
FERRETERIA EPA S.A.,400055010000067166,2026-04-17,"Te pvc sch40 1/2""",8.0,98.23,785.84,Comprobante_Electronico_3101354271_00400055010000067166.PDF,1754,PVC presión SCH40 1/2 in x 6 m,Plomería potable,Material permanente,Unidad,Agua potable,2,Alta,No,,
FERRETERIA EPA S.A.,400055010000067166,2026-04-17,"Cod sch40 90x3/4""",5.0,192.04,960.1999999999999,Comprobante_Electronico_3101354271_00400055010000067166.PDF,1755,Accesorio hidrosanitario (genérico),Plomería,Material permanente,Unidad,Instalaciones hidrosanitarias,2,Media,No,,
FERRETERIA EPA S.A.,400055010000067166,2026-04-17,Cur cond tipo a 1/,24.0,409.73,9833.52,Comprobante_Electronico_3101354271_00400055010000067166.PDF,1756,Conduit / accesorio,Electricidad,Material permanente,Unidad,Instalación eléctrica,2,Alta,No,,
FERRETERIA EPA S.A.,400055010000067166,2026-04-17,Cur cond tipo a 3/,8.0,503.54,4028.32,Comprobante_Electronico_3101354271_00400055010000067166.PDF,1757,Conduit / accesorio,Electricidad,Material permanente,Unidad,Instalación eléctrica,2,Alta,No,,
FERRETERIA EPA S.A.,400055010000067166,2026-04-17,"Te cpvc 1/2""",8.0,307.96,2463.68,Comprobante_Electronico_3101354271_00400055010000067166.PDF,1758,CPVC 1/2 in x 6 m,Plomería agua caliente,Material permanente,Unidad,Agua caliente,2,Alta,No,,
FERRETERIA EPA S.A.,400055010000067166,2026-04-17,"Union cpvc 1/2""",8.0,202.65,1621.2,Comprobante_Electronico_3101354271_00400055010000067166.PDF,1759,CPVC 1/2 in x 6 m,Plomería agua caliente,Material permanente,Unidad,Agua caliente,2,Alta,No,,
FERRETERIA EPA S.A.,400055010000067166,2026-04-17,"Codo cpvc 90x1/2""",12.0,232.74,2792.88,Comprobante_Electronico_3101354271_00400055010000067166.PDF,1760,CPVC 1/2 in x 6 m,Plomería agua caliente,Material permanente,Unidad,Agua caliente,2,Alta,No,,
FERRETERIA EPA S.A.,400055010000067166,2026-04-17,Tub cond tipo a 3/,6.0,1376.11,8256.66,Comprobante_Electronico_3101354271_00400055010000067166.PDF,1761,Conduit eléctrico,Electricidad,Material permanente,Unidad,Instalación eléctrica,2,Alta,No,,
FERRETERIA EPA S.A.,400055010000067166,2026-04-17,Tub cond tipo a 1/,18.0,887.61,15976.98,Comprobante_Electronico_3101354271_00400055010000067166.PDF,1762,Conduit eléctrico,Electricidad,Material permanente,Unidad,Instalación eléctrica,2,Alta,No,,
FERRETERIA EPA S.A.,400055010000067166,2026-04-17,"Tubo sch40 3/4"" 6m",1.0,5253.1,5253.1,Comprobante_Electronico_3101354271_00400055010000067166.PDF,1763,Tubería PVC / CPVC,Plomería,Material permanente,Pieza 6 m,Instalaciones hidrosanitarias,2,Alta,No,,
FERRETERIA EPA S.A.,400055010000067166,2026-04-17,"Tubo cpvc 1/2"" 6m",5.0,4692.04,23460.2,Comprobante_Electronico_3101354271_00400055010000067166.PDF,1764,CPVC 1/2 in x 6 m,Plomería agua caliente,Material permanente,Pieza 6 m,Agua caliente,2,Alta,No,,
FERRETERIA EPA S.A.,400055010000067166,2026-04-17,Semid 23x72x3344 m,10.0,1278.76,12787.6,Comprobante_Electronico_3101354271_00400055010000067166.PDF,1765,Semiduro madera,Madera,Consumible de obra,Pieza 3344 m,Formaleta|Carpintería,4,Alta,No,,
FERRETERIA EPA S.A.,400055010000067166,2026-04-17,Semid 23x297x3360m,18.0,5411.5,97407.0,Comprobante_Electronico_3101354271_00400055010000067166.PDF,1766,Semiduro madera,Madera,Consumible de obra,Pieza 3360 m,Formaleta|Carpintería,4,Alta,No,,
FERRETERIA EPA S.A.,400055010000067166,2026-04-17,Cemento holcim 50,50.0,5619.47,280973.5,Comprobante_Electronico_3101354271_00400055010000067166.PDF,1767,Cemento gris 50 kg,Cemento y concretos,Material permanente,Saco 50 kg,Cimentación|Estructura|Mampostería|Contrapiso,1,Alta,Sí,50.0,112.3894
FERRETERIA EPA S.A.,400055010000067171,2026-04-17,Cuartilla rio pri,3.0,13884.07,41652.21,Comprobante_Electronico_3101354271_00400055010000067171.PDF,1768,Piedra / agregado,Agregados,Material permanente,m³,Cimentación|Estructura|Contrapiso,1,Alta,Sí,,
FERRETERIA EPA S.A.,400055010000067172,2026-04-17,Cuartilla rio pri,3.0,13884.07,41652.21,Comprobante_Electronico_3101354271_00400055010000067172.PDF,1769,Piedra / agregado,Agregados,Material permanente,m³,Cimentación|Estructura|Contrapiso,1,Alta,Sí,,
FERRETERIA EPA S.A.,400055010000067170,2026-04-17,Arena corriente ta,3.0,14270.8,42812.399999999994,Comprobante_Electronico_3101354271_00400055010000067170.PDF,1770,Arena,Agregados,Material permanente,m³,Cimentación|Estructura|Mampostería|Contrapiso,1,Alta,Sí,,
FERRETERIA EPA S.A.,400055010000067168,2026-04-17,Arena corriente ta,3.0,14270.8,42812.399999999994,Comprobante_Electronico_3101354271_00400055010000067168.PDF,1771,Arena,Agregados,Material permanente,m³,Cimentación|Estructura|Mampostería|Contrapiso,1,Alta,Sí,,
FERRETERIA EPA S.A.,300090010000015997,2026-04-20,MALLA ELECTROSOL C53 MM 22X6 M,5.0,17004.75,85023.75,Comprobante_Electronico_3101354271_00300090010000015997.PDF,1772,Malla electrosoldada,Acero refuerzo,Material permanente,Unidad,Contrapiso|Estructura,1,Alta,No,,
FERRETERIA EPA S.A.,400055010000067518,2026-04-22,Plata int doble w,2.0,1425.66,2851.32,Comprobante_Electronico_3101354271_00400055010000067518.PDF,1773,Accesorio eléctrico,Electricidad,Material permanente,Unidad,Instalación eléctrica,2,Alta,No,,
FERRETERIA EPA S.A.,400055010000067518,2026-04-22,Plata int senc w,5.0,887.61,4438.05,Comprobante_Electronico_3101354271_00400055010000067518.PDF,1774,Accesorio eléctrico,Electricidad,Material permanente,Unidad,Instalación eléctrica,2,Alta,No,,
FERRETERIA EPA S.A.,400055010000067518,2026-04-22,Plata int triple w,1.0,2184.07,2184.07,Comprobante_Electronico_3101354271_00400055010000067518.PDF,1775,Accesorio eléctrico,Electricidad,Material permanente,Unidad,Instalación eléctrica,2,Alta,No,,
FERRETERIA EPA S.A.,400055010000067518,2026-04-22,Plata toma tr w,25.0,1296.46,32411.5,Comprobante_Electronico_3101354271_00400055010000067518.PDF,1776,Interruptor / toma / caja eléctrica,Electricidad,Material permanente,Unidad,Instalación eléctrica,2,Alta,No,,
FERRETERIA EPA S.A.,400055010000067518,2026-04-22,Pino rust 23x300mm,6.0,6950.44,41702.64,Comprobante_Electronico_3101354271_00400055010000067518.PDF,1777,Madera pino,Madera,Material/consumible,Unidad,Formaleta|Carpintería,4,Alta,No,,
FERRETERIA EPA S.A.,400055010000067518,2026-04-22,Sierra gypsum 6,1.0,1820.35,1820.35,Comprobante_Electronico_3101354271_00400055010000067518.PDF,1778,Herramienta / equipo,Herramientas y equipo,Herramienta/equipo,Unidad,No incorporado,5,Alta,No,,
FERRETERIA EPA S.A.,400055010000067605,2026-04-23,Deformada #3 g40 6,20.0,1328.32,26566.399999999998,Comprobante_Electronico_3101354271_00400055010000067605.PDF,1779,Varilla #3,Acero refuerzo,Material permanente,Pieza #3 x 6 m,Cimentación|Estructura|Contrapiso,1,Alta,Sí,,
FERRETERIA EPA S.A.,800052010000009767,2026-04-23,"Brocha 1-1/2"" basi",1.0,888.5,888.5,Comprobante_Electronico_3101354271_00800052010000009767.PDF,1780,Brocha / felpa pintura,Pintura,Herramienta/equipo,Unidad,Pintura,3,Alta,No,,
FERRETERIA EPA S.A.,800052010000009767,2026-04-23,Natural estandar 2,1.0,858.41,858.41,Comprobante_Electronico_3101354271_00800052010000009767.PDF,1781,Pintura / laca / tinte,Pintura,Material permanente,Unidad,Pintura,3,Alta,No,,
FERRETERIA EPA S.A.,200090010000010102,2026-04-23,BLOCK PC CLASE A 12X20X40 CM,360.0,347.8,125208.0,Comprobante_Electronico_3101354271_00200090010000010102.PDF,1782,Block concreto 12x20x40,Mampostería,Material permanente,Unidad 12x20x40 cm,Mampostería,1,Alta,Sí,,
FERRETERIA EPA S.A.,400055010000067819,2026-04-27,Raq mata mosq led,1.0,1765.49,1765.49,Comprobante_Electronico_3101354271_00400055010000067819.PDF,1783,Iluminación LED,Electricidad,Material permanente,Unidad,Iluminación,2,Alta,No,,
FERRETERIA EPA S.A.,400055010000067819,2026-04-27,Deformada #3 g40 6,6.0,1328.32,7969.92,Comprobante_Electronico_3101354271_00400055010000067819.PDF,1784,Varilla #3,Acero refuerzo,Material permanente,Pieza #3 x 6 m,Cimentación|Estructura|Contrapiso,1,Alta,Sí,,
FERRETERIA EPA S.A.,400055010000067819,2026-04-27,"Brocha 1-1/2"" basi",1.0,888.5,888.5,Comprobante_Electronico_3101354271_00400055010000067819.PDF,1785,Brocha / felpa pintura,Pintura,Herramienta/equipo,Unidad,Pintura,3,Alta,No,,
FERRETERIA EPA S.A.,400055010000067819,2026-04-27,Cargador portatil,1.0,6150.44,6150.44,Comprobante_Electronico_3101354271_00400055010000067819.PDF,1786,Cargador Portatil,Otros insumos,Otro registrado,Unidad,Otros,4,Baja,No,,
FERRETERIA EPA S.A.,400055010000067819,2026-04-27,Lija roja #220 9x1,1.0,281.42,281.42,Comprobante_Electronico_3101354271_00400055010000067819.PDF,1787,Lija,Pintura y acabados,Consumible de obra,Unidad,Acabados,4,Alta,No,,
FERRETERIA EPA S.A.,400055010000067819,2026-04-27,Lija #320 9x11,1.0,281.42,281.42,Comprobante_Electronico_3101354271_00400055010000067819.PDF,1788,Lija,Pintura y acabados,Consumible de obra,Unidad,Acabados,4,Alta,No,,
FERRETERIA EPA S.A.,400055010000067819,2026-04-27,Lija agua 280 3m,2.0,292.04,584.08,Comprobante_Electronico_3101354271_00400055010000067819.PDF,1789,Lija,Pintura y acabados,Consumible de obra,Unidad,Acabados,4,Alta,No,,
FERRETERIA EPA S.A.,400055010000067819,2026-04-27,Lija agua 320 3m,1.0,283.19,283.19,Comprobante_Electronico_3101354271_00400055010000067819.PDF,1790,Lija,Pintura y acabados,Consumible de obra,Unidad,Acabados,4,Alta,No,,
FERRETERIA EPA S.A.,400055010000067820,2026-04-27,Deformada #3 g40 6,25.0,1328.32,33208.0,Comprobante_Electronico_3101354271_00400055010000067820.PDF,1791,Varilla #3,Acero refuerzo,Material permanente,Pieza #3 x 6 m,Cimentación|Estructura|Contrapiso,1,Alta,Sí,,
FERRETERIA EPA S.A.,400055010000067820,2026-04-27,Block 12x20x40 pc-,100.0,347.79,34779.0,Comprobante_Electronico_3101354271_00400055010000067820.PDF,1792,Block concreto 12x20x40,Mampostería,Material permanente,Unidad 12x20x40 cm,Mampostería,1,Alta,Sí,,
FERRETERIA EPA S.A.,400055010000067930,2026-04-28,Arena corriente ta,3.0,14270.8,42812.399999999994,Comprobante_Electronico_3101354271_00400055010000067930.PDF,1793,Arena,Agregados,Material permanente,m³,Cimentación|Estructura|Mampostería|Contrapiso,1,Alta,Sí,,
FERRETERIA EPA S.A.,400055010000067929,2026-04-28,Cemento holcim 50,20.0,5862.83,117256.6,Comprobante_Electronico_3101354271_00400055010000067929.PDF,1794,Cemento gris 50 kg,Cemento y concretos,Material permanente,Saco 50 kg,Cimentación|Estructura|Mampostería|Contrapiso,1,Alta,Sí,50.0,117.2566
FERRETERIA EPA S.A.,400055010000067929,2026-04-28,Block 12x20x40 pc-,100.0,347.79,34779.0,Comprobante_Electronico_3101354271_00400055010000067929.PDF,1795,Block concreto 12x20x40,Mampostería,Material permanente,Unidad 12x20x40 cm,Mampostería,1,Alta,Sí,,
FERRETERIA EPA S.A.,400055010000067931,2026-04-28,Arena corriente ta,3.0,14270.8,42812.399999999994,Comprobante_Electronico_3101354271_00400055010000067931.PDF,1796,Arena,Agregados,Material permanente,m³,Cimentación|Estructura|Mampostería|Contrapiso,1,Alta,Sí,,
FERRETERIA EPA S.A.,400090010000019737,2026-04-29,ONDULADA POLICARBONATO TRANSPA 81X366 CM Otro,2.0,6809.73,13619.46,Comprobante_Electronico_3101354271_00400090010000019737.PDF,1797,Lámina policarbonato,Cubierta y cerramientos,Material permanente,Unidad,Cubierta|Cerramientos,3,Alta,No,,
FERRETERIA EPA S.A.,400090010000019834,2026-04-30,BLOCK ZACATE PLUS 40X40X8 CM,6.0,1459.0,8754.0,Comprobante_Electronico_3101354271_00400090010000019834.PDF,1798,Block zacate 40x40x8,Exteriores,Material permanente,Unidad 40x40x8 cm,Exteriores,4,Alta,No,,
FERRETERIA EPA S.A.,800047010000015457,2026-04-30,"Brocha 1/2"" basic",1.0,581.42,581.42,Comprobante_Electronico_3101354271_00800047010000015457.PDF,1799,Brocha / felpa pintura,Pintura,Herramienta/equipo,Unidad,Pintura,3,Alta,No,,
FERRETERIA EPA S.A.,400090010000019992,2026-05-04,CEMENTO HOLCIM 50 KG,15.0,5863.0,87945.0,Comprobante_Electronico_3101354271_00400090010000019992.PDF,1800,Cemento gris 50 kg,Cemento y concretos,Material permanente,Saco 50 kg,Cimentación|Estructura|Mampostería|Contrapiso,1,Alta,Sí,50.0,117.26
FERRETERIA EPA S.A.,400090010000019991,2026-05-04,ARENA CORRIENTE DE TAJO M3,3.0,14270.52,42811.56,Comprobante_Electronico_3101354271_00400090010000019991.PDF,1801,Arena,Agregados,Material permanente,m³,Cimentación|Estructura|Mampostería|Contrapiso,1,Alta,Sí,,
FERRETERIA EPA S.A.,400090010000020013,2026-05-05,BLOCK PC CLASE A 12X20X40 CM,60.0,375.61,22536.600000000002,Comprobante_Electronico_3101354271_00400090010000020013.PDF,1802,Block concreto 12x20x40,Mampostería,Material permanente,Unidad 12x20x40 cm,Mampostería,1,Alta,Sí,,
FERRETERIA EPA S.A.,400055010000068360,2026-05-05,Botaguas al #28 23,4.0,1235.4,4941.6,Comprobante_Electronico_3101354271_00400055010000068360.PDF,1803,Lámina techo ondulada #28,Cubierta y techo,Material permanente,Unidad,Cubierta,2,Alta,No,,
FERRETERIA EPA S.A.,400055010000068360,2026-05-05,Duretan blanco 300,2.0,4902.65,9805.3,Comprobante_Electronico_3101354271_00400055010000068360.PDF,1804,Duretan / sellador juntas,Selladores,Consumible de obra,Unidad,Acabados,4,Alta,No,,
FERRETERIA EPA S.A.,400055010000068360,2026-05-05,Duretan negro 300m,1.0,4902.65,4902.65,Comprobante_Electronico_3101354271_00400055010000068360.PDF,1805,Duretan / sellador juntas,Selladores,Consumible de obra,Unidad,Acabados,4,Alta,No,,
FERRETERIA EPA S.A.,400090010000020007,2026-05-05,BLOCK PC CLASE A 12X20X40 CM,60.0,375.61,22536.600000000002,Comprobante_Electronico_3101354271_00400090010000020007.PDF,1806,Block concreto 12x20x40,Mampostería,Material permanente,Unidad 12x20x40 cm,Mampostería,1,Alta,Sí,,
FERRETERIA EPA S.A.,400090010000019999,2026-05-05,PIEDRA QUINTILLA DE RIO M3,3.0,14170.3,42510.899999999994,Comprobante_Electronico_3101354271_00400090010000019999.PDF,1807,Piedra / agregado,Agregados,Material permanente,m³,Cimentación|Estructura|Contrapiso,1,Alta,Sí,,
FERRETERIA EPA S.A.,800052010000010460,2026-05-06,"Gaza emt 1-1/4"" do",2.0,57.52,115.04,Comprobante_Electronico_3101354271_00800052010000010460.PDF,1808,Accesorio eléctrico EMT,Electricidad,Material permanente,Unidad,Instalación eléctrica,2,Alta,No,,
FERRETERIA EPA S.A.,800052010000010460,2026-05-06,Vari coope 2.4 5/8,1.0,9458.41,9458.41,Comprobante_Electronico_3101354271_00800052010000010460.PDF,1809,Vari Coope 2.4 5/8,Otros insumos,Otro registrado,Unidad,Otros,4,Baja,No,,
FERRETERIA EPA S.A.,800052010000010460,2026-05-06,"Tub emt 1-1/4"" 1.2",1.0,4369.91,4369.91,Comprobante_Electronico_3101354271_00800052010000010460.PDF,1810,Accesorio eléctrico EMT,Electricidad,Material permanente,Unidad,Instalación eléctrica,2,Alta,No,,
FERRETERIA EPA S.A.,800052010000010460,2026-05-06,"Tubo emt 1/2"" ul",1.0,1592.04,1592.04,Comprobante_Electronico_3101354271_00800052010000010460.PDF,1811,Accesorio eléctrico EMT,Electricidad,Material permanente,Unidad,Instalación eléctrica,2,Alta,No,,
FERRETERIA EPA S.A.,800052010000010460,2026-05-06,Conct emt torn 11/,4.0,388.5,1554.0,Comprobante_Electronico_3101354271_00800052010000010460.PDF,1812,Accesorio eléctrico EMT,Electricidad,Material permanente,Unidad,Instalación eléctrica,2,Alta,No,,
FERRETERIA EPA S.A.,800052010000010460,2026-05-06,Conect emt torn 1/,1.0,108.85,108.85,Comprobante_Electronico_3101354271_00800052010000010460.PDF,1813,Accesorio eléctrico EMT,Electricidad,Material permanente,Unidad,Instalación eléctrica,2,Alta,No,,
FERRETERIA EPA S.A.,800052010000010460,2026-05-06,Union emt torn 11/,2.0,326.55,653.1,Comprobante_Electronico_3101354271_00800052010000010460.PDF,1814,Accesorio eléctrico EMT,Electricidad,Material permanente,Unidad,Instalación eléctrica,2,Alta,No,,
FERRETERIA EPA S.A.,800052010000010460,2026-05-06,"Cur emt11/4"" 90º u",1.0,1502.65,1502.65,Comprobante_Electronico_3101354271_00800052010000010460.PDF,1815,Accesorio eléctrico (genérico),Electricidad,Material permanente,Unidad,Instalación eléctrica,2,Media,No,,
FERRETERIA EPA S.A.,800052010000010460,2026-05-06,Conect 14-8awg 6ud,1.0,1045.13,1045.13,Comprobante_Electronico_3101354271_00800052010000010460.PDF,1816,Accesorio eléctrico (genérico),Electricidad,Material permanente,Unidad,Instalación eléctrica,2,Media,No,,
FERRETERIA EPA S.A.,800052010000010460,2026-05-06,Conduleta lb 11/4,2.0,2922.12,5844.24,Comprobante_Electronico_3101354271_00800052010000010460.PDF,1817,Accesorio eléctrico,Electricidad,Material permanente,Unidad,Instalación eléctrica,2,Alta,No,,
FERRETERIA EPA S.A.,800052010000010460,2026-05-06,"Gaza emt 1/2"" dobl",1.0,19.47,19.47,Comprobante_Electronico_3101354271_00800052010000010460.PDF,1818,Accesorio eléctrico EMT,Electricidad,Material permanente,Unidad,Instalación eléctrica,2,Alta,No,,
FERRETERIA EPA S.A.,400055010000068489,2026-05-06,Block 12x20x40 pc-,60.0,375.22,22513.2,Comprobante_Electronico_3101354271_00400055010000068489.PDF,1819,Block concreto 12x20x40,Mampostería,Material permanente,Unidad 12x20x40 cm,Mampostería,1,Alta,Sí,,
FERRETERIA EPA S.A.,400090010000020100,2026-05-06,BLOCK PC CLASE A 12X20X40 CM,220.0,375.61,82634.2,Comprobante_Electronico_3101354271_00400090010000020100.PDF,1820,Block concreto 12x20x40,Mampostería,Material permanente,Unidad 12x20x40 cm,Mampostería,1,Alta,Sí,,
FERRETERIA EPA S.A.,400055010000068494,2026-05-06,Bateria plana 2016,1.0,450.44,450.44,Comprobante_Electronico_3101354271_00400055010000068494.PDF,1821,Bateria Plana 2016,Otros insumos,Otro registrado,Unidad,Otros,4,Baja,No,,
FERRETERIA EPA S.A.,400055010000068494,2026-05-06,Bateria plana 1620,1.0,1142.48,1142.48,Comprobante_Electronico_3101354271_00400055010000068494.PDF,1822,Bateria Plana 1620,Otros insumos,Otro registrado,Unidad,Otros,4,Baja,No,,
FERRETERIA EPA S.A.,400055010000068494,2026-05-06,Block 12x20x40 pc-,60.0,375.22,22513.2,Comprobante_Electronico_3101354271_00400055010000068494.PDF,1823,Block concreto 12x20x40,Mampostería,Material permanente,Unidad 12x20x40 cm,Mampostería,1,Alta,Sí,,
FERRETERIA EPA S.A.,400055010000068566,2026-05-07,Tub cond tipo a 1/,10.0,898.23,8982.3,Comprobante_Electronico_3101354271_00400055010000068566.PDF,1824,Conduit eléctrico,Electricidad,Material permanente,Unidad,Instalación eléctrica,2,Alta,No,,
FERRETERIA EPA S.A.,400055010000068566,2026-05-07,Block 12x20x40 pc-,180.0,375.22,67539.6,Comprobante_Electronico_3101354271_00400055010000068566.PDF,1825,Block concreto 12x20x40,Mampostería,Material permanente,Unidad 12x20x40 cm,Mampostería,1,Alta,Sí,,
FERRETERIA EPA S.A.,400055010000068538,2026-05-07,Block 12x20x40 pc-,60.0,375.22,22513.2,Comprobante_Electronico_3101354271_00400055010000068538.PDF,1826,Block concreto 12x20x40,Mampostería,Material permanente,Unidad 12x20x40 cm,Mampostería,1,Alta,Sí,,
FERRETERIA EPA S.A.,400055010000068538,2026-05-07,Powerade frutas 60,2.0,1057.52,2115.04,Comprobante_Electronico_3101354271_00400055010000068538.PDF,1827,Compra no constructiva,No constructivo,No incorporado,Unidad,No aplica,5,Alta,No,,
FERRETERIA EPA S.A.,400055010000068538,2026-05-07,Hi c uva 250ml,1.0,438.05,438.05,Comprobante_Electronico_3101354271_00400055010000068538.PDF,1828,Compra no constructiva,No constructivo,No incorporado,Unidad,No aplica,5,Alta,No,,
FERRETERIA EPA S.A.,400055010000068823,2026-05-11,Arena corriente ta,3.0,14270.8,42812.399999999994,003101354271-FC-00400055010000068823.PDF,1829,Arena,Agregados,Material permanente,m³,Cimentación|Estructura|Mampostería|Contrapiso,1,Alta,Sí,,
FERRETERIA EPA S.A.,400055010000068822,2026-05-11,Barra de conexion,1.0,8050.44,8050.44,003101354271-FC-00400055010000068822.PDF,1830,Accesorio eléctrico,Electricidad,Material permanente,Unidad,Instalación eléctrica,2,Alta,No,,
FERRETERIA EPA S.A.,400055010000068822,2026-05-11,Cur cond tipo a 1/,20.0,456.64,9132.8,003101354271-FC-00400055010000068822.PDF,1831,Conduit / accesorio,Electricidad,Material permanente,Unidad,Instalación eléctrica,2,Alta,No,,
FERRETERIA EPA S.A.,400055010000068822,2026-05-11,Caja emt rectangu,20.0,290.27,5805.4,003101354271-FC-00400055010000068822.PDF,1832,Accesorio eléctrico EMT,Electricidad,Material permanente,Unidad,Instalación eléctrica,2,Alta,No,,
FERRETERIA EPA S.A.,400055010000068822,2026-05-11,Conec m ul s40 1/2,30.0,251.33,7539.900000000001,003101354271-FC-00400055010000068822.PDF,1833,Conector eléctrico,Electricidad,Material permanente,Unidad,Instalación eléctrica,2,Alta,No,,
FERRETERIA EPA S.A.,400055010000068822,2026-05-11,Deformada #3 g40 6,100.0,1340.71,134071.0,003101354271-FC-00400055010000068822.PDF,1834,Varilla #3,Acero refuerzo,Material permanente,Pieza #3 x 6 m,Cimentación|Estructura|Contrapiso,1,Alta,Sí,,
FERRETERIA EPA S.A.,400055010000068822,2026-05-11,Cemento holcim 50,12.0,5862.83,70353.95999999999,003101354271-FC-00400055010000068822.PDF,1835,Cemento gris 50 kg,Cemento y concretos,Material permanente,Saco 50 kg,Cimentación|Estructura|Mampostería|Contrapiso,1,Alta,Sí,50.0,117.2566
FERRETERIA EPA S.A.,400055010000068822,2026-05-11,Bolsa usopesado 25,2.0,3108.91,6217.82,003101354271-FC-00400055010000068822.PDF,1836,Bolsa Usopesado 25,Otros insumos,Otro registrado,Unidad,Otros,4,Baja,No,,
FERRETERIA EPA S.A.,400055010000068822,2026-05-11,Tub cond tipo a 1/,10.0,964.6,9646.0,003101354271-FC-00400055010000068822.PDF,1837,Conduit eléctrico,Electricidad,Material permanente,Unidad,Instalación eléctrica,2,Alta,No,,
FERRETERIA EPA S.A.,400055010000068822,2026-05-11,"Tubo sdr50 4"" 6m b",4.0,9212.39,36849.56,003101354271-FC-00400055010000068822.PDF,1838,PVC sanitario 4 in x 6 m,Plomería sanitaria,Material permanente,Pieza 6 m,Instalación sanitaria,2,Alta,No,,
FERRETERIA EPA S.A.,400055010000068822,2026-05-11,"Ye sanit 4"" pd",1.0,6130.09,6130.09,003101354271-FC-00400055010000068822.PDF,1839,Yee sanitaria,Plomería sanitaria,Material permanente,Unidad,Instalación sanitaria,2,Alta,No,,
FERRETERIA EPA S.A.,400055010000068822,2026-05-11,Codo san 45x4 pd,2.0,3046.02,6092.04,003101354271-FC-00400055010000068822.PDF,1840,Codo sanitario,Plomería sanitaria,Material permanente,Unidad,Instalación sanitaria,2,Alta,No,,
FERRETERIA EPA S.A.,400055010000068822,2026-05-11,"Te 4"" pd sdr32.5",2.0,4925.66,9851.32,003101354271-FC-00400055010000068822.PDF,1841,Tee sanitaria,Plomería sanitaria,Material permanente,Unidad,Instalación sanitaria,2,Alta,No,,
FERRETERIA EPA S.A.,400055010000068822,2026-05-11,"Reduccion 4x3"" pd",2.0,2838.05,5676.1,003101354271-FC-00400055010000068822.PDF,1842,Reducción sanitaria,Plomería sanitaria,Material permanente,Unidad,Instalación sanitaria,2,Alta,No,,
FERRETERIA EPA S.A.,400055010000068822,2026-05-11,Powerade frutas 60,1.0,1057.52,1057.52,003101354271-FC-00400055010000068822.PDF,1843,Compra no constructiva,No constructivo,No incorporado,Unidad,No aplica,5,Alta,No,,
FERRETERIA EPA S.A.,400055010000068969,2026-05-13,Empaque de cera co,3.0,1101.77,3305.31,003101354271-FC-00400055010000068969.PDF,1844,Empaque De Cera Co,Otros insumos,Otro registrado,Unidad,Otros,4,Baja,No,,
FERRETERIA EPA S.A.,400055010000068969,2026-05-13,Crayon negro c for,2.0,438.05,876.1,003101354271-FC-00400055010000068969.PDF,1845,Consumible / herramienta de obra,Ferretería,Consumible de obra,Unidad,Múltiples etapas,4,Media,No,,
FERRETERIA EPA S.A.,400055010000068969,2026-05-13,Crayon amarilo c f,2.0,393.81,787.62,003101354271-FC-00400055010000068969.PDF,1846,Consumible / herramienta de obra,Ferretería,Consumible de obra,Unidad,Múltiples etapas,4,Media,No,,
FERRETERIA EPA S.A.,400055010000068969,2026-05-13,Crayon rojo c forr,2.0,393.81,787.62,003101354271-FC-00400055010000068969.PDF,1847,Consumible / herramienta de obra,Ferretería,Consumible de obra,Unidad,Múltiples etapas,4,Media,No,,
FERRETERIA EPA S.A.,400055010000068969,2026-05-13,Cocina metal grand,2.0,734.51,1469.02,003101354271-FC-00400055010000068969.PDF,1848,Metal / perfil (genérico),Estructura metálica,Material permanente,Unidad,Estructura|Cubierta,2,Media,No,,
FERRETERIA EPA S.A.,400055010000068969,2026-05-13,Tapa emt cuadrad c,2.0,151.33,302.66,003101354271-FC-00400055010000068969.PDF,1849,Accesorio eléctrico EMT,Electricidad,Material permanente,Unidad,Instalación eléctrica,2,Alta,No,,
FERRETERIA EPA S.A.,400055010000068969,2026-05-13,Caja emt dob fondo,2.0,474.34,948.68,003101354271-FC-00400055010000068969.PDF,1850,Accesorio eléctrico EMT,Electricidad,Material permanente,Unidad,Instalación eléctrica,2,Alta,No,,
FERRETERIA EPA S.A.,400055010000068969,2026-05-13,Lubricant cable 0.,1.0,7662.83,7662.83,003101354271-FC-00400055010000068969.PDF,1851,Cable eléctrico,Electricidad,Material permanente,Unidad,Instalación eléctrica,2,Alta,No,,
FERRETERIA EPA S.A.,400055010000068969,2026-05-13,Caja thhn #12 bl,1.0,30576.11,30576.11,003101354271-FC-00400055010000068969.PDF,1852,Cable eléctrico,Electricidad,Material permanente,Unidad,Instalación eléctrica,2,Alta,No,,
FERRETERIA EPA S.A.,400055010000069062,2026-05-14,Set de cabeza de d,1.0,9287.61,9287.61,003101354271-FC-00400055010000069062.PDF,1853,Herramienta / accesorio herramienta,Herramientas y equipo,Herramienta/equipo,Unidad,No incorporado,5,Alta,No,,
FERRETERIA EPA S.A.,400055010000069062,2026-05-14,Cod san 90x1 1 2 p,6.0,646.9,3881.3999999999996,003101354271-FC-00400055010000069062.PDF,1854,Codo sanitario,Plomería sanitaria,Material permanente,Unidad,Instalación sanitaria,2,Alta,No,,
FERRETERIA EPA S.A.,400055010000069062,2026-05-14,Cocina 50a 3p-4w,4.0,3793.81,15175.24,003101354271-FC-00400055010000069062.PDF,1855,Enchufe / apagador,Electricidad,Material permanente,Unidad,Instalación eléctrica,2,Alta,No,,
FERRETERIA EPA S.A.,400055010000069062,2026-05-14,Pasta gypsum 5gal,1.0,14306.19,14306.19,003101354271-FC-00400055010000069062.PDF,1856,Pasta / masilla gypsum,Gypsum y liviano,Material permanente,Envase 5 gal,Cielos y divisiones,3,Alta,No,,
FERRETERIA EPA S.A.,400055010000069062,2026-05-14,Hi c uva 250ml,1.0,327.43,327.43,003101354271-FC-00400055010000069062.PDF,1857,Compra no constructiva,No constructivo,No incorporado,Unidad,No aplica,5,Alta,No,,
FERRETERIA EPA S.A.,400055010000069062,2026-05-14,Inodoro de 1 pza b,3.0,41524.78,124574.34,003101354271-FC-00400055010000069062.PDF,1858,Inodoro,Sanitarios,Material permanente,Unidad,Aparatos sanitarios,3,Alta,No,,
FERRETERIA EPA S.A.,400055010000069370,2026-05-18,Cuartilla rio pri,3.0,13884.07,41652.21,003101354271-FC-00400055010000069370.PDF,1859,Piedra / agregado,Agregados,Material permanente,m³,Cimentación|Estructura|Contrapiso,1,Alta,Sí,,
FERRETERIA EPA S.A.,400055010000069369,2026-05-18,Conector m 1/4x1/2,1.0,2767.26,2767.26,003101354271-FC-00400055010000069369.PDF,1860,Accesorio eléctrico (genérico),Electricidad,Material permanente,Unidad,Instalación eléctrica,2,Media,No,,
FERRETERIA EPA S.A.,400055010000069369,2026-05-18,Set emp p cache fr,1.0,998.23,998.23,003101354271-FC-00400055010000069369.PDF,1861,Set Emp P Cache Fr,Otros insumos,Otro registrado,Unidad,Otros,4,Baja,No,,
FERRETERIA EPA S.A.,400055010000069369,2026-05-18,Codo san 90x11 2 p,10.0,1168.14,11681.400000000001,003101354271-FC-00400055010000069369.PDF,1862,Codo sanitario,Plomería sanitaria,Material permanente,Unidad,Instalación sanitaria,2,Alta,No,,
FERRETERIA EPA S.A.,400055010000069369,2026-05-18,"Tub sdr50 1-1 2"" 6",3.0,5076.11,15228.329999999998,003101354271-FC-00400055010000069369.PDF,1863,Accesorio sanitario genérico,Plomería sanitaria,Material permanente,Unidad,Instalación sanitaria,2,Media,No,,
FERRETERIA EPA S.A.,400055010000069369,2026-05-18,C gal 50x70mm c1.2,15.0,5130.09,76951.35,003101354271-FC-00400055010000069369.PDF,1864,Perfil C galvanizado,Estructura metálica,Material permanente,Unidad,Cubierta|Estructura,2,Alta,No,,
FERRETERIA EPA S.A.,400055010000069369,2026-05-18,Rectang 50x150 c 1,2.0,15151.33,30302.66,003101354271-FC-00400055010000069369.PDF,1865,Tubo estructural rectangular 50x150,Estructura metálica,Material permanente,Unidad,Estructura|Cubierta,2,Alta,No,,
FERRETERIA EPA S.A.,400055010000069369,2026-05-18,"Hilco 6013 3/32"" 5",1.0,20683.19,20683.19,003101354271-FC-00400055010000069369.PDF,1866,Soldadura,Estructura metálica,Consumible de obra,Unidad,Estructura|Carpintería metálica,2,Alta,No,,
FERRETERIA EPA S.A.,400055010000069348,2026-05-18,Cemento holcim 50,25.0,5862.83,146570.75,003101354271-FC-00400055010000069348.PDF,1867,Cemento gris 50 kg,Cemento y concretos,Material permanente,Saco 50 kg,Cimentación|Estructura|Mampostería|Contrapiso,1,Alta,Sí,50.0,117.2566
FERRETERIA EPA S.A.,400055010000069348,2026-05-18,Block 12x20x40 pc-,300.0,375.22,112566.00000000001,003101354271-FC-00400055010000069348.PDF,1868,Block concreto 12x20x40,Mampostería,Material permanente,Unidad 12x20x40 cm,Mampostería,1,Alta,Sí,,
FERRETERIA EPA S.A.,400055010000069533,2026-05-20,Caja kit ice maker,1.0,8276.99,8276.99,003101354271-FC-00400055010000069533.PDF,1869,Accesorio lavadora / icemaker,Plomería,Material permanente,Unidad,Instalaciones hidrosanitarias,2,Alta,No,,
FERRETERIA EPA S.A.,400055010000069533,2026-05-20,"Reduccio 3x1-1 2""p",3.0,1411.5,4234.5,003101354271-FC-00400055010000069533.PDF,1870,Reducción sanitaria,Plomería sanitaria,Material permanente,Unidad,Instalación sanitaria,2,Alta,No,,
FERRETERIA EPA S.A.,400055010000069533,2026-05-20,"Cod sanit 45x3"" pd",5.0,1743.36,8716.8,003101354271-FC-00400055010000069533.PDF,1871,Codo sanitario,Plomería sanitaria,Material permanente,Unidad,Instalación sanitaria,2,Alta,No,,
FERRETERIA EPA S.A.,400055010000069533,2026-05-20,Caja emt rectangu,7.0,290.27,2031.8899999999999,003101354271-FC-00400055010000069533.PDF,1872,Accesorio eléctrico EMT,Electricidad,Material permanente,Unidad,Instalación eléctrica,2,Alta,No,,
FERRETERIA EPA S.A.,400055010000069533,2026-05-20,Caja emt dob fondo,4.0,474.34,1897.36,003101354271-FC-00400055010000069533.PDF,1873,Accesorio eléctrico EMT,Electricidad,Material permanente,Unidad,Instalación eléctrica,2,Alta,No,,
FERRETERIA EPA S.A.,400055010000069533,2026-05-20,Caja emt cuad ul,4.0,460.18,1840.72,003101354271-FC-00400055010000069533.PDF,1874,Accesorio eléctrico EMT,Electricidad,Material permanente,Unidad,Instalación eléctrica,2,Alta,No,,
FERRETERIA EPA S.A.,400055010000069533,2026-05-20,"Cod sch40 90x1/2""",21.0,130.09,2731.89,003101354271-FC-00400055010000069533.PDF,1875,Accesorio hidrosanitario (genérico),Plomería,Material permanente,Unidad,Instalaciones hidrosanitarias,2,Media,No,,
FERRETERIA EPA S.A.,400055010000069533,2026-05-20,"Cod sch40 45x1/2""",8.0,251.33,2010.64,003101354271-FC-00400055010000069533.PDF,1876,Accesorio hidrosanitario (genérico),Plomería,Material permanente,Unidad,Instalaciones hidrosanitarias,2,Media,No,,
FERRETERIA EPA S.A.,400055010000069533,2026-05-20,"Codo cpvc 90x1/2""",20.0,346.02,6920.4,003101354271-FC-00400055010000069533.PDF,1877,CPVC 1/2 in x 6 m,Plomería agua caliente,Material permanente,Unidad,Agua caliente,2,Alta,No,,
FERRETERIA EPA S.A.,400055010000069533,2026-05-20,Arena corriente ta,3.0,14270.8,42812.399999999994,003101354271-FC-00400055010000069533.PDF,1878,Arena,Agregados,Material permanente,m³,Cimentación|Estructura|Mampostería|Contrapiso,1,Alta,Sí,,
FERRETERIA EPA S.A.,400055010000069533,2026-05-20,Powerade mountain,1.0,1057.52,1057.52,003101354271-FC-00400055010000069533.PDF,1879,Compra no constructiva,No constructivo,No incorporado,Unidad,No aplica,5,Alta,No,,
FERRETERIA EPA S.A.,400055010000069533,2026-05-20,Fanta uva 600ml,1.0,969.03,969.03,003101354271-FC-00400055010000069533.PDF,1880,Compra no constructiva,No constructivo,No incorporado,Unidad,No aplica,5,Alta,No,,
FERRETERIA EPA S.A.,400055010000069582,2026-05-21,Ondulado #26 81x36,25.0,10198.23,254955.75,003101354271-FC-00400055010000069582.PDF,1881,Lámina techo ondulada #28,Cubierta y techo,Material permanente,Unidad,Cubierta,2,Alta,No,,
FERRETERIA EPA S.A.,400055010000069582,2026-05-21,Lamina ondulada 81,2.0,3402.65,6805.3,003101354271-FC-00400055010000069582.PDF,1882,Lámina metálica / Metalum,Cubierta y techo,Material permanente,Unidad,Cubierta,2,Alta,No,,
FERRETERIA EPA S.A.,400055010000069582,2026-05-21,Techo pb 2 galv,25.0,401.77,10044.25,003101354271-FC-00400055010000069582.PDF,1883,Metal / perfil (genérico),Estructura metálica,Material permanente,Envase 2 gal,Estructura|Cubierta,2,Media,No,,
FERRETERIA EPA S.A.,400055010000069582,2026-05-21,Thinner premium 1,1.0,7430.09,7430.09,003101354271-FC-00400055010000069582.PDF,1884,Thinner / diluyente,Pintura,Consumible de obra,Unidad,Pintura,3,Alta,No,,
FERRETERIA EPA S.A.,400055010000069582,2026-05-21,Clavo acero 3.5x50,1.0,6463.72,6463.72,003101354271-FC-00400055010000069582.PDF,1885,Clavo,Ferretería,Consumible de obra,Unidad,Múltiples etapas,4,Alta,No,,
FERRETERIA EPA S.A.,400055010000069582,2026-05-21,Clavo c c 2 1/2 1k,5.0,998.23,4991.15,003101354271-FC-00400055010000069582.PDF,1886,Clavo,Ferretería,Consumible de obra,Unidad,Múltiples etapas,4,Alta,No,,
FERRETERIA EPA S.A.,400055010000069582,2026-05-21,Deformada #3 g40 6,50.0,1340.71,67035.5,003101354271-FC-00400055010000069582.PDF,1887,Varilla #3,Acero refuerzo,Material permanente,Pieza #3 x 6 m,Cimentación|Estructura|Contrapiso,1,Alta,Sí,,
FERRETERIA EPA S.A.,400055010000069936,2026-05-26,"Ye sanit 4"" pd",2.0,6638.94,13277.88,003101354271-FC-00400055010000069936.PDF,1888,Yee sanitaria,Plomería sanitaria,Material permanente,Unidad,Instalación sanitaria,2,Alta,No,,
FERRETERIA EPA S.A.,400055010000069936,2026-05-26,Deformada #3 g40 6,50.0,1340.71,67035.5,003101354271-FC-00400055010000069936.PDF,1889,Varilla #3,Acero refuerzo,Material permanente,Pieza #3 x 6 m,Cimentación|Estructura|Contrapiso,1,Alta,Sí,,
FERRETERIA EPA S.A.,400055010000069936,2026-05-26,Tb cond tip a 1-1/,5.0,5161.06,25805.300000000003,003101354271-FC-00400055010000069936.PDF,1890,Conduit eléctrico,Electricidad,Material permanente,Unidad,Instalación eléctrica,2,Alta,No,,
FERRETERIA EPA S.A.,400055010000069936,2026-05-26,Pino seco cep 19x6,18.0,1187.61,21376.98,003101354271-FC-00400055010000069936.PDF,1891,Madera pino,Madera,Material/consumible,Unidad,Formaleta|Carpintería,4,Alta,No,,
FERRETERIA EPA S.A.,400055010000069936,2026-05-26,Repello grueso,20.0,3404.42,68088.4,003101354271-FC-00400055010000069936.PDF,1892,Mortero repello,Morteros,Material permanente,Unidad,Repello,2,Alta,No,,
FERRETERIA EPA S.A.,400055010000069936,2026-05-26,Cc 24e 125a c/tapa,1.0,83366.37,83366.37,003101354271-FC-00400055010000069936.PDF,1893,Centro de carga / breaker,Electricidad,Material permanente,Unidad,Instalación eléctrica,2,Alta,No,,
FERRETERIA EPA S.A.,400055010000069997,2026-05-27,Cemento holcim 50,10.0,5862.83,58628.3,003101354271-FC-00400055010000069997.PDF,1894,Cemento gris 50 kg,Cemento y concretos,Material permanente,Saco 50 kg,Cimentación|Estructura|Mampostería|Contrapiso,1,Alta,Sí,50.0,117.2566
FERRETERIA EPA S.A.,400055010000069997,2026-05-27,Elec #1 4.11 2.2x6,2.0,10077.88,20155.76,003101354271-FC-00400055010000069997.PDF,1895,Malla electrosoldada,Acero refuerzo,Material permanente,Unidad,Contrapiso|Estructura,1,Alta,No,,
FERRETERIA EPA S.A.,400055010000069982,2026-05-27,"Te 4"" pd sdr32.5",2.0,5342.48,10684.96,003101354271-FC-00400055010000069982.PDF,1896,Tee sanitaria,Plomería sanitaria,Material permanente,Unidad,Instalación sanitaria,2,Alta,No,,
FERRETERIA EPA S.A.,400055010000069982,2026-05-27,"Reduccion 3x2"" pd",4.0,1564.6,6258.4,003101354271-FC-00400055010000069982.PDF,1897,Reducción sanitaria,Plomería sanitaria,Material permanente,Unidad,Instalación sanitaria,2,Alta,No,,
FERRETERIA EPA S.A.,400055010000069982,2026-05-27,"Reduccion 4x3"" pd",4.0,3054.87,12219.48,003101354271-FC-00400055010000069982.PDF,1898,Reducción sanitaria,Plomería sanitaria,Material permanente,Unidad,Instalación sanitaria,2,Alta,No,,
FERRETERIA EPA S.A.,400055010000069982,2026-05-27,Cur con tip a 1-1/,2.0,2111.5,4223.0,003101354271-FC-00400055010000069982.PDF,1899,Conduit eléctrico,Electricidad,Material permanente,Unidad,Instalación eléctrica,2,Alta,No,,
FERRETERIA EPA S.A.,400055010000069982,2026-05-27,"Te sanit 1-1 2"" pd",6.0,931.86,5591.16,003101354271-FC-00400055010000069982.PDF,1900,Tee sanitaria,Plomería sanitaria,Material permanente,Unidad,Instalación sanitaria,2,Alta,No,,
FERRETERIA EPA S.A.,400055010000069982,2026-05-27,"Te cpvc 1/2""",15.0,476.99,7154.85,003101354271-FC-00400055010000069982.PDF,1901,CPVC 1/2 in x 6 m,Plomería agua caliente,Material permanente,Unidad,Agua caliente,2,Alta,No,,
FERRETERIA EPA S.A.,400055010000069982,2026-05-27,"Cod sch40 90x1/2""",10.0,142.48,1424.8,003101354271-FC-00400055010000069982.PDF,1902,Accesorio hidrosanitario (genérico),Plomería,Material permanente,Unidad,Instalaciones hidrosanitarias,2,Media,No,,
FERRETERIA EPA S.A.,400055010000069982,2026-05-27,Pega pvc 950ml-1/4,1.0,8105.31,8105.31,003101354271-FC-00400055010000069982.PDF,1903,Accesorio hidrosanitario (genérico),Plomería,Material permanente,Unidad,Instalaciones hidrosanitarias,2,Media,No,,
FERRETERIA EPA S.A.,400055010000069982,2026-05-27,Cur cond tipo a 1/,8.0,500.88,4007.04,003101354271-FC-00400055010000069982.PDF,1904,Conduit / accesorio,Electricidad,Material permanente,Unidad,Instalación eléctrica,2,Alta,No,,
FERRETERIA EPA S.A.,400055010000069982,2026-05-27,Cur cond tipo a 3/,8.0,615.93,4927.44,003101354271-FC-00400055010000069982.PDF,1905,Conduit / accesorio,Electricidad,Material permanente,Unidad,Instalación eléctrica,2,Alta,No,,
FERRETERIA EPA S.A.,400055010000069982,2026-05-27,Powerade frutas 60,1.0,802.65,802.65,003101354271-FC-00400055010000069982.PDF,1906,Compra no constructiva,No constructivo,No incorporado,Unidad,No aplica,5,Alta,No,,
FERRETERIA EPA S.A.,400055010000069982,2026-05-27,Repello grueso,15.0,3404.42,51066.3,003101354271-FC-00400055010000069982.PDF,1907,Mortero repello,Morteros,Material permanente,Unidad,Repello,2,Alta,No,,
FERRETERIA EPA S.A.,400055010000069982,2026-05-27,Tub cond tipo a 1/,10.0,1033.63,10336.300000000001,003101354271-FC-00400055010000069982.PDF,1908,Conduit eléctrico,Electricidad,Material permanente,Unidad,Instalación eléctrica,2,Alta,No,,
FERRETERIA EPA S.A.,400055010000069982,2026-05-27,Tub cond tipo a 3/,8.0,1601.77,12814.16,003101354271-FC-00400055010000069982.PDF,1909,Conduit eléctrico,Electricidad,Material permanente,Unidad,Instalación eléctrica,2,Alta,No,,
FERRETERIA EPA S.A.,400055010000069982,2026-05-27,"Tubo sch40 1/2"" 6m",2.0,3090.27,6180.54,003101354271-FC-00400055010000069982.PDF,1910,PVC presión SCH40 1/2 in x 6 m,Plomería potable,Material permanente,Pieza 6 m,Agua potable,2,Alta,No,,
FERRETERIA EPA S.A.,200051010000093208,2026-05-28,Cinta temflex 19mm,1.0,743.36,743.36,003101354271-FC-00200051010000093208.PDF,1911,Consumible / herramienta de obra,Ferretería,Consumible de obra,Unidad,Múltiples etapas,4,Media,No,,
FERRETERIA EPA S.A.,200051010000093208,2026-05-28,Extractor uc-10 st,1.0,11146.02,11146.02,003101354271-FC-00200051010000093208.PDF,1912,Extractor / ventilación,Ventilación,Material permanente,Unidad,Baños y acabados,4,Alta,No,,
FERRETERIA EPA S.A.,400055010000070123,2026-05-29,Spray 2x blnco bri,1.0,2994.69,2994.69,003101354271-FC-00400055010000070123.PDF,1913,Spray 2X Blnco Bri,Otros insumos,Otro registrado,Unidad,Otros,4,Baja,No,,
FERRETERIA EPA S.A.,400055010000070123,2026-05-29,Acrilico transpare,1.0,2976.99,2976.99,003101354271-FC-00400055010000070123.PDF,1914,Acrílico / sellador,Selladores,Consumible de obra,Unidad,Acabados,4,Alta,No,,
FERRETERIA EPA S.A.,400055010000070123,2026-05-29,Cemento holcim 50,17.0,5862.83,99668.11,003101354271-FC-00400055010000070123.PDF,1915,Cemento gris 50 kg,Cemento y concretos,Material permanente,Saco 50 kg,Cimentación|Estructura|Mampostería|Contrapiso,1,Alta,Sí,50.0,117.2566
FERRETERIA EPA S.A.,400055010000070123,2026-05-29,Hi c uva 250ml,2.0,327.43,654.86,003101354271-FC-00400055010000070123.PDF,1916,Compra no constructiva,No constructivo,No incorporado,Unidad,No aplica,5,Alta,No,,
FERRETERIA EPA S.A.,400090010000021552,2026-05-29,PIEDRA CUARTILLA DE RIO M3,3.0,13883.67,41651.01,003101354271-FC-00400090010000021552.PDF,1917,Piedra / agregado,Agregados,Material permanente,m³,Cimentación|Estructura|Contrapiso,1,Alta,Sí,,
FERRETERIA EPA S.A.,400090010000021553,2026-05-29,ARENA CORRIENTE DE TAJO M3,3.0,14270.52,42811.56,003101354271-FC-00400090010000021553.PDF,1918,Arena,Agregados,Material permanente,m³,Cimentación|Estructura|Mampostería|Contrapiso,1,Alta,Sí,,
FERRETERIA EPA S.A.,400055010000070491,2026-06-03,Audifonos sport tw,1.0,7605.31,7605.31,003101354271-FC-00400055010000070491.PDF,1919,Audifonos Sport Tw,Otros insumos,Otro registrado,Unidad,Otros,4,Baja,No,,
FERRETERIA EPA S.A.,400055010000070491,2026-06-03,Manta 152x178 cm,1.0,8526.55,8526.55,003101354271-FC-00400055010000070491.PDF,1920,Manta 152X178 Cm,Otros insumos,Otro registrado,Unidad,Otros,4,Baja,No,,
FERRETERIA EPA S.A.,400055010000070491,2026-06-03,Caja emt dob fondo,6.0,474.34,2846.04,003101354271-FC-00400055010000070491.PDF,1921,Accesorio eléctrico EMT,Electricidad,Material permanente,Unidad,Instalación eléctrica,2,Alta,No,,
FERRETERIA EPA S.A.,400055010000070491,2026-06-03,Tiro verde 1 100u,1.0,3153.1,3153.1,003101354271-FC-00400055010000070491.PDF,1922,Tiro fijación,Ferretería,Consumible de obra,Unidad,Cielos y divisiones,4,Alta,No,,
FERRETERIA EPA S.A.,400055010000070491,2026-06-03,Reduc san 2x11 2 p,4.0,1400.88,5603.52,003101354271-FC-00400055010000070491.PDF,1923,Reducción sanitaria,Plomería sanitaria,Material permanente,Unidad,Instalación sanitaria,2,Alta,No,,
FERRETERIA EPA S.A.,400055010000070491,2026-06-03,Tornillo torlack p,1.0,1517.7,1517.7,003101354271-FC-00400055010000070491.PDF,1924,Tornillo / fijación,Ferretería,Consumible de obra,Unidad,Múltiples etapas,4,Alta,No,,
FERRETERIA EPA S.A.,400055010000070491,2026-06-03,"Torlac pf 8x1/2"" 5",1.0,1657.52,1657.52,003101354271-FC-00400055010000070491.PDF,1925,"Torlac Pf 8X1/2"" 5",Otros insumos,Otro registrado,Unidad,Otros,4,Baja,No,,
FERRETERIA EPA S.A.,400055010000070491,2026-06-03,"Gypsum pf 1 1 4"" 5",2.0,169.03,338.06,003101354271-FC-00400055010000070491.PDF,1926,Lámina gypsum 12 mm,Gypsum y liviano,Material permanente,Unidad,Cielos y divisiones,3,Alta,No,,
FERRETERIA EPA S.A.,400055010000070491,2026-06-03,Clavo explo 1 100u,1.0,1519.47,1519.47,003101354271-FC-00400055010000070491.PDF,1927,Clavo,Ferretería,Consumible de obra,Unidad,Múltiples etapas,4,Alta,No,,
FERRETERIA EPA S.A.,400055010000070491,2026-06-03,Cur cond tipo a 1/,20.0,500.88,10017.6,003101354271-FC-00400055010000070491.PDF,1928,Conduit / accesorio,Electricidad,Material permanente,Unidad,Instalación eléctrica,2,Alta,No,,
FERRETERIA EPA S.A.,400055010000070491,2026-06-03,Un cond tipo a 1/2,20.0,112.39,2247.8,003101354271-FC-00400055010000070491.PDF,1929,Conduit eléctrico,Electricidad,Material permanente,Unidad,Instalación eléctrica,2,Alta,No,,
FERRETERIA EPA S.A.,400055010000070491,2026-06-03,Conec m ul s40 1/2,30.0,297.35,8920.5,003101354271-FC-00400055010000070491.PDF,1930,Conector eléctrico,Electricidad,Material permanente,Unidad,Instalación eléctrica,2,Alta,No,,
FERRETERIA EPA S.A.,400055010000070491,2026-06-03,Tapa emt cuadrad c,6.0,151.33,907.98,003101354271-FC-00400055010000070491.PDF,1931,Accesorio eléctrico EMT,Electricidad,Material permanente,Unidad,Instalación eléctrica,2,Alta,No,,
FERRETERIA EPA S.A.,400055010000070491,2026-06-03,Tapa emt cuadrad s,6.0,158.41,950.46,003101354271-FC-00400055010000070491.PDF,1932,Accesorio eléctrico EMT,Electricidad,Material permanente,Unidad,Instalación eléctrica,2,Alta,No,,
FERRETERIA EPA S.A.,400055010000070491,2026-06-03,"Track 3""x10 0.32",8.0,631.86,5054.88,003101354271-FC-00400055010000070491.PDF,1933,Perfil gypsum track,Gypsum y liviano,Material permanente,Unidad,Cielos y divisiones,3,Alta,No,,
FERRETERIA EPA S.A.,400055010000070491,2026-06-03,Esquinero plas 10f,4.0,633.63,2534.52,003101354271-FC-00400055010000070491.PDF,1934,Moldura / esquinero,Acabados,Material permanente,Unidad,Acabados,4,Alta,No,,
FERRETERIA EPA S.A.,400055010000070491,2026-06-03,Densglass 122x244c,2.0,14780.53,29561.06,003101354271-FC-00400055010000070491.PDF,1935,Densglass 12 mm,Gypsum y liviano,Material permanente,Unidad,Fachada|Cielos y divisiones,3,Alta,No,,
FERRETERIA EPA S.A.,400055010000070491,2026-06-03,"Stud 3""x10 0.32",2.0,800.88,1601.76,003101354271-FC-00400055010000070491.PDF,1936,Perfil gypsum stud,Gypsum y liviano,Material permanente,Unidad,Cielos y divisiones,3,Alta,No,,
FERRETERIA EPA S.A.,400055010000070491,2026-06-03,Tub cond tipo a 1/,20.0,1033.63,20672.600000000002,003101354271-FC-00400055010000070491.PDF,1937,Conduit eléctrico,Electricidad,Material permanente,Unidad,Instalación eléctrica,2,Alta,No,,
FERRETERIA EPA S.A.,400055010000070491,2026-06-03,Tub cond tipo a 3/,8.0,1601.77,12814.16,003101354271-FC-00400055010000070491.PDF,1938,Conduit eléctrico,Electricidad,Material permanente,Unidad,Instalación eléctrica,2,Alta,No,,
FERRETERIA EPA S.A.,400055010000070491,2026-06-03,Botaguas al #28 23,8.0,1235.4,9883.2,003101354271-FC-00400055010000070491.PDF,1939,Lámina techo ondulada #28,Cubierta y techo,Material permanente,Unidad,Cubierta,2,Alta,No,,
FERRETERIA EPA S.A.,400055010000070491,2026-06-03,Escoba superior no,1.0,2709.9,2709.9,003101354271-FC-00400055010000070491.PDF,1940,Escoba Superior No,Otros insumos,Otro registrado,Unidad,Otros,4,Baja,No,,
FERRETERIA EPA S.A.,400055010000070491,2026-06-03,Roda pino10x65x320,30.0,1534.51,46035.3,003101354271-FC-00400055010000070491.PDF,1941,Carpintería / herraje (genérico),Carpintería y mobiliario,Material permanente,Unidad,Mobiliario,3,Media,No,,
FERRETERIA EPA S.A.,400055010000070491,2026-06-03,Plast negro metro,10.0,494.69,4946.9,003101354271-FC-00400055010000070491.PDF,1942,Plástico construcción,Protección de obra,Consumible de obra,Unidad,Múltiples etapas,4,Alta,No,,
FERRETERIA EPA S.A.,400055010000070491,2026-06-03,Lija mader #120 9x,10.0,179.65,1796.5,003101354271-FC-00400055010000070491.PDF,1943,Lija,Pintura y acabados,Consumible de obra,Unidad,Acabados,4,Alta,No,,
FERRETERIA EPA S.A.,800052010000012104,2026-06-05,Manta enfriami que,1.0,15424.78,15424.78,003101354271-FC-00800052010000012104.PDF,1944,Compra no constructiva,No constructivo,No incorporado,Unidad,No aplica,5,Alta,No,,
FERRETERIA EPA S.A.,800052010000012104,2026-06-05,Zapatera 16 pares,2.0,41479.65,82959.3,003101354271-FC-00800052010000012104.PDF,1945,Compra no constructiva,No constructivo,No incorporado,Unidad,No aplica,5,Alta,No,,
FERRETERIA EPA S.A.,800052010000012104,2026-06-05,Hi c uva 250ml,2.0,438.05,876.1,003101354271-FC-00800052010000012104.PDF,1946,Compra no constructiva,No constructivo,No incorporado,Unidad,No aplica,5,Alta,No,,
FERRETERIA EPA S.A.,800052010000012104,2026-06-05,Mani alm caramel 5,1.0,880.53,880.53,003101354271-FC-00800052010000012104.PDF,1947,Mani Alm Caramel 5,Otros insumos,Otro registrado,Unidad,Otros,4,Baja,No,,
FERRETERIA EPA S.A.,300054010000058936,2026-06-05,Albanil #18x320,1.0,4124.78,4124.78,003101354271-FC-00300054010000058936.PDF,1948,Herramienta / accesorio herramienta,Herramientas y equipo,Herramienta/equipo,Unidad,No incorporado,5,Alta,No,,
FERRETERIA EPA S.A.,300054010000058936,2026-06-05,Disco de corte 7 1,1.0,5981.42,5981.42,003101354271-FC-00300054010000058936.PDF,1949,Herramienta / equipo,Herramientas y equipo,Herramienta/equipo,Unidad,No incorporado,5,Alta,No,,
FERRETERIA EPA S.A.,300054010000058936,2026-06-05,"9"" segmentado",1.0,9964.6,9964.6,003101354271-FC-00300054010000058936.PDF,1950,Herramienta / accesorio herramienta,Herramientas y equipo,Herramienta/equipo,Unidad,No incorporado,5,Alta,No,,
FERRETERIA EPA S.A.,300054010000058936,2026-06-05,Repemax gris hidro,4.0,4530.09,18120.36,003101354271-FC-00300054010000058936.PDF,1951,Mortero repello,Morteros,Material permanente,Unidad,Repello,2,Alta,No,,
FERRETERIA EPA S.A.,400055010000070775,2026-06-08,Red de carga con 1,1.0,8221.24,8221.24,003101354271-FC-00400055010000070775.PDF,1952,Red De Carga Con 1,Otros insumos,Otro registrado,Unidad,Otros,4,Baja,No,,
FERRETERIA EPA S.A.,400055010000070775,2026-06-08,Lona 3x4 14x14 tez,1.0,9931.86,9931.86,003101354271-FC-00400055010000070775.PDF,1953,Lona / protección,Protección de obra,Consumible de obra,Unidad,Múltiples etapas,4,Alta,No,,
FERRETERIA EPA S.A.,400055010000070775,2026-06-08,Repello grueso,20.0,3404.42,68088.4,003101354271-FC-00400055010000070775.PDF,1954,Mortero repello,Morteros,Material permanente,Unidad,Repello,2,Alta,No,,
FERRETERIA EPA S.A.,400055010000070996,2026-06-11,Thhn eco #8 negro,13.0,920.35,11964.550000000001,003101354271-FC-00400055010000070996.PDF,1955,Cable eléctrico,Electricidad,Material permanente,Unidad,Instalación eléctrica,2,Alta,No,,
FERRETERIA EPA S.A.,400055010000070996,2026-06-11,Thhn eco #10 blanc,10.0,570.8,5708.0,003101354271-FC-00400055010000070996.PDF,1956,Cable eléctrico,Electricidad,Material permanente,Unidad,Instalación eléctrica,2,Alta,No,,
FERRETERIA EPA S.A.,400055010000070996,2026-06-11,Furring 366 0.32,20.0,641.59,12831.800000000001,003101354271-FC-00400055010000070996.PDF,1957,Perfil gypsum furring,Gypsum y liviano,Material permanente,Unidad,Cielos y divisiones,3,Alta,No,,
FERRETERIA EPA S.A.,400055010000070996,2026-06-11,"Angular 1x1""x10 03",30.0,296.46,8893.8,003101354271-FC-00400055010000070996.PDF,1958,Angular metálico,Estructura metálica,Material permanente,Unidad,Estructura|Carpintería metálica,2,Alta,No,,
FERRETERIA EPA S.A.,400055010000070996,2026-06-11,"Torlack pf 8x1/2""",3.0,179.65,538.95,003101354271-FC-00400055010000070996.PDF,1959,"Torlack Pf 8X1/2""",Otros insumos,Otro registrado,Unidad,Otros,4,Baja,No,,
FERRETERIA EPA S.A.,400055010000070996,2026-06-11,"Metal plan 10x3""",2.0,207.96,415.92,003101354271-FC-00400055010000070996.PDF,1960,Metal / perfil (genérico),Estructura metálica,Material permanente,Unidad,Estructura|Cubierta,2,Media,No,,
FERRETERIA EPA S.A.,400055010000070996,2026-06-11,Tc plana 3 16x2 1,1.0,750.44,750.44,003101354271-FC-00400055010000070996.PDF,1961,Tc Plana 3 16X2 1,Otros insumos,Otro registrado,Unidad,Otros,4,Baja,No,,
FERRETERIA EPA S.A.,400055010000070996,2026-06-11,Anclaje plast s7 1,1.0,96.46,96.46,003101354271-FC-00400055010000070996.PDF,1962,Tornillo / fijación,Ferretería,Consumible de obra,Unidad,Múltiples etapas,4,Alta,No,,
FERRETERIA EPA S.A.,400055010000070996,2026-06-11,"Broca conc 1 4""x4""",1.0,695.58,695.58,003101354271-FC-00400055010000070996.PDF,1963,Herramienta / equipo,Herramientas y equipo,Herramienta/equipo,Unidad,No incorporado,5,Alta,No,,
FERRETERIA EPA S.A.,400055010000070996,2026-06-11,Epoxi mil 98 grs,1.0,2932.74,2932.74,003101354271-FC-00400055010000070996.PDF,1964,Epoxi Mil 98 Grs,Otros insumos,Otro registrado,Unidad,Otros,4,Baja,No,,
FERRETERIA EPA S.A.,400055010000070996,2026-06-11,Set 2 lingas 500 k,1.0,2958.41,2958.41,003101354271-FC-00400055010000070996.PDF,1965,Set 2 Lingas 500 K,Otros insumos,Otro registrado,Unidad,Otros,4,Baja,No,,
FERRETERIA EPA S.A.,400055010000070996,2026-06-11,Guante poliester l,1.0,546.02,546.02,003101354271-FC-00400055010000070996.PDF,1966,EPP / protección,Seguridad obra,Consumible de obra,Unidad,Múltiples etapas,4,Alta,No,,
FERRETERIA EPA S.A.,400055010000070996,2026-06-11,Tblla bco divi 6mm,3.0,3273.45,9820.349999999999,003101354271-FC-00400055010000070996.PDF,1967,Panel / tablilla PVC,Acabados,Material permanente,Unidad,Cielos y divisiones|Acabados,4,Alta,No,,
FERRETERIA EPA S.A.,400055010000070996,2026-06-11,Densglass 122x244c,1.0,14780.53,14780.53,003101354271-FC-00400055010000070996.PDF,1968,Densglass 12 mm,Gypsum y liviano,Material permanente,Unidad,Fachada|Cielos y divisiones,3,Alta,No,,
FERRETERIA EPA S.A.,400055010000070996,2026-06-11,Repello grueso,16.0,3670.8,58732.8,003101354271-FC-00400055010000070996.PDF,1969,Mortero repello,Morteros,Material permanente,Unidad,Repello,2,Alta,No,,
FERRETERIA EPA S.A.,400055010000071041,2026-06-12,Caja paso 20x20 s,1.0,10597.35,10597.35,003101354271-FC-00400055010000071041.PDF,1970,Caja eléctrica,Electricidad,Material permanente,Unidad,Instalación eléctrica,2,Alta,No,,
FERRETERIA EPA S.A.,400055010000071041,2026-06-12,Grifo para lavaman,1.0,15039.82,15039.82,003101354271-FC-00400055010000071041.PDF,1971,Lavamanos,Sanitarios,Material permanente,Unidad,Aparatos sanitarios,3,Alta,No,,
FERRETERIA EPA S.A.,400055010000071041,2026-06-12,"Codo san 90x4""",4.0,4194.69,16778.76,003101354271-FC-00400055010000071041.PDF,1972,Codo sanitario,Plomería sanitaria,Material permanente,Unidad,Instalación sanitaria,2,Alta,No,,
FERRETERIA EPA S.A.,400055010000071041,2026-06-12,Conect m ul s40 3/,16.0,415.93,6654.88,003101354271-FC-00400055010000071041.PDF,1973,Accesorio eléctrico (genérico),Electricidad,Material permanente,Unidad,Instalación eléctrica,2,Media,No,,
FERRETERIA EPA S.A.,400055010000071041,2026-06-12,Conec m ul s40 1/2,39.0,297.35,11596.650000000001,003101354271-FC-00400055010000071041.PDF,1974,Conector eléctrico,Electricidad,Material permanente,Unidad,Instalación eléctrica,2,Alta,No,,
FERRETERIA EPA S.A.,400055010000071041,2026-06-12,"Moldura j 1 2""x10f",4.0,541.59,2166.36,003101354271-FC-00400055010000071041.PDF,1975,Moldura / esquinero,Acabados,Material permanente,Unidad,Acabados,4,Alta,No,,
FERRETERIA EPA S.A.,400055010000071041,2026-06-12,Elec #1 4.11 2.2x6,2.0,10809.73,21619.46,003101354271-FC-00400055010000071041.PDF,1976,Malla electrosoldada,Acero refuerzo,Material permanente,Unidad,Contrapiso|Estructura,1,Alta,No,,
FERRETERIA EPA S.A.,400055010000071041,2026-06-12,Tub cond tipo a 3/,4.0,1601.77,6407.08,003101354271-FC-00400055010000071041.PDF,1977,Conduit eléctrico,Electricidad,Material permanente,Unidad,Instalación eléctrica,2,Alta,No,,
FERRETERIA EPA S.A.,400055010000071041,2026-06-12,Tb cond tip a 1-1/,3.0,5161.06,15483.18,003101354271-FC-00400055010000071041.PDF,1978,Conduit eléctrico,Electricidad,Material permanente,Unidad,Instalación eléctrica,2,Alta,No,,
FERRETERIA EPA S.A.,400055010000071041,2026-06-12,Cemento holcim 50,4.0,5862.83,23451.32,003101354271-FC-00400055010000071041.PDF,1979,Cemento gris 50 kg,Cemento y concretos,Material permanente,Saco 50 kg,Cimentación|Estructura|Mampostería|Contrapiso,1,Alta,Sí,50.0,117.2566
FERRETERIA EPA S.A.,400055010000071041,2026-06-12,Sifon 100mm,1.0,4172.57,4172.57,003101354271-FC-00400055010000071041.PDF,1980,Sifón sanitario,Plomería sanitaria,Material permanente,Unidad,Instalación sanitaria,2,Alta,No,,
FERRETERIA EPA S.A.,400055010000071232,2026-06-15,Cuartilla rio pri,3.0,13884.07,41652.21,003101354271-FC-00400055010000071232.PDF,1981,Piedra / agregado,Agregados,Material permanente,m³,Cimentación|Estructura|Contrapiso,1,Alta,Sí,,
FERRETERIA EPA S.A.,500047010000048593,2026-06-15,Lm hf silverty 19,6.0,39722.12,238332.72000000003,003101354271-FC-00500047010000048593.PDF,1982,Melamina,Carpintería y mobiliario,Material permanente,Unidad,Mobiliario,3,Alta,No,,
FERRETERIA EPA S.A.,500047010000048593,2026-06-15,Mhd19 280x207cmk08,1.0,39722.12,39722.12,003101354271-FC-00500047010000048593.PDF,1983,Melamina / tablero,Carpintería y mobiliario,Material permanente,Unidad,Mobiliario,3,Alta,No,,
FERRETERIA EPA S.A.,500047010000048593,2026-06-15,Lm hf dark rck 19,6.0,39722.12,238332.72000000003,003101354271-FC-00500047010000048593.PDF,1984,Melamina,Carpintería y mobiliario,Material permanente,Unidad,Mobiliario,3,Alta,No,,
FERRETERIA EPA S.A.,500047010000048593,2026-06-15,Corte melamina por Os,368.0,141.59,52105.12,003101354271-FC-00500047010000048593.PDF,1985,Melamina,Carpintería y mobiliario,Material permanente,Unidad,Mobiliario,3,Alta,No,,
FERRETERIA EPA S.A.,500047010000048593,2026-06-15,Canto pvc orange d,226.0,138.94,31400.44,003101354271-FC-00500047010000048593.PDF,1986,Canto PVC mobiliario,Carpintería y mobiliario,Material permanente,Unidad,Mobiliario,3,Alta,No,,
FERRETERIA EPA S.A.,500047010000048593,2026-06-15,Tpcanto light rock,41.0,140.71,5769.110000000001,003101354271-FC-00500047010000048593.PDF,1987,Canto PVC mobiliario,Carpintería y mobiliario,Material permanente,Unidad,Mobiliario,3,Alta,No,,
FERRETERIA EPA S.A.,500047010000048593,2026-06-15,Canto de pvc 22/2m,12.0,386.73,4640.76,003101354271-FC-00500047010000048593.PDF,1988,Canto PVC mobiliario,Carpintería y mobiliario,Material permanente,Unidad,Mobiliario,3,Alta,No,,
FERRETERIA EPA S.A.,500047010000048593,2026-06-15,Tapet cara 22x0.45,162.0,109.73,17776.260000000002,003101354271-FC-00500047010000048593.PDF,1989,Tapeta / canto mobiliario,Carpintería y mobiliario,Material permanente,Unidad,Mobiliario,3,Alta,No,,
FERRETERIA EPA S.A.,500047010000048593,2026-06-15,Tapeta cara 22x1.5,64.0,323.01,20672.64,003101354271-FC-00500047010000048593.PDF,1990,Tapeta / canto mobiliario,Carpintería y mobiliario,Material permanente,Unidad,Mobiliario,3,Alta,No,,
FERRETERIA EPA S.A.,500047010000048593,2026-06-15,Metro lineal tapet Os,505.0,194.69,98318.45,003101354271-FC-00500047010000048593.PDF,1991,Tapeta / canto mobiliario,Carpintería y mobiliario,Material permanente,Unidad,Mobiliario,3,Alta,No,,
FERRETERIA EPA S.A.,500047010000048593,2026-06-15,Kit mecanizado Os,25.0,1659.29,41482.25,003101354271-FC-00500047010000048593.PDF,1992,Corte / mecanizado mobiliario,Carpintería y mobiliario,Servicio,Unidad,Mobiliario,3,Alta,No,,
FERRETERIA EPA S.A.,500047010000048593,2026-06-15,Perforacion de bis Os,10.0,438.05,4380.5,003101354271-FC-00500047010000048593.PDF,1993,Bisagra,Puertas y cerraduras,Material permanente,Unidad,Puertas|Mobiliario,3,Alta,No,,
FERRETERIA EPA S.A.,400055010000071231,2026-06-15,Arena corriente ta,3.0,14270.8,42812.399999999994,003101354271-FC-00400055010000071231.PDF,1994,Arena,Agregados,Material permanente,m³,Cimentación|Estructura|Mampostería|Contrapiso,1,Alta,Sí,,
FERRETERIA EPA S.A.,400055010000071230,2026-06-15,Bases niveladoras,2.0,1185.84,2371.68,003101354271-FC-00400055010000071230.PDF,1995,Herramienta / equipo,Herramientas y equipo,Herramienta/equipo,Unidad,No incorporado,5,Alta,No,,
FERRETERIA EPA S.A.,400055010000071230,2026-06-15,Sop int alto cauda,8.0,912.39,7299.12,003101354271-FC-00400055010000071230.PDF,1996,Herraje mobiliario,Carpintería y mobiliario,Material permanente,Unidad,Mobiliario,3,Media,No,,
FERRETERIA EPA S.A.,400055010000071230,2026-06-15,Anclaje plast s7 1,2.0,96.46,192.92,003101354271-FC-00400055010000071230.PDF,1997,Tornillo / fijación,Ferretería,Consumible de obra,Unidad,Múltiples etapas,4,Alta,No,,
FERRETERIA EPA S.A.,400055010000071230,2026-06-15,Tc plana 3 16x2 3,1.0,633.63,633.63,003101354271-FC-00400055010000071230.PDF,1998,Tc Plana 3 16X2 3,Otros insumos,Otro registrado,Unidad,Otros,4,Baja,No,,
FERRETERIA EPA S.A.,400055010000071230,2026-06-15,Cepillo acero 3/4,1.0,2152.21,2152.21,003101354271-FC-00400055010000071230.PDF,1999,Cepillo Acero 3/4,Otros insumos,Otro registrado,Unidad,Otros,4,Baja,No,,
FERRETERIA EPA S.A.,400055010000071230,2026-06-15,"Boqui red 3"" alt c",1.0,4808.85,4808.85,003101354271-FC-00400055010000071230.PDF,2000,Fragüa / boquilla,Pisos y enchapes,Material permanente,Unidad,Pisos y enchapes,2,Alta,No,,
FERRETERIA EPA S.A.,400055010000071230,2026-06-15,Union can alto cau,1.0,1064.6,1064.6,003101354271-FC-00400055010000071230.PDF,2001,Accesorio hidrosanitario (genérico),Plomería,Material permanente,Unidad,Instalaciones hidrosanitarias,2,Media,No,,
FERRETERIA EPA S.A.,400055010000071230,2026-06-15,Tap p can alto cau,1.0,1676.11,1676.11,003101354271-FC-00400055010000071230.PDF,2002,Tapa canoa alto caudal,Plomería pluvial,Material permanente,Unidad,Cubierta|Pluvial,4,Alta,No,,
FERRETERIA EPA S.A.,400055010000071230,2026-06-15,"Tubo cpvc 1/2"" 6m",4.0,7927.43,31709.72,003101354271-FC-00400055010000071230.PDF,2003,CPVC 1/2 in x 6 m,Plomería agua caliente,Material permanente,Pieza 6 m,Agua caliente,2,Alta,No,,
FERRETERIA EPA S.A.,400055010000071230,2026-06-15,"Tubo sdr50 4"" 6m b",3.0,9478.76,28436.28,003101354271-FC-00400055010000071230.PDF,2004,PVC sanitario 4 in x 6 m,Plomería sanitaria,Material permanente,Pieza 6 m,Instalación sanitaria,2,Alta,No,,
FERRETERIA EPA S.A.,400055010000071230,2026-06-15,Elec #1 4.11 2.2x6,2.0,10809.73,21619.46,003101354271-FC-00400055010000071230.PDF,2005,Malla electrosoldada,Acero refuerzo,Material permanente,Unidad,Contrapiso|Estructura,1,Alta,No,,
FERRETERIA EPA S.A.,400055010000071230,2026-06-15,Cemento holcim 50,10.0,5862.83,58628.3,003101354271-FC-00400055010000071230.PDF,2006,Cemento gris 50 kg,Cemento y concretos,Material permanente,Saco 50 kg,Cimentación|Estructura|Mampostería|Contrapiso,1,Alta,Sí,50.0,117.2566
FERRETERIA EPA S.A.,400055010000071230,2026-06-15,Marco laminado wen,5.0,19511.5,97557.5,003101354271-FC-00400055010000071230.PDF,2007,Marco puerta,Puertas y cerraduras,Material permanente,Unidad,Puertas,3,Alta,No,,
FERRETERIA EPA S.A.,400055010000071230,2026-06-15,Can alto caudal 3m,2.0,13236.28,26472.56,003101354271-FC-00400055010000071230.PDF,2008,Canoa alto caudal,Plomería pluvial,Material permanente,Unidad,Cubierta|Pluvial,4,Alta,No,,
FERRETERIA EPA S.A.,400055010000071230,2026-06-15,"Tubo sch40 1/2"" 6m",4.0,3090.27,12361.08,003101354271-FC-00400055010000071230.PDF,2009,PVC presión SCH40 1/2 in x 6 m,Plomería potable,Material permanente,Pieza 6 m,Agua potable,2,Alta,No,,
FERRETERIA EPA S.A.,400055010000071400,2026-06-17,Pala redonda 5501m,1.0,5423.89,5423.89,003101354271-FC-00400055010000071400.PDF,2010,Pala / pico,Herramientas y equipo,Herramienta/equipo,Unidad,No incorporado,5,Alta,No,,
FERRETERIA EPA S.A.,400055010000071400,2026-06-17,Duretan 2 blnco 30,2.0,6214.16,12428.32,003101354271-FC-00400055010000071400.PDF,2011,Duretan / sellador juntas,Selladores,Consumible de obra,Unidad,Acabados,4,Alta,No,,
FERRETERIA EPA S.A.,400055010000071400,2026-06-17,"Amarra 4"" negra",1.0,811.5,811.5,003101354271-FC-00400055010000071400.PDF,2012,"Amarra 4"" Negra",Otros insumos,Otro registrado,Unidad,Otros,4,Baja,No,,
FERRETERIA EPA S.A.,400055010000071400,2026-06-17,"Amarra 4"" blanca",1.0,811.5,811.5,003101354271-FC-00400055010000071400.PDF,2013,"Amarra 4"" Blanca",Otros insumos,Otro registrado,Unidad,Otros,4,Baja,No,,
FERRETERIA EPA S.A.,400055010000071400,2026-06-17,Thhn eco #8 negro,8.0,920.35,7362.8,003101354271-FC-00400055010000071400.PDF,2014,Cable eléctrico,Electricidad,Material permanente,Unidad,Instalación eléctrica,2,Alta,No,,
FERRETERIA EPA S.A.,400055010000071400,2026-06-17,Block 12x20x40 pc-,75.0,375.22,28141.500000000004,003101354271-FC-00400055010000071400.PDF,2015,Block concreto 12x20x40,Mampostería,Material permanente,Unidad 12x20x40 cm,Mampostería,1,Alta,Sí,,
FERRETERIA EPA S.A.,400055010000071400,2026-06-17,Block 12x20x40 pc-,75.0,375.22,28141.500000000004,003101354271-FC-00400055010000071400.PDF,2016,Block concreto 12x20x40,Mampostería,Material permanente,Unidad 12x20x40 cm,Mampostería,1,Alta,Sí,,
FERRETERIA EPA S.A.,400055010000071400,2026-06-17,Negro 1.68mm #16,5.0,510.62,2553.1,003101354271-FC-00400055010000071400.PDF,2017,Alambre negro recocido #16,Acero refuerzo,Consumible de obra,Unidad,Cimentación|Estructura,1,Alta,No,,
FERRETERIA EPA S.A.,400055010000071423,2026-06-17,Bondex plus 25 kg,3.0,4512.39,13537.170000000002,003101354271-FC-00400055010000071423.PDF,2018,Bondex Plus 25 kg,Adhesivos cerámicos,Material permanente,Saco/bolsa 25 kg,Pisos y enchapes,2,Alta,No,25.0,180.4956
FERRETERIA EPA S.A.,400055010000071423,2026-06-17,Cemento holcim 50,10.0,5862.83,58628.3,003101354271-FC-00400055010000071423.PDF,2019,Cemento gris 50 kg,Cemento y concretos,Material permanente,Saco 50 kg,Cimentación|Estructura|Mampostería|Contrapiso,1,Alta,Sí,50.0,117.2566
FERRETERIA EPA S.A.,400055010000071532,2026-06-18,Cemento holcim 50,10.0,5862.83,58628.3,003101354271-FC-00400055010000071532.PDF,2020,Cemento gris 50 kg,Cemento y concretos,Material permanente,Saco 50 kg,Cimentación|Estructura|Mampostería|Contrapiso,1,Alta,Sí,50.0,117.2566
FERRETERIA EPA S.A.,800052010000012877,2026-06-19,Lona 2x3-14x14 tez,1.0,5644.25,5644.25,003101354271-FC-00800052010000012877.PDF,2021,Lona / protección,Protección de obra,Consumible de obra,Unidad,Múltiples etapas,4,Alta,No,,
FERRETERIA EPA S.A.,800052010000012877,2026-06-19,Alic punt 6 mng pl,1.0,2112.39,2112.39,003101354271-FC-00800052010000012877.PDF,2022,Alic Punt 6 Mng Pl,Otros insumos,Otro registrado,Unidad,Otros,4,Baja,No,,
FERRETERIA EPA S.A.,800052010000012877,2026-06-19,Bungee 121.92cm ni,1.0,3926.55,3926.55,003101354271-FC-00800052010000012877.PDF,2023,Bungee 121.92Cm Ni,Otros insumos,Otro registrado,Unidad,Otros,4,Baja,No,,
FERRETERIA EPA S.A.,800052010000012877,2026-06-19,Navaja 4 plegable,1.0,3712.39,3712.39,003101354271-FC-00800052010000012877.PDF,2024,Consumible / herramienta de obra,Ferretería,Consumible de obra,Unidad,Múltiples etapas,4,Media,No,,
FERRETERIA EPA S.A.,800052010000012877,2026-06-19,Powerade mountain,1.0,1057.52,1057.52,003101354271-FC-00800052010000012877.PDF,2025,Compra no constructiva,No constructivo,No incorporado,Unidad,No aplica,5,Alta,No,,
FERRETERIA EPA S.A.,400055010000071751,2026-06-22,3000 blanco mate 5,1.0,58362.83,58362.83,003101354271-FC-00400055010000071751.PDF,2026,Pintura / recubrimiento,Pintura,Material permanente,Unidad,Pintura,3,Alta,No,,
FERRETERIA EPA S.A.,400055010000071751,2026-06-22,Muro seco gris 20k,4.0,3961.06,15844.24,003101354271-FC-00400055010000071751.PDF,2027,Muro seco 20 kg,Morteros,Material permanente,Unidad,Repello|Cielos y divisiones,2,Alta,No,,
FERRETERIA EPA S.A.,400055010000071749,2026-06-22,Bateria aaa alcal,1.0,2172.57,2172.57,003101354271-FC-00400055010000071749.PDF,2028,Bateria Aaa Alcal,Otros insumos,Otro registrado,Unidad,Otros,4,Baja,No,,
FERRETERIA EPA S.A.,400055010000071827,2026-06-23,Repemax gris hidro,2.0,5128.32,10256.64,003101354271-FC-00400055010000071827.PDF,2029,Mortero repello,Morteros,Material permanente,Unidad,Repello,2,Alta,No,,
FERRETERIA EPA S.A.,400055010000071827,2026-06-23,Mrco flpa 5hil 9,2.0,1500.0,3000.0,003101354271-FC-00400055010000071827.PDF,2030,Mrco Flpa 5Hil 9,Otros insumos,Otro registrado,Unidad,Otros,4,Baja,No,,
FERRETERIA EPA S.A.,400055010000071827,2026-06-23,"Scotch azul 2""x60m",3.0,5381.42,16144.26,003101354271-FC-00400055010000071827.PDF,2031,Cinta masking,Pintura,Consumible de obra,Unidad,Pintura,3,Alta,No,,
FERRETERIA EPA S.A.,400055010000071827,2026-06-23,Felpa antigot 9x1/,4.0,1503.54,6014.16,003101354271-FC-00400055010000071827.PDF,2032,Brocha / felpa pintura,Pintura,Herramienta/equipo,Unidad,Pintura,3,Alta,No,,
FERRETERIA EPA S.A.,400055010000071827,2026-06-23,Natural estandar 3,2.0,1497.35,2994.7,003101354271-FC-00400055010000071827.PDF,2033,Pintura / laca / tinte,Pintura,Material permanente,Unidad,Pintura,3,Alta,No,,
FERRETERIA EPA S.A.,400055010000071827,2026-06-23,Natural estandar 2,1.0,1027.43,1027.43,003101354271-FC-00400055010000071827.PDF,2034,Pintura / laca / tinte,Pintura,Material permanente,Unidad,Pintura,3,Alta,No,,
FERRETERIA EPA S.A.,400055010000071827,2026-06-23,Bonding listo 1gl,1.0,6923.01,6923.01,003101354271-FC-00400055010000071827.PDF,2035,Bondex / adhesivo cementicio 25 kg,Adhesivos cerámicos,Material permanente,Unidad,Pisos y enchapes,2,Alta,No,,
FERRETERIA EPA S.A.,400055010000071827,2026-06-23,Cerradura smart 5m,1.0,45625.66,45625.66,003101354271-FC-00400055010000071827.PDF,2036,Cerrajería,Puertas y cerraduras,Material permanente,Unidad,Puertas,3,Alta,No,,
FERRETERIA EPA S.A.,400055010000071827,2026-06-23,Natural estandar 4,1.0,2173.45,2173.45,003101354271-FC-00400055010000071827.PDF,2037,Pintura / laca / tinte,Pintura,Material permanente,Unidad,Pintura,3,Alta,No,,
FERRETERIA EPA S.A.,400055010000071827,2026-06-23,Cemento holcim 50,5.0,5862.83,29314.15,003101354271-FC-00400055010000071827.PDF,2038,Cemento gris 50 kg,Cemento y concretos,Material permanente,Saco 50 kg,Cimentación|Estructura|Mampostería|Contrapiso,1,Alta,Sí,50.0,117.2566
FERRETERIA EPA S.A.,400090010000023015,2026-06-24,PUERTA LAMINADA TOSCANA WENGUE 75X210CM,1.0,37015.71,37015.71,003101354271-FC-00400090010000023015.PDF,2039,Puerta,Puertas y cerraduras,Material permanente,Unidad,Puertas,3,Alta,No,,
FERRETERIA EPA S.A.,400055010000072005,2026-06-25,Puerta weng 95x210,1.0,37015.93,37015.93,003101354271-FC-00400055010000072005.PDF,2040,Puerta,Puertas y cerraduras,Material permanente,Unidad,Puertas,3,Alta,No,,
FERRETERIA EPA S.A.,400055010000072005,2026-06-25,Puerta weng 80x210,3.0,37015.93,111047.79000000001,003101354271-FC-00400055010000072005.PDF,2041,Puerta,Puertas y cerraduras,Material permanente,Unidad,Puertas,3,Alta,No,,
FERRETERIA EPA S.A.,400055010000072005,2026-06-25,Cerradura cuad niq,5.0,7968.14,39840.700000000004,003101354271-FC-00400055010000072005.PDF,2042,Cerrajería,Puertas y cerraduras,Material permanente,Unidad,Puertas,3,Alta,No,,
FERRETERIA EPA S.A.,400055010000072033,2026-06-26,Lamp. led colgante,1.0,33584.07,33584.07,003101354271-FC-00400055010000072033.PDF,2043,Iluminación LED,Electricidad,Material permanente,Unidad,Iluminación,2,Alta,No,,
FERRETERIA EPA S.A.,400055010000072033,2026-06-26,Colgante dorado 1l,3.0,16061.95,48185.850000000006,003101354271-FC-00400055010000072033.PDF,2044,Luminaria colgante,Electricidad,Material permanente,Envase 1 L,Iluminación,2,Alta,No,,
FERRETERIA EPA S.A.,400055010000072033,2026-06-26,Empotrable redondo,4.0,1249.56,4998.24,003101354271-FC-00400055010000072033.PDF,2045,Luminaria empotrable,Electricidad,Material permanente,Unidad,Iluminación,2,Alta,No,,
FERRETERIA EPA S.A.,400055010000072033,2026-06-26,Empotra redondo le,5.0,2008.85,10044.25,003101354271-FC-00400055010000072033.PDF,2046,Luminaria empotrable,Electricidad,Material permanente,Unidad,Iluminación,2,Alta,No,,
FERRETERIA EPA S.A.,400055010000072033,2026-06-26,Vent led 42 36w,1.0,55747.79,55747.79,003101354271-FC-00400055010000072033.PDF,2047,Iluminación LED,Electricidad,Material permanente,Unidad,Iluminación,2,Alta,No,,
FERRETERIA EPA S.A.,400055010000072033,2026-06-26,Cuadriculado blanc,2.0,11160.18,22320.36,003101354271-FC-00400055010000072033.PDF,2048,Azulejo / revestimiento cerámico,Pisos y enchapes,Material permanente,Unidad,Pisos y enchapes,2,Alta,No,,
FERRETERIA EPA S.A.,400055010000072033,2026-06-26,Acrilico lechoso,2.0,13073.45,26146.9,003101354271-FC-00400055010000072033.PDF,2049,Acrílico / sellador,Selladores,Consumible de obra,Unidad,Acabados,4,Alta,No,,
FERRETERIA EPA S.A.,400055010000072033,2026-06-26,3000 blanco mate 5,1.0,58362.83,58362.83,003101354271-FC-00400055010000072033.PDF,2050,Pintura / recubrimiento,Pintura,Material permanente,Unidad,Pintura,3,Alta,No,,
FERRETERIA EPA S.A.,400055010000072262,2026-06-29,Cable tgp 3x14 ng,12.0,912.39,10948.68,003101354271-FC-00400055010000072262.PDF,2051,Cable eléctrico,Electricidad,Material permanente,Unidad,Instalación eléctrica,2,Alta,No,,
FERRETERIA EPA S.A.,400055010000072262,2026-06-29,Vent led 42 36w,1.0,55747.79,55747.79,003101354271-FC-00400055010000072262.PDF,2052,Iluminación LED,Electricidad,Material permanente,Unidad,Iluminación,2,Alta,No,,
FERRETERIA EPA S.A.,400055010000072262,2026-06-29,Tech led 24w blanc,2.0,12144.25,24288.5,003101354271-FC-00400055010000072262.PDF,2053,Iluminación LED,Electricidad,Material permanente,Unidad,Iluminación,2,Alta,No,,
FERRETERIA EPA S.A.,400055010000072262,2026-06-29,P led sob r. 12w 4,1.0,2492.04,2492.04,003101354271-FC-00400055010000072262.PDF,2054,Iluminación LED,Electricidad,Material permanente,Unidad,Iluminación,2,Alta,No,,
FERRETERIA EPA S.A.,400055010000072262,2026-06-29,Tapa emt rect c hu,4.0,138.94,555.76,003101354271-FC-00400055010000072262.PDF,2055,Accesorio eléctrico EMT,Electricidad,Material permanente,Unidad,Instalación eléctrica,2,Alta,No,,
FERRETERIA EPA S.A.,400055010000072262,2026-06-29,Cinta super 33 3m,1.0,2178.76,2178.76,003101354271-FC-00400055010000072262.PDF,2056,Consumible / herramienta de obra,Ferretería,Consumible de obra,Unidad,Múltiples etapas,4,Media,No,,
FERRETERIA EPA S.A.,400055010000072262,2026-06-29,"Rasp metal 4"" stly",1.0,2880.53,2880.53,003101354271-FC-00400055010000072262.PDF,2057,Metal / perfil (genérico),Estructura metálica,Material permanente,Unidad,Estructura|Cubierta,2,Media,No,,
FERRETERIA EPA S.A.,400055010000072262,2026-06-29,Empotrable redondo,1.0,1249.56,1249.56,003101354271-FC-00400055010000072262.PDF,2058,Luminaria empotrable,Electricidad,Material permanente,Unidad,Iluminación,2,Alta,No,,
FERRETERIA EPA S.A.,400055010000072262,2026-06-29,Empot led 6w fria,1.0,1057.52,1057.52,003101354271-FC-00400055010000072262.PDF,2059,Iluminación LED,Electricidad,Material permanente,Unidad,Iluminación,2,Alta,No,,
FERRETERIA EPA S.A.,400055010000072262,2026-06-29,Cerroj pantalla ta,1.0,60071.68,60071.68,003101354271-FC-00400055010000072262.PDF,2060,Cerrajería,Puertas y cerraduras,Material permanente,Unidad,Puertas,3,Alta,No,,
FERRETERIA EPA S.A.,400055010000072262,2026-06-29,Lamp. led techo ne,1.0,11394.69,11394.69,003101354271-FC-00400055010000072262.PDF,2061,Iluminación LED,Electricidad,Material permanente,Unidad,Iluminación,2,Alta,No,,
FERRETERIA EPA S.A.,400055010000072262,2026-06-29,Mueble baÑo lavama,1.0,50433.63,50433.63,003101354271-FC-00400055010000072262.PDF,2062,Mueble de baño,Sanitarios,Material permanente,Unidad,Aparatos sanitarios,3,Alta,No,,
FERRETERIA EPA S.A.,400055010000072364,2026-06-30,"T.a. 1/2x1/2 "" 60c",4.0,1302.65,5210.6,003101354271-FC-00400055010000072364.PDF,2063,"T.A. 1/2X1/2 "" 60C",Otros insumos,Otro registrado,Unidad,Otros,4,Baja,No,,
FERRETERIA EPA S.A.,400055010000072364,2026-06-30,Aguarras odorless,1.0,8482.3,8482.3,003101354271-FC-00400055010000072364.PDF,2064,Accesorio hidrosanitario (genérico),Plomería,Material permanente,Unidad,Instalaciones hidrosanitarias,2,Media,No,,
FERRETERIA EPA S.A.,400055010000072364,2026-06-30,Llave mm 1/2x1/21/,4.0,2700.0,10800.0,003101354271-FC-00400055010000072364.PDF,2065,Llave / válvula hidráulica,Plomería,Material permanente,Unidad,Instalaciones hidrosanitarias,2,Alta,No,,
FERRETERIA EPA S.A.,400055010000072364,2026-06-30,Anclaje radial 10,5.0,500.88,2504.4,003101354271-FC-00400055010000072364.PDF,2066,Tornillo / fijación,Ferretería,Consumible de obra,Unidad,Múltiples etapas,4,Alta,No,,
FERRETERIA EPA S.A.,400055010000072364,2026-06-30,"Bis zinq 3"" 2mm2p",5.0,1265.49,6327.45,003101354271-FC-00400055010000072364.PDF,2067,Bisagra,Puertas y cerraduras,Material permanente,Unidad,Puertas|Mobiliario,3,Alta,No,,
FERRETERIA EPA S.A.,400055010000072364,2026-06-30,Tope media luna br,1.0,2859.29,2859.29,003101354271-FC-00400055010000072364.PDF,2068,Tope puerta,Puertas y cerraduras,Material permanente,Unidad,Puertas,3,Alta,No,,
FERRETERIA EPA S.A.,400055010000072364,2026-06-30,"Teflon aleman 1/2""",3.0,199.12,597.36,003101354271-FC-00400055010000072364.PDF,2069,Cinta teflón,Plomería,Consumible de obra,Unidad,Instalaciones hidrosanitarias,2,Alta,No,,
FERRETERIA EPA S.A.,400055010000072364,2026-06-30,Bateria aa alcal 8,1.0,1824.78,1824.78,003101354271-FC-00400055010000072364.PDF,2070,Bateria Aa Alcal 8,Otros insumos,Otro registrado,Unidad,Otros,4,Baja,No,,
FERRETERIA EPA S.A.,400055010000072364,2026-06-30,Grif lav fria crpa,2.0,2125.66,4251.32,003101354271-FC-00400055010000072364.PDF,2071,Grifería,Sanitarios,Material permanente,Unidad,Aparatos sanitarios,3,Alta,No,,
FERRETERIA EPA S.A.,400055010000072364,2026-06-30,Desag lav abs/acer,1.0,1436.28,1436.28,003101354271-FC-00400055010000072364.PDF,2072,Accesorio hidrosanitario (genérico),Plomería,Material permanente,Unidad,Instalaciones hidrosanitarias,2,Media,No,,
FERRETERIA EPA S.A.,400055010000072364,2026-06-30,Sifon flex corruga,1.0,1417.7,1417.7,003101354271-FC-00400055010000072364.PDF,2073,Sifón sanitario,Plomería sanitaria,Material permanente,Unidad,Instalación sanitaria,2,Alta,No,,
FERRETERIA EPA S.A.,400055010000072364,2026-06-30,"Multiconst 5/16"" x",1.0,2378.76,2378.76,003101354271-FC-00400055010000072364.PDF,2074,"Multiconst 5/16"" X",Otros insumos,Otro registrado,Unidad,Otros,4,Baja,No,,
FERRETERIA EPA S.A.,400055010000072364,2026-06-30,Ancla pop togg 3/4,4.0,310.62,1242.48,003101354271-FC-00400055010000072364.PDF,2075,Ancla Pop Togg 3/4,Otros insumos,Otro registrado,Unidad,Otros,4,Baja,No,,
FERRETERIA EPA S.A.,400055010000072364,2026-06-30,Anclaje gypsum #8,1.0,167.26,167.26,003101354271-FC-00400055010000072364.PDF,2076,Tornillo / fijación,Ferretería,Consumible de obra,Unidad,Múltiples etapas,4,Alta,No,,
FERRETERIA EPA S.A.,400055010000072364,2026-06-30,"Metal plan 12x2""",1.0,292.92,292.92,003101354271-FC-00400055010000072364.PDF,2077,Metal / perfil (genérico),Estructura metálica,Material permanente,Unidad,Estructura|Cubierta,2,Media,No,,
FERRETERIA EPA S.A.,400055010000072364,2026-06-30,Metal plan 12x1 1,3.0,218.58,655.74,003101354271-FC-00400055010000072364.PDF,2078,Metal / perfil (genérico),Estructura metálica,Material permanente,Unidad,Estructura|Cubierta,2,Media,No,,
FERRETERIA EPA S.A.,400055010000072364,2026-06-30,"Madera 12x2"" 10u",1.0,320.35,320.35,003101354271-FC-00400055010000072364.PDF,2079,Carpintería / herraje (genérico),Carpintería y mobiliario,Material permanente,Unidad,Mobiliario,3,Media,No,,
FERRETERIA EPA S.A.,400055010000072364,2026-06-30,"Madera 12x1 1 2"" 1",3.0,295.58,886.74,003101354271-FC-00400055010000072364.PDF,2080,Carpintería / herraje (genérico),Carpintería y mobiliario,Material permanente,Unidad,Mobiliario,3,Media,No,,
FERRETERIA EPA S.A.,800052010000013539,2026-07-02,Tornillo perno min,33.0,769.03,25377.989999999998,003101354271-FC-00800052010000013539.PDF,2081,Tornillo / fijación,Ferretería,Consumible de obra,Unidad,Múltiples etapas,4,Alta,No,,
FERRETERIA EPA S.A.,800052010000013539,2026-07-02,Herraje minifix 15,33.0,787.61,25991.13,003101354271-FC-00800052010000013539.PDF,2082,Herraje mobiliario,Carpintería y mobiliario,Material permanente,Unidad,Mobiliario,3,Media,No,,
FERRETERIA EPA S.A.,800052010000013539,2026-07-02,Torn ensamb 6x1 1/,4.0,631.86,2527.44,003101354271-FC-00800052010000013539.PDF,2083,Torn Ensamb 6X1 1/,Otros insumos,Otro registrado,Unidad,Otros,4,Baja,No,,
FERRETERIA EPA S.A.,800052010000013539,2026-07-02,Arom arbol royal p,1.0,1166.37,1166.37,003101354271-FC-00800052010000013539.PDF,2084,Arom Arbol Royal P,Otros insumos,Otro registrado,Unidad,Otros,4,Baja,No,,
FERRETERIA EPA S.A.,400055010000072531,2026-07-02,Pegamento multiuso,2.0,4809.73,9619.46,003101354271-FC-00400055010000072531.PDF,2085,Adhesivo multiuso,Adhesivos,Consumible de obra,Unidad,Acabados,4,Alta,No,,
FERRETERIA EPA S.A.,400055010000072531,2026-07-02,3000 blanco mate 5,1.0,60491.15,60491.15,003101354271-FC-00400055010000072531.PDF,2086,Pintura / recubrimiento,Pintura,Material permanente,Unidad,Pintura,3,Alta,No,,
FERRETERIA EPA S.A.,400055010000072531,2026-07-02,Broc palet mader 3,1.0,1484.07,1484.07,003101354271-FC-00400055010000072531.PDF,2087,Carpintería / herraje (genérico),Carpintería y mobiliario,Material permanente,Unidad,Mobiliario,3,Media,No,,
FERRETERIA EPA S.A.,400055010000072531,2026-07-02,Tope media luna do,3.0,2859.29,8577.869999999999,003101354271-FC-00400055010000072531.PDF,2088,Tope puerta,Puertas y cerraduras,Material permanente,Unidad,Puertas,3,Alta,No,,
FERRETERIA EPA S.A.,400055010000072531,2026-07-02,Tope media luna br,1.0,2859.29,2859.29,003101354271-FC-00400055010000072531.PDF,2089,Tope puerta,Puertas y cerraduras,Material permanente,Unidad,Puertas,3,Alta,No,,
FERRETERIA EPA S.A.,400055010000072531,2026-07-02,Cuerda pesca 1.0mm,1.0,1703.54,1703.54,003101354271-FC-00400055010000072531.PDF,2090,Cuerda Pesca 1.0Mm,Otros insumos,Otro registrado,Unidad,Otros,4,Baja,No,,
FERRETERIA EPA S.A.,800048010000014726,2026-07-08,Sencillo 20a 125-2,1.0,1145.13,1145.13,003101354271-FC-00800048010000014726.PDF,2091,Sencillo 20A 125-2,Otros insumos,Otro registrado,Unidad,Otros,4,Baja,No,,
FERRETERIA EPA S.A.,800048010000014726,2026-07-08,"Adap hemb 1/2"" cpv",4.0,1305.31,5221.24,003101354271-FC-00800048010000014726.PDF,2092,"Adap Hemb 1/2"" Cpv",Otros insumos,Otro registrado,Unidad,Otros,4,Baja,No,,
FERRETERIA EPA S.A.,800048010000014726,2026-07-08,Union tr sch40 1/2,4.0,406.19,1624.76,003101354271-FC-00800048010000014726.PDF,2093,Accesorio hidrosanitario (genérico),Plomería,Material permanente,Unidad,Instalaciones hidrosanitarias,2,Media,No,,
FERRETERIA EPA S.A.,800048010000014726,2026-07-08,Repello grueso,12.0,3975.22,47702.64,003101354271-FC-00800048010000014726.PDF,2094,Mortero repello,Morteros,Material permanente,Unidad,Repello,2,Alta,No,,
FERRETERIA EPA S.A.,800048010000014726,2026-07-08,Sifon lav registro,1.0,1294.69,1294.69,003101354271-FC-00800048010000014726.PDF,2095,Sifón sanitario,Plomería sanitaria,Material permanente,Unidad,Instalación sanitaria,2,Alta,No,,
FERRETERIA EPA S.A.,800048010000014726,2026-07-08,Pega pvc 473.1ml 1,1.0,5072.57,5072.57,003101354271-FC-00800048010000014726.PDF,2096,Accesorio hidrosanitario (genérico),Plomería,Material permanente,Unidad,Instalaciones hidrosanitarias,2,Media,No,,
FERRETERIA EPA S.A.,800048010000014726,2026-07-08,Ducha 220v tipo te,1.0,74778.76,74778.76,003101354271-FC-00800048010000014726.PDF,2097,Ducha,Sanitarios,Material permanente,Unidad,Aparatos sanitarios,3,Alta,No,,
FERRETERIA EPA S.A.,800052010000013955,2026-07-09,Cod san 90x1 1 2 p,10.0,703.54,7035.4,003101354271-FC-00800052010000013955.PDF,2098,Codo sanitario,Plomería sanitaria,Material permanente,Unidad,Instalación sanitaria,2,Alta,No,,
FERRETERIA EPA S.A.,800052010000013955,2026-07-09,"Te pvc sch40 1/2""",10.0,138.05,1380.5,003101354271-FC-00800052010000013955.PDF,2099,PVC presión SCH40 1/2 in x 6 m,Plomería potable,Material permanente,Unidad,Agua potable,2,Alta,No,,
FERRETERIA EPA S.A.,800052010000013955,2026-07-09,"Cod sch40 90x1/2""",5.0,137.17,685.8499999999999,003101354271-FC-00800052010000013955.PDF,2100,Accesorio hidrosanitario (genérico),Plomería,Material permanente,Unidad,Instalaciones hidrosanitarias,2,Media,No,,
FERRETERIA EPA S.A.,800052010000013955,2026-07-09,Cinta electrica 5p,1.0,3694.69,3694.69,003101354271-FC-00800052010000013955.PDF,2101,Cinta eléctrica,Electricidad,Consumible de obra,Unidad,Instalación eléctrica,2,Alta,No,,
FERRETERIA EPA S.A.,800052010000013955,2026-07-09,Push-to-open senci,12.0,392.04,4704.4800000000005,003101354271-FC-00800052010000013955.PDF,2102,Herraje mobiliario,Carpintería y mobiliario,Material permanente,Unidad,Mobiliario,3,Media,No,,
FERRETERIA EPA S.A.,800052010000013955,2026-07-09,Tornillo ensamb 6x,2.0,732.74,1465.48,003101354271-FC-00800052010000013955.PDF,2103,Tornillo / fijación,Ferretería,Consumible de obra,Unidad,Múltiples etapas,4,Alta,No,,
FERRETERIA EPA S.A.,800052010000013955,2026-07-09,Cocina 50a 3p-3w,1.0,1604.42,1604.42,003101354271-FC-00800052010000013955.PDF,2104,Enchufe / apagador,Electricidad,Material permanente,Unidad,Instalación eléctrica,2,Alta,No,,
FERRETERIA EPA S.A.,800052010000013955,2026-07-09,Riel push 4.5x40cm,4.0,3480.53,13922.12,003101354271-FC-00800052010000013955.PDF,2105,Riel / soporte mobiliario,Carpintería y mobiliario,Material permanente,Unidad,Mobiliario,3,Alta,No,,
FERRETERIA EPA S.A.,800052010000013955,2026-07-09,Bisagra recta 35 m,12.0,856.64,10279.68,003101354271-FC-00800052010000013955.PDF,2106,Cerrajería,Puertas y cerraduras,Material permanente,Unidad,Puertas,3,Alta,No,,
FERRETERIA EPA S.A.,400055010000073106,2026-07-10,Cocina 50a 3p-3w,1.0,1604.42,1604.42,003101354271-FC-00400055010000073106.PDF,2107,Enchufe / apagador,Electricidad,Material permanente,Unidad,Instalación eléctrica,2,Alta,No,,
FERRETERIA EPA S.A.,400055010000073106,2026-07-10,Pino seco cep 19x9,5.0,1491.15,7455.75,003101354271-FC-00400055010000073106.PDF,2108,Madera pino,Madera,Material/consumible,Unidad,Formaleta|Carpintería,4,Alta,No,,
FERRETERIA EPA S.A.,400055010000073106,2026-07-10,Pino seco cep 19x6,7.0,1151.33,8059.3099999999995,003101354271-FC-00400055010000073106.PDF,2109,Madera pino,Madera,Material/consumible,Unidad,Formaleta|Carpintería,4,Alta,No,,
FERRETERIA EPA S.A.,400055010000073106,2026-07-10,"Tub sdr50 1-1 2"" 6",2.0,5222.12,10444.24,003101354271-FC-00400055010000073106.PDF,2110,Accesorio sanitario genérico,Plomería sanitaria,Material permanente,Unidad,Instalación sanitaria,2,Media,No,,
FERRETERIA EPA S.A.,800052010000014145,2026-07-13,Broca concr 5/8 x,1.0,3814.16,3814.16,003101354271-FC-00800052010000014145.PDF,2111,Herramienta / equipo,Herramientas y equipo,Herramienta/equipo,Unidad,No incorporado,5,Alta,No,,
FERRETERIA EPA S.A.,800052010000014145,2026-07-13,"Hex g2 3 8x2 1 2""",2.0,438.94,877.88,003101354271-FC-00800052010000014145.PDF,2112,"Hex G2 3 8X2 1 2""",Otros insumos,Otro registrado,Unidad,Otros,4,Baja,No,,
FERRETERIA EPA S.A.,800052010000014145,2026-07-13,"Ar presion 3 8"" 10",1.0,274.34,274.34,003101354271-FC-00800052010000014145.PDF,2113,"Ar Presion 3 8"" 10",Otros insumos,Otro registrado,Unidad,Otros,4,Baja,No,,
FERRETERIA EPA S.A.,800052010000014145,2026-07-13,Llave corofija 14,1.0,2230.09,2230.09,003101354271-FC-00800052010000014145.PDF,2114,Accesorio hidrosanitario (genérico),Plomería,Material permanente,Unidad,Instalaciones hidrosanitarias,2,Media,No,,
FERRETERIA EPA S.A.,400055010000073384,2026-07-14,"Te 4"" pd sdr32.5",1.0,5187.61,5187.61,003101354271-FC-00400055010000073384.PDF,2115,Tee sanitaria,Plomería sanitaria,Material permanente,Unidad,Instalación sanitaria,2,Alta,No,,
FERRETERIA EPA S.A.,400055010000073384,2026-07-14,Pata plastica c/n,16.0,287.61,4601.76,003101354271-FC-00400055010000073384.PDF,2116,Herraje mobiliario,Carpintería y mobiliario,Material permanente,Unidad,Mobiliario,3,Media,No,,
FERRETERIA EPA S.A.,400055010000073384,2026-07-14,"Reduccion 4x2"" pd",1.0,2959.29,2959.29,003101354271-FC-00400055010000073384.PDF,2117,Reducción sanitaria,Plomería sanitaria,Material permanente,Unidad,Instalación sanitaria,2,Alta,No,,
FERRETERIA EPA S.A.,400055010000073384,2026-07-14,Anclaje radial 8mm,5.0,448.67,2243.35,003101354271-FC-00400055010000073384.PDF,2118,Tornillo / fijación,Ferretería,Consumible de obra,Unidad,Múltiples etapas,4,Alta,No,,
FERRETERIA EPA S.A.,400055010000073384,2026-07-14,"Gypsum pfl 3"" 12u",2.0,123.01,246.02,003101354271-FC-00400055010000073384.PDF,2119,Lámina gypsum 12 mm,Gypsum y liviano,Material permanente,Unidad,Cielos y divisiones,3,Alta,No,,
FERRETERIA EPA S.A.,400055010000073384,2026-07-14,Decor placa cocina,2.0,723.89,1447.78,003101354271-FC-00400055010000073384.PDF,2120,Decor Placa Cocina,Otros insumos,Otro registrado,Unidad,Otros,4,Baja,No,,
FERRETERIA EPA S.A.,400055010000073384,2026-07-14,Tornillo ensamb 6x,1.0,732.74,732.74,003101354271-FC-00400055010000073384.PDF,2121,Tornillo / fijación,Ferretería,Consumible de obra,Unidad,Múltiples etapas,4,Alta,No,,
FERRETERIA EPA S.A.,400055010000073384,2026-07-14,Caja emt rectangu,15.0,277.88,4168.2,003101354271-FC-00400055010000073384.PDF,2122,Accesorio eléctrico EMT,Electricidad,Material permanente,Unidad,Instalación eléctrica,2,Alta,No,,
FERRETERIA EPA S.A.,400055010000073384,2026-07-14,Cilindro de gas 22,1.0,1142.0,1142.0,003101354271-FC-00400055010000073384.PDF,2123,Gas butano,Consumibles,Consumible de obra,Unidad,Múltiples etapas,4,Alta,No,,
FERRETERIA EPA S.A.,400055010000073384,2026-07-14,Repello grueso,8.0,3975.22,31801.76,003101354271-FC-00400055010000073384.PDF,2124,Mortero repello,Morteros,Material permanente,Unidad,Repello,2,Alta,No,,
FERRETERIA EPA S.A.,400055010000073556,2026-07-16,"Clav co neg 1 1/2""",1.0,7.96,7.96,003101354271-FC-00400055010000073556.PDF,2125,Accesorio hidrosanitario (genérico),Plomería,Material permanente,Unidad,Instalaciones hidrosanitarias,2,Media,No,,
FERRETERIA EPA S.A.,400055010000073556,2026-07-16,"Gypsum pf 7/16"" 50",2.0,236.28,472.56,003101354271-FC-00400055010000073556.PDF,2126,Lámina gypsum 12 mm,Gypsum y liviano,Material permanente,Unidad,Cielos y divisiones,3,Alta,No,,
FERRETERIA EPA S.A.,400055010000073556,2026-07-16,"Gypsum pf 3/4"" 50u",1.0,280.53,280.53,003101354271-FC-00400055010000073556.PDF,2127,Lámina gypsum 12 mm,Gypsum y liviano,Material permanente,Unidad,Cielos y divisiones,3,Alta,No,,
FERRETERIA EPA S.A.,400055010000073556,2026-07-16,Cilindro de gas 22,1.0,1142.0,1142.0,003101354271-FC-00400055010000073556.PDF,2128,Gas butano,Consumibles,Consumible de obra,Unidad,Múltiples etapas,4,Alta,No,,
FERRETERIA EPA S.A.,400055010000073556,2026-07-16,Cemento holcim 50,5.0,5862.83,29314.15,003101354271-FC-00400055010000073556.PDF,2129,Cemento gris 50 kg,Cemento y concretos,Material permanente,Saco 50 kg,Cimentación|Estructura|Mampostería|Contrapiso,1,Alta,Sí,50.0,117.2566
FERRETERIA EPA S.A.,400055010000073556,2026-07-16,Repello grueso,5.0,3975.22,19876.1,003101354271-FC-00400055010000073556.PDF,2130,Mortero repello,Morteros,Material permanente,Unidad,Repello,2,Alta,No,,
FERRETERIA EPA S.A.,400055010000073556,2026-07-16,Soporte telefono,1.0,5330.09,5330.09,003101354271-FC-00400055010000073556.PDF,2131,Carpintería / herraje (genérico),Carpintería y mobiliario,Material permanente,Unidad,Mobiliario,3,Media,No,,
FERRETERIA EPA S.A.,400055010000073625,2026-07-17,"Angular 1x1""x10 03",15.0,292.92,4393.8,003101354271-FC-00400055010000073625.PDF,2132,Angular metálico,Estructura metálica,Material permanente,Unidad,Estructura|Carpintería metálica,2,Alta,No,,
FERRETERIA EPA S.A.,400055010000073625,2026-07-17,Canal cielo 16ft 0,15.0,1130.97,16964.55,003101354271-FC-00400055010000073625.PDF,2133,Cielo suspendido / perfilería,Cielos,Material permanente,Unidad,Cielos y divisiones,4,Alta,No,,
FERRETERIA EPA S.A.,400055010000073625,2026-07-17,Furring 366 0.32,30.0,631.86,18955.8,003101354271-FC-00400055010000073625.PDF,2134,Perfil gypsum furring,Gypsum y liviano,Material permanente,Unidad,Cielos y divisiones,3,Alta,No,,
FERRETERIA EPA S.A.,400055010000073625,2026-07-17,Riel push 4.5x40cm,7.0,3480.53,24363.710000000003,003101354271-FC-00400055010000073625.PDF,2135,Riel / soporte mobiliario,Carpintería y mobiliario,Material permanente,Unidad,Mobiliario,3,Alta,No,,
FERRETERIA EPA S.A.,400055010000073625,2026-07-17,Pata plastica c/n,10.0,287.61,2876.1000000000004,003101354271-FC-00400055010000073625.PDF,2136,Herraje mobiliario,Carpintería y mobiliario,Material permanente,Unidad,Mobiliario,3,Media,No,,
FERRETERIA EPA S.A.,400055010000073625,2026-07-17,Pino seco cep 19x4,6.0,853.1,5118.6,003101354271-FC-00400055010000073625.PDF,2137,Madera pino,Madera,Material/consumible,Unidad,Formaleta|Carpintería,4,Alta,No,,
FERRETERIA EPA S.A.,400055010000073625,2026-07-17,Pvc 60x46x50 cm,2.0,112261.95,224523.9,003101354271-FC-00400055010000073625.PDF,2138,Accesorio hidrosanitario (genérico),Plomería,Material permanente,Unidad,Instalaciones hidrosanitarias,2,Media,No,,
FERRETERIA EPA S.A.,400055010000073860,2026-07-21,"Te 3"" pd sdr32.5",1.0,2421.24,2421.24,003101354271-FC-00400055010000073860.PDF,2139,Tee sanitaria,Plomería sanitaria,Material permanente,Unidad,Instalación sanitaria,2,Alta,No,,
FERRETERIA EPA S.A.,400055010000073860,2026-07-21,"Codo san 90x3""",1.0,1552.21,1552.21,003101354271-FC-00400055010000073860.PDF,2140,Codo sanitario,Plomería sanitaria,Material permanente,Unidad,Instalación sanitaria,2,Alta,No,,
FERRETERIA EPA S.A.,400055010000073860,2026-07-21,Cod san 90x1 1 2 p,4.0,524.78,2099.12,003101354271-FC-00400055010000073860.PDF,2141,Codo sanitario,Plomería sanitaria,Material permanente,Unidad,Instalación sanitaria,2,Alta,No,,
FERRETERIA EPA S.A.,400055010000073860,2026-07-21,Tiro verde 1 100u,1.0,3094.69,3094.69,003101354271-FC-00400055010000073860.PDF,2142,Tiro fijación,Ferretería,Consumible de obra,Unidad,Cielos y divisiones,4,Alta,No,,
FERRETERIA EPA S.A.,400055010000073860,2026-07-21,Clavo explo 1 100u,2.0,1440.71,2881.42,003101354271-FC-00400055010000073860.PDF,2143,Clavo,Ferretería,Consumible de obra,Unidad,Múltiples etapas,4,Alta,No,,
FERRETERIA EPA S.A.,400055010000073860,2026-07-21,Union pvc sch40 1/,10.0,100.88,1008.8,003101354271-FC-00400055010000073860.PDF,2144,Accesorio PVC/CPVC,Plomería,Material permanente,Unidad,Instalaciones hidrosanitarias,2,Alta,No,,
FERRETERIA EPA S.A.,400055010000073860,2026-07-21,Nivel aluminio 18,1.0,1967.26,1967.26,003101354271-FC-00400055010000073860.PDF,2145,Herramienta / equipo,Herramientas y equipo,Herramienta/equipo,Unidad,No incorporado,5,Alta,No,,
FERRETERIA EPA S.A.,400055010000073860,2026-07-21,Nivel de linea sta,1.0,447.79,447.79,003101354271-FC-00400055010000073860.PDF,2146,Herramienta / equipo,Herramientas y equipo,Herramienta/equipo,Unidad,No incorporado,5,Alta,No,,
FERRETERIA EPA S.A.,400055010000073860,2026-07-21,Pega pvc 473.1ml 1,1.0,5072.57,5072.57,003101354271-FC-00400055010000073860.PDF,2147,Accesorio hidrosanitario (genérico),Plomería,Material permanente,Unidad,Instalaciones hidrosanitarias,2,Media,No,,
FERRETERIA EPA S.A.,400055010000073860,2026-07-21,"Tubo sch40 1/2"" 6m",2.0,2840.71,5681.42,003101354271-FC-00400055010000073860.PDF,2148,PVC presión SCH40 1/2 in x 6 m,Plomería potable,Material permanente,Pieza 6 m,Agua potable,2,Alta,No,,
FERRETERIA EPA S.A.,400055010000073860,2026-07-21,"Tubo sdr17 3/4"" 6m",1.0,3295.58,3295.58,003101354271-FC-00400055010000073860.PDF,2149,Tubería PVC / CPVC,Plomería,Material permanente,Pieza 6 m,Instalaciones hidrosanitarias,2,Alta,No,,
FERRETERIA EPA S.A.,400055010000073860,2026-07-21,Elec #1 4.11 2.2x6,1.0,10105.31,10105.31,003101354271-FC-00400055010000073860.PDF,2150,Malla electrosoldada,Acero refuerzo,Material permanente,Unidad,Contrapiso|Estructura,1,Alta,No,,
FERRETERIA EPA S.A.,400055010000073860,2026-07-21,Bebida energet fur,1.0,1057.52,1057.52,003101354271-FC-00400055010000073860.PDF,2151,Compra no constructiva,No constructivo,No incorporado,Unidad,No aplica,5,Alta,No,,
FERRETERIA EPA S.A.,400055010000073849,2026-07-21,Tc plana 1 4x1 3 4,2.0,771.68,1543.36,003101354271-FC-00400055010000073849.PDF,2152,Tc Plana 1 4X1 3 4,Otros insumos,Otro registrado,Unidad,Otros,4,Baja,No,,
FERRETERIA EPA S.A.,400055010000073849,2026-07-21,Bisagra recta 35 m,6.0,856.64,5139.84,003101354271-FC-00400055010000073849.PDF,2153,Cerrajería,Puertas y cerraduras,Material permanente,Unidad,Puertas,3,Alta,No,,
FERRETERIA EPA S.A.,400055010000073849,2026-07-21,Anclaje radial 10,3.0,500.88,1502.6399999999999,003101354271-FC-00400055010000073849.PDF,2154,Tornillo / fijación,Ferretería,Consumible de obra,Unidad,Múltiples etapas,4,Alta,No,,
FERRETERIA EPA S.A.,400055010000073849,2026-07-21,Tarugos 5/16 33pz,2.0,994.69,1989.38,003101354271-FC-00400055010000073849.PDF,2155,Tarugos 5/16 33Pz,Otros insumos,Otro registrado,Unidad,Otros,4,Baja,No,,
FERRETERIA EPA S.A.,400055010000073849,2026-07-21,Tornillo ensamb 6x,2.0,732.74,1465.48,003101354271-FC-00400055010000073849.PDF,2156,Tornillo / fijación,Ferretería,Consumible de obra,Unidad,Múltiples etapas,4,Alta,No,,
FERRETERIA EPA S.A.,400055010000073849,2026-07-21,Cemento contacto 4,1.0,1828.32,1828.32,003101354271-FC-00400055010000073849.PDF,2157,Cemento contacto,Adhesivos,Consumible de obra,Unidad,Carpintería y acabados,4,Alta,No,,
FERRETERIA EPA S.A.,400090010000024594,2026-07-22,LAMINA GYPSUM 12 MM 122X244 CM,18.0,5407.17,97329.06,003101354271-FC-00400090010000024594.PDF,2158,Gypsum 12 mm 1.22x2.44,Gypsum y liviano,Material permanente,Unidad,Cielos y divisiones,3,Alta,No,,
FERRETERIA EPA S.A.,400090010000024593,2026-07-22,ANGULAR C032 MM 1X1 305 CM,8.0,292.66,2341.28,003101354271-FC-00400090010000024593.PDF,2159,Angular metálico,Estructura metálica,Material permanente,Unidad,Estructura|Carpintería metálica,2,Alta,No,,
FERRETERIA EPA S.A.,400090010000024593,2026-07-22,FURRING CHANEL C036 MM 1 14X366 CM,5.0,632.29,3161.45,003101354271-FC-00400090010000024593.PDF,2160,Perfil gypsum furring,Gypsum y liviano,Material permanente,Unidad,Cielos y divisiones,3,Alta,No,,
FERRETERIA EPA S.A.,400090010000024593,2026-07-22,LLANETA LISA 9 X 4,2.0,1415.39,2830.78,003101354271-FC-00400090010000024593.PDF,2161,Herramienta manual,Herramientas y equipo,Herramienta/equipo,Unidad,No incorporado,5,Alta,No,,
FERRETERIA EPA S.A.,400090010000024593,2026-07-22,LLANETA LECHADA 95 X 45,1.0,2794.91,2794.91,003101354271-FC-00400090010000024593.PDF,2162,Herramienta manual,Herramientas y equipo,Herramienta/equipo,Unidad,No incorporado,5,Alta,No,,
FERRETERIA EPA S.A.,400090010000024593,2026-07-22,TORNILLO TORLACK PF 8X12 50U,4.0,176.92,707.68,003101354271-FC-00400090010000024593.PDF,2163,Tornillo / fijación,Ferretería,Consumible de obra,Unidad,Múltiples etapas,4,Alta,No,,
FERRETERIA EPA S.A.,400090010000024593,2026-07-22,TORNILLO PGYPSUM PFL 6X1 50U,4.0,175.25,701.0,003101354271-FC-00400090010000024593.PDF,2164,Tornillo / fijación,Ferretería,Consumible de obra,Unidad,Múltiples etapas,4,Alta,No,,
FERRETERIA EPA S.A.,400090010000024593,2026-07-22,REVESTIMIENTO INTERIOR SUR 15 KG,5.0,3853.94,19269.7,003101354271-FC-00400090010000024593.PDF,2165,Revestimiento,Pintura y revestimientos,Material permanente,Saco/bolsa 15 kg,Acabados,4,Alta,No,15.0,256.9293
FERRETERIA EPA S.A.,400090010000024593,2026-07-22,BEBIDA ENERGETICA FURY 600 ML,1.0,807.1,807.1,003101354271-FC-00400090010000024593.PDF,2166,Compra no constructiva,No constructivo,No incorporado,Unidad,No aplica,5,Alta,No,,
FERRETERIA EPA S.A.,400055010000073991,2026-07-23,Torn ensamb 6x1 1/,2.0,612.39,1224.78,003101354271-FC-00400055010000073991.PDF,2167,Torn Ensamb 6X1 1/,Otros insumos,Otro registrado,Unidad,Otros,4,Baja,No,,
FERRETERIA EPA S.A.,400055010000073991,2026-07-23,"Gypsum pf 1"" 50u",6.0,228.32,1369.92,003101354271-FC-00400055010000073991.PDF,2168,Lámina gypsum 12 mm,Gypsum y liviano,Material permanente,Unidad,Cielos y divisiones,3,Alta,No,,
FERRETERIA EPA S.A.,400055010000073991,2026-07-23,Lija agua 120 3m,8.0,393.81,3150.48,003101354271-FC-00400055010000073991.PDF,2169,Lija,Pintura y acabados,Consumible de obra,Unidad,Acabados,4,Alta,No,,
FERRETERIA EPA S.A.,400055010000074058,2026-07-24,Conec m ul s40 1/2,20.0,263.72,5274.400000000001,003101354271-FC-00400055010000074058.PDF,2170,Conector eléctrico,Electricidad,Material permanente,Unidad,Instalación eléctrica,2,Alta,No,,
FERRETERIA EPA S.A.,400055010000074058,2026-07-24,Tornillo perno min,2.0,754.87,1509.74,003101354271-FC-00400055010000074058.PDF,2171,Tornillo / fijación,Ferretería,Consumible de obra,Unidad,Múltiples etapas,4,Alta,No,,
FERRETERIA EPA S.A.,400055010000074058,2026-07-24,Herraje minifix 15,2.0,776.11,1552.22,003101354271-FC-00400055010000074058.PDF,2172,Herraje mobiliario,Carpintería y mobiliario,Material permanente,Unidad,Mobiliario,3,Media,No,,
FERRETERIA EPA S.A.,800052010000014791,2026-07-24,Careta fotosensibl,1.0,7218.58,7218.58,003101354271-FC-00800052010000014791.PDF,2173,Protección personal,Seguridad obra,Consumible de obra,Unidad,Múltiples etapas,4,Alta,No,,
FERRETERIA EPA S.A.,500056010000050484,2026-07-24,Tpcanto light rock,5.0,138.94,694.7,003101354271-FC-00500056010000050484.PDF,2174,Canto PVC mobiliario,Carpintería y mobiliario,Material permanente,Unidad,Mobiliario,3,Alta,No,,
FERRETERIA EPA S.A.,500056010000050484,2026-07-24,Tapet cara 22x0.45,15.0,109.73,1645.95,003101354271-FC-00500056010000050484.PDF,2175,Tapeta / canto mobiliario,Carpintería y mobiliario,Material permanente,Unidad,Mobiliario,3,Alta,No,,
FERRETERIA EPA S.A.,500056010000050484,2026-07-24,Canto pvc orange d,20.0,137.17,2743.3999999999996,003101354271-FC-00500056010000050484.PDF,2176,Canto PVC mobiliario,Carpintería y mobiliario,Material permanente,Unidad,Mobiliario,3,Alta,No,,
FERRETERIA EPA S.A.,500056010000050484,2026-07-24,Cable tgp 3x12 ng,9.8,1355.75,13286.35,003101354271-FC-00500056010000050484.PDF,2177,Cable eléctrico,Electricidad,Material permanente,Unidad,Instalación eléctrica,2,Alta,No,,
FERRETERIA EPA S.A.,500056010000050484,2026-07-24,Enchufe elevable 3,1.0,29800.0,29800.0,003101354271-FC-00500056010000050484.PDF,2178,Enchufe / apagador,Electricidad,Material permanente,Unidad,Instalación eléctrica,2,Alta,No,,
FERRETERIA EPA S.A.,500056010000050484,2026-07-24,Tapatorsilver 13mm,2.0,402.65,805.3,003101354271-FC-00500056010000050484.PDF,2179,Tapatorsilver 13Mm,Otros insumos,Otro registrado,Unidad,Otros,4,Baja,No,,
FERRETERIA EPA S.A.,500056010000050484,2026-07-24,Conect 18-10awg 6u,6.0,449.56,2697.36,003101354271-FC-00500056010000050484.PDF,2180,Accesorio eléctrico (genérico),Electricidad,Material permanente,Unidad,Instalación eléctrica,2,Media,No,,
FERRETERIA EPA S.A.,500056010000050484,2026-07-24,Cone emt rmex 1/2,10.0,88.5,885.0,003101354271-FC-00500056010000050484.PDF,2181,Accesorio eléctrico EMT,Electricidad,Material permanente,Unidad,Instalación eléctrica,2,Alta,No,,
FERRETERIA EPA S.A.,500056010000050484,2026-07-24,Tapa torni caramel,1.0,2504.42,2504.42,003101354271-FC-00500056010000050484.PDF,2182,Tapa Torni Caramel,Otros insumos,Otro registrado,Unidad,Otros,4,Baja,No,,
FERRETERIA EPA S.A.,500056010000050484,2026-07-24,Revestimiento int,5.0,3853.98,19269.9,003101354271-FC-00500056010000050484.PDF,2183,Revestimiento,Pintura y revestimientos,Material permanente,Unidad,Acabados,4,Alta,No,,
FERRETERIA EPA S.A.,400055010000074083,2026-07-24,Lm blanco 16mm fp,1.0,16367.26,16367.26,003101354271-FC-00400055010000074083.PDF,2184,Lm Blanco 16Mm Fp,Otros insumos,Otro registrado,Unidad,Otros,4,Baja,No,,
FERRETERIA EPA S.A.,400055010000074083,2026-07-24,Canto de pvc 22/0.,15.0,110.62,1659.3000000000002,003101354271-FC-00400055010000074083.PDF,2185,Canto PVC mobiliario,Carpintería y mobiliario,Material permanente,Unidad,Mobiliario,3,Alta,No,,
FERRETERIA EPA S.A.,400055010000074083,2026-07-24,Lav redond trans 4,2.0,20533.63,41067.26,003101354271-FC-00400055010000074083.PDF,2186,Accesorio hidrosanitario (genérico),Plomería,Material permanente,Unidad,Instalaciones hidrosanitarias,2,Media,No,,
FERRETERIA EPA S.A.,400055010000074083,2026-07-24,Fanta kolita 355ml,1.0,526.55,526.55,003101354271-FC-00400055010000074083.PDF,2187,Compra no constructiva,No constructivo,No incorporado,Unidad,No aplica,5,Alta,No,,
FERRETERIA EPA S.A.,800052010000014936,2026-07-27,Punta para atornil,1.0,1376.99,1376.99,003101354271-FC-00800052010000014936.PDF,2188,Punta Para Atornil,Otros insumos,Otro registrado,Unidad,Otros,4,Baja,No,,
FERRETERIA EPA S.A.,800052010000014936,2026-07-27,Cubo magnetico tec,2.0,1266.37,2532.74,003101354271-FC-00800052010000014936.PDF,2189,Cubo Magnetico Tec,Otros insumos,Otro registrado,Unidad,Otros,4,Baja,No,,
FERRETERIA EPA S.A.,800052010000014936,2026-07-27,"Gypsum pb 1 1/4"" 5",4.0,334.51,1338.04,003101354271-FC-00800052010000014936.PDF,2190,Lámina gypsum 12 mm,Gypsum y liviano,Material permanente,Unidad,Cielos y divisiones,3,Alta,No,,
FERRETERIA EPA S.A.,400055010000074303,2026-07-28,Lija agua 220 3m,6.0,343.36,2060.16,003101354271-FC-00400055010000074303.PDF,2191,Lija,Pintura y acabados,Consumible de obra,Unidad,Acabados,4,Alta,No,,
FERRETERIA EPA S.A.,400055010000074303,2026-07-28,Lija agua 180 3m,7.0,387.61,2713.27,003101354271-FC-00400055010000074303.PDF,2192,Lija,Pintura y acabados,Consumible de obra,Unidad,Acabados,4,Alta,No,,
FERRETERIA EPA S.A.,400055010000074303,2026-07-28,Canto de pvc 22/0.,3.0,110.62,331.86,003101354271-FC-00400055010000074303.PDF,2193,Canto PVC mobiliario,Carpintería y mobiliario,Material permanente,Unidad,Mobiliario,3,Alta,No,,
FERRETERIA EPA S.A.,400055010000074303,2026-07-28,Enchufe 50a 125 25,2.0,2088.5,4177.0,003101354271-FC-00400055010000074303.PDF,2194,Enchufe / apagador,Electricidad,Material permanente,Unidad,Instalación eléctrica,2,Alta,No,,
FERRETERIA EPA S.A.,400055010000074303,2026-07-28,Cemento contacto 4,1.0,1792.04,1792.04,003101354271-FC-00400055010000074303.PDF,2195,Cemento contacto,Adhesivos,Consumible de obra,Unidad,Carpintería y acabados,4,Alta,No,,
FERRETERIA EPA S.A.,400055010000074303,2026-07-28,Tapa torn blanco,1.0,2738.94,2738.94,003101354271-FC-00400055010000074303.PDF,2196,Tapa Torn Blanco,Otros insumos,Otro registrado,Unidad,Otros,4,Baja,No,,
FERRETERIA EPA S.A.,400055010000074303,2026-07-28,Grif lav mez crpal,2.0,16677.88,33355.76,003101354271-FC-00400055010000074303.PDF,2197,Grifería,Sanitarios,Material permanente,Unidad,Aparatos sanitarios,3,Alta,No,,
FERRETERIA EPA S.A.,400055010000074303,2026-07-28,Cerrojo sencillo b,1.0,3387.61,3387.61,003101354271-FC-00400055010000074303.PDF,2198,Cerrajería,Puertas y cerraduras,Material permanente,Unidad,Puertas,3,Alta,No,,
FERRETERIA EPA S.A.,400055010000074303,2026-07-28,Skin 2 tablero 100,1.0,17509.73,17509.73,003101354271-FC-00400055010000074303.PDF,2199,Melamina / tablero,Carpintería y mobiliario,Material permanente,Unidad,Mobiliario,3,Alta,No,,
FERRETERIA EPA S.A.,400055010000074303,2026-07-28,Bat pino 11x38mm,2.0,1605.31,3210.62,003101354271-FC-00400055010000074303.PDF,2200,Madera pino,Madera,Material/consumible,Unidad,Formaleta|Carpintería,4,Alta,No,,
FERRETERIA EPA S.A.,400055010000074303,2026-07-28,M pino 20mmx70mm 1,1.0,5230.09,5230.09,003101354271-FC-00400055010000074303.PDF,2201,Madera pino,Madera,Material/consumible,Unidad,Formaleta|Carpintería,4,Alta,No,,
FERRETERIA EPA S.A.,400055010000074303,2026-07-28,"Bis zinq 3"" 2mm2p",1.0,1254.87,1254.87,003101354271-FC-00400055010000074303.PDF,2202,Bisagra,Puertas y cerraduras,Material permanente,Unidad,Puertas|Mobiliario,3,Alta,No,,
FERRETERIA EPA S.A.,400055010000074437,2026-07-30,Cocina 50a 3p-3w,1.0,1604.42,1604.42,003101354271-FC-00400055010000074437.PDF,2203,Enchufe / apagador,Electricidad,Material permanente,Unidad,Instalación eléctrica,2,Alta,No,,
FERRETERIA EPA S.A.,400055010000074437,2026-07-30,"Cinta 2""x250ft",2.0,881.42,1762.84,003101354271-FC-00400055010000074437.PDF,2204,Consumible / herramienta de obra,Ferretería,Consumible de obra,Unidad,Múltiples etapas,4,Media,No,,
FERRETERIA EPA S.A.,400055010000074437,2026-07-30,Cinta papel 2x250f,1.0,1062.83,1062.83,003101354271-FC-00400055010000074437.PDF,2205,Consumible / herramienta de obra,Ferretería,Consumible de obra,Unidad,Múltiples etapas,4,Media,No,,
FERRETERIA EPA S.A.,400055010000074437,2026-07-30,"Gypsum pf 6x1 1/4""",2.0,1509.73,3019.46,003101354271-FC-00400055010000074437.PDF,2206,Lámina gypsum 12 mm,Gypsum y liviano,Material permanente,Unidad,Cielos y divisiones,3,Alta,No,,
FERRETERIA EPA S.A.,400055010000074437,2026-07-30,Conec m ul s40 1/2,20.0,263.72,5274.400000000001,003101354271-FC-00400055010000074437.PDF,2207,Conector eléctrico,Electricidad,Material permanente,Unidad,Instalación eléctrica,2,Alta,No,,
FERRETERIA EPA S.A.,400055010000074437,2026-07-30,Altavoz-cargador,1.0,15116.81,15116.81,003101354271-FC-00400055010000074437.PDF,2208,Compra no constructiva,No constructivo,No incorporado,Unidad,No aplica,5,Alta,No,,
FERRETERIA EPA S.A.,400055010000074437,2026-07-30,Pasta gypsum 5gal,1.0,14306.19,14306.19,003101354271-FC-00400055010000074437.PDF,2209,Pasta / masilla gypsum,Gypsum y liviano,Material permanente,Envase 5 gal,Cielos y divisiones,3,Alta,No,,
FERRETERIA EPA S.A.,500090010000047481,2026-08-01,CORTE MELAMINA POR METRO Os,371.0,141.59,52529.89,003101354271-FC-00500090010000047481.PDF,2210,Melamina,Carpintería y mobiliario,Material permanente,Unidad,Mobiliario,3,Alta,No,,
FERRETERIA EPA S.A.,500090010000047481,2026-08-01,METRO LINEAL TAPETEO Os,512.0,194.69,99681.28,003101354271-FC-00500090010000047481.PDF,2211,Corte / mecanizado mobiliario,Carpintería y mobiliario,Servicio,Unidad,Mobiliario,3,Alta,No,,
FERRETERIA EPA S.A.,500090010000047481,2026-08-01,TPCANTO NEGRA 22X15 MM,267.0,337.37,90077.79000000001,003101354271-FC-00500090010000047481.PDF,2212,Canto PVC mobiliario,Carpintería y mobiliario,Material permanente,Unidad,Mobiliario,3,Alta,No,,
FERRETERIA EPA S.A.,500090010000047481,2026-08-01,CANTO DE PVC 192MM CP10116 COLOR LINO C,245.0,339.75,83238.75,003101354271-FC-00500090010000047481.PDF,2213,Canto PVC mobiliario,Carpintería y mobiliario,Material permanente,Unidad,Mobiliario,3,Alta,No,,
FERRETERIA EPA S.A.,500090010000047481,2026-08-01,KIT MECANIZADO Os,22.0,1659.29,36504.38,003101354271-FC-00500090010000047481.PDF,2214,Corte / mecanizado mobiliario,Carpintería y mobiliario,Servicio,Unidad,Mobiliario,3,Alta,No,,
FERRETERIA EPA S.A.,800052010000015391,2026-08-03,Guante punto palma,3.0,415.04,1245.1200000000001,003101354271-FC-00800052010000015391.PDF,2215,EPP / protección,Seguridad obra,Consumible de obra,Unidad,Múltiples etapas,4,Alta,No,,
FERRETERIA EPA S.A.,800052010000015391,2026-08-03,Guante poliester s,1.0,538.94,538.94,003101354271-FC-00800052010000015391.PDF,2216,EPP / protección,Seguridad obra,Consumible de obra,Unidad,Múltiples etapas,4,Alta,No,,
FERRETERIA EPA S.A.,800052010000015391,2026-08-03,"4pack brochas 3""",1.0,4820.35,4820.35,003101354271-FC-00800052010000015391.PDF,2217,Consumible / herramienta de obra,Ferretería,Consumible de obra,Unidad,Múltiples etapas,4,Media,No,,
FERRETERIA EPA S.A.,800052010000015391,2026-08-03,Lija mader #120 9x,8.0,176.99,1415.92,003101354271-FC-00800052010000015391.PDF,2218,Lija,Pintura y acabados,Consumible de obra,Unidad,Acabados,4,Alta,No,,
FERRETERIA EPA S.A.,800052010000015391,2026-08-03,Lija madera #80 9x,7.0,186.73,1307.11,003101354271-FC-00800052010000015391.PDF,2219,Lija,Pintura y acabados,Consumible de obra,Unidad,Acabados,4,Alta,No,,
FERRETERIA EPA S.A.,800052010000015391,2026-08-03,Cemento holcim 50,2.0,5862.83,11725.66,003101354271-FC-00800052010000015391.PDF,2220,Cemento gris 50 kg,Cemento y concretos,Material permanente,Saco 50 kg,Cimentación|Estructura|Mampostería|Contrapiso,1,Alta,Sí,50.0,117.2566
FERRETERIA EPA S.A.,400055010000074675,2026-08-03,Kit inicio cargado,1.0,16684.07,16684.07,003101354271-FC-00400055010000074675.PDF,2221,Kit Inicio Cargado,Otros insumos,Otro registrado,Unidad,Otros,4,Baja,No,,
FERRETERIA EPA S.A.,400055010000074675,2026-08-03,Cemento holcim 50,3.0,5862.83,17588.489999999998,003101354271-FC-00400055010000074675.PDF,2222,Cemento gris 50 kg,Cemento y concretos,Material permanente,Saco 50 kg,Cimentación|Estructura|Mampostería|Contrapiso,1,Alta,Sí,50.0,117.2566
FERRETERIA EPA S.A.,400090010000025355,2026-08-04,LAMINA DENSGLASS 12 MM 122X244 CM,3.0,14780.4,44341.2,003101354271-FC-00400090010000025355.PDF,2223,Densglass 12 mm,Gypsum y liviano,Material permanente,Unidad,Fachada|Cielos y divisiones,3,Alta,No,,
FERRETERIA EPA S.A.,400090010000025355,2026-08-04,TORNILLO PGYPSUM PB 6X1 14 50U,4.0,334.08,1336.32,003101354271-FC-00400090010000025355.PDF,2224,Tornillo / fijación,Ferretería,Consumible de obra,Unidad,Múltiples etapas,4,Alta,No,,
FERRETERIA EPA S.A.,400090010000025355,2026-08-04,T PRINCIPAL CIELO SUSPENDIDO 366 M,2.0,1352.37,2704.74,003101354271-FC-00400090010000025355.PDF,2225,Cielo suspendido / perfilería,Cielos,Material permanente,Unidad,Cielos y divisiones,4,Alta,No,,
FERRETERIA EPA S.A.,400090010000025355,2026-08-04,TAPA EMT CUADRADA CON HUECO,10.0,146.34,1463.4,003101354271-FC-00400090010000025355.PDF,2226,Accesorio eléctrico EMT,Electricidad,Material permanente,Unidad,Instalación eléctrica,2,Alta,No,,
FERRETERIA EPA S.A.,400090010000025355,2026-08-04,REVESTIMIENTO INTERIOR SUR 15 KG,1.0,3853.94,3853.94,003101354271-FC-00400090010000025355.PDF,2227,Revestimiento,Pintura y revestimientos,Material permanente,Saco/bolsa 15 kg,Acabados,4,Alta,No,15.0,256.9293
FERRETERIA EPA S.A.,400090010000025355,2026-08-04,LAMINA VERDE MOLD TOUGH 12 MM 122X244 CM,2.0,7735.41,15470.82,003101354271-FC-00400090010000025355.PDF,2228,Lámina gypsum 12 mm,Gypsum y liviano,Material permanente,Unidad,Cielos y divisiones,3,Alta,No,,
FERRETERIA EPA S.A.,400090010000025355,2026-08-04,CAJA EMT OCTO 16 MM 12-34 UL,4.0,362.32,1449.28,003101354271-FC-00400090010000025355.PDF,2229,Accesorio eléctrico EMT,Electricidad,Material permanente,Unidad,Instalación eléctrica,2,Alta,No,,
FERRETERIA EPA S.A.,400055010000074817,2026-08-05,Pasta gypsum 5gal,2.0,13915.04,27830.08,003101354271-FC-00400055010000074817.PDF,2230,Pasta / masilla gypsum,Gypsum y liviano,Material permanente,Envase 5 gal,Cielos y divisiones,3,Alta,No,,
FERRETERIA EPA S.A.,400055010000074817,2026-08-05,Sifon lav registro,2.0,1318.58,2637.16,003101354271-FC-00400055010000074817.PDF,2231,Sifón sanitario,Plomería sanitaria,Material permanente,Unidad,Instalación sanitaria,2,Alta,No,,
FERRETERIA EPA S.A.,400055010000074817,2026-08-05,Hi c te limon 330m,1.0,530.97,530.97,003101354271-FC-00400055010000074817.PDF,2232,Hi C Te Limon 330M,Otros insumos,Otro registrado,Unidad,Otros,4,Baja,No,,
FERRETERIA EPA S.A.,400055010000074817,2026-08-05,Hi c frutas 330ml,1.0,438.05,438.05,003101354271-FC-00400055010000074817.PDF,2233,Compra no constructiva,No constructivo,No incorporado,Unidad,No aplica,5,Alta,No,,
FERRETERIA EPA S.A.,300054010000062070,2026-08-06,Felpa antigot 9x1/,3.0,1482.3,4446.9,003101354271-FC-00300054010000062070.PDF,2234,Brocha / felpa pintura,Pintura,Herramienta/equipo,Unidad,Pintura,3,Alta,No,,
FERRETERIA EPA S.A.,300054010000062070,2026-08-06,"Te pvc sch40 1/2""",2.0,127.43,254.86,003101354271-FC-00300054010000062070.PDF,2235,PVC presión SCH40 1/2 in x 6 m,Plomería potable,Material permanente,Unidad,Agua potable,2,Alta,No,,
FERRETERIA EPA S.A.,300054010000062070,2026-08-06,Mrco flpa 5hil 9,1.0,2000.0,2000.0,003101354271-FC-00300054010000062070.PDF,2236,Mrco Flpa 5Hil 9,Otros insumos,Otro registrado,Unidad,Otros,4,Baja,No,,
FERRETERIA EPA S.A.,300054010000062070,2026-08-06,"Cod sch40 90x1/2""",5.0,137.17,685.8499999999999,003101354271-FC-00300054010000062070.PDF,2237,Accesorio hidrosanitario (genérico),Plomería,Material permanente,Unidad,Instalaciones hidrosanitarias,2,Media,No,,
FERRETERIA EPA S.A.,300054010000062070,2026-08-06,Union pvc sch40 1/,5.0,100.88,504.4,003101354271-FC-00300054010000062070.PDF,2238,Accesorio PVC/CPVC,Plomería,Material permanente,Unidad,Instalaciones hidrosanitarias,2,Alta,No,,
FERRETERIA EPA S.A.,300054010000062070,2026-08-06,Lija agua #180 9x1,12.0,182.3,2187.6000000000004,003101354271-FC-00300054010000062070.PDF,2239,Lija,Pintura y acabados,Consumible de obra,Unidad,Acabados,4,Alta,No,,
FERRETERIA EPA S.A.,300054010000062070,2026-08-06,Seal blk blnc mt 5,3.0,61017.7,183053.09999999998,003101354271-FC-00300054010000062070.PDF,2240,Sellador concreto,Pintura,Material permanente,Unidad,Pintura,3,Alta,No,,
FERRETERIA EPA S.A.,300054010000062070,2026-08-06,Domus seal blanco,1.0,37511.5,37511.5,003101354271-FC-00300054010000062070.PDF,2241,Sellador concreto,Pintura,Material permanente,Unidad,Pintura,3,Alta,No,,
FERRETERIA EPA S.A.,800052010000015693,2026-08-08,Thhn eco #6 blanco,1.0,1474.34,1474.34,003101354271-FC-00800052010000015693.PDF,2242,Cable eléctrico,Electricidad,Material permanente,Unidad,Instalación eléctrica,2,Alta,No,,
FERRETERIA EPA S.A.,800052010000015693,2026-08-08,Thhn eco #4 rojo,2.0,2363.72,4727.44,003101354271-FC-00800052010000015693.PDF,2243,Cable eléctrico,Electricidad,Material permanente,Unidad,Instalación eléctrica,2,Alta,No,,
FERRETERIA EPA S.A.,800052010000015693,2026-08-08,"Teflon aleman 1/2""",1.0,199.12,199.12,003101354271-FC-00800052010000015693.PDF,2244,Cinta teflón,Plomería,Consumible de obra,Unidad,Instalaciones hidrosanitarias,2,Alta,No,,
FERRETERIA EPA S.A.,800052010000015693,2026-08-08,Compresion 4awg,5.0,1059.29,5296.45,003101354271-FC-00800052010000015693.PDF,2245,Accesorio eléctrico,Electricidad,Material permanente,Unidad,Instalación eléctrica,2,Alta,No,,
FERRETERIA EPA S.A.,800052010000015693,2026-08-08,"Cobre 5/16"" cab 6a",1.0,137.17,137.17,003101354271-FC-00800052010000015693.PDF,2246,"Cobre 5/16"" Cab 6A",Otros insumos,Otro registrado,Unidad,Otros,4,Baja,No,,
FERRETERIA EPA S.A.,800052010000015693,2026-08-08,"Cobre 1/4"" cab 8aw",1.0,123.89,123.89,003101354271-FC-00800052010000015693.PDF,2247,"Cobre 1/4"" Cab 8Aw",Otros insumos,Otro registrado,Unidad,Otros,4,Baja,No,,
FERRETERIA EPA S.A.,800052010000015693,2026-08-08,"Estufa r 1 4x1 2""",1.0,612.39,612.39,003101354271-FC-00800052010000015693.PDF,2248,"Estufa R 1 4X1 2""",Otros insumos,Otro registrado,Unidad,Otros,4,Baja,No,,
FERRETERIA EPA S.A.,800052010000015725,2026-08-08,T.a. 1/2x1/2 40cm,1.0,1699.12,1699.12,003101354271-FC-00800052010000015725.PDF,2249,T.A. 1/2X1/2 40Cm,Otros insumos,Otro registrado,Unidad,Otros,4,Baja,No,,
FERRETERIA EPA S.A.,800051010000019507,2026-08-09,Poxilina 38ml,1.0,1958.41,1958.41,003101354271-FC-00800051010000019507.PDF,2250,Poxilina 38Ml,Otros insumos,Otro registrado,Unidad,Otros,4,Baja,No,,
FERRETERIA EPA S.A.,800052010000015750,2026-08-09,"T.a. 1/2x1/2 "" 60c",1.0,1277.88,1277.88,003101354271-FC-00800052010000015750.PDF,2251,"T.A. 1/2X1/2 "" 60C",Otros insumos,Otro registrado,Unidad,Otros,4,Baja,No,,
FERRETERIA EPA S.A.,800052010000015750,2026-08-09,Llav ctr ang 1/2 x,1.0,3303.54,3303.54,003101354271-FC-00800052010000015750.PDF,2252,Accesorio hidrosanitario (genérico),Plomería,Material permanente,Unidad,Instalaciones hidrosanitarias,2,Media,No,,
FERRETERIA EPA S.A.,800052010000015816,2026-08-10,Plasterbond con 1l,1.0,3610.62,3610.62,003101354271-FC-00800052010000015816.PDF,2253,Adhesivo / sellador,Adhesivos y selladores,Consumible de obra,Envase 1 L,Acabados,4,Alta,No,,
FERRETERIA EPA S.A.,400090010000025694,2026-08-10,MELAMINA NEGRA RH 19MM 280X207 CM,4.0,35083.72,140334.88,003101354271-FC-00400090010000025694.PDF,2254,Melamina,Carpintería y mobiliario,Material permanente,Unidad,Mobiliario,3,Alta,No,,
FERRETERIA EPA S.A.,400090010000025694,2026-08-10,MELAMINA 4 X 8 16MM BEIGE TEXTIL,1.0,14158.35,14158.35,003101354271-FC-00400090010000025694.PDF,2255,Melamina,Carpintería y mobiliario,Material permanente,Unidad,Mobiliario,3,Alta,No,,
FERRETERIA EPA S.A.,800052010000015772,2026-08-10,Tub abst 1/2x100cm,1.0,4214.16,4214.16,003101354271-FC-00800052010000015772.PDF,2256,Manguera / abasto flexible,Plomería,Material permanente,Unidad,Instalaciones hidrosanitarias,2,Alta,No,,
FERRETERIA EPA S.A.,800052010000015772,2026-08-10,Pega pvc 25g azul,1.0,664.6,664.6,003101354271-FC-00800052010000015772.PDF,2257,Accesorio hidrosanitario (genérico),Plomería,Material permanente,Unidad,Instalaciones hidrosanitarias,2,Media,No,,
FERRETERIA EPA S.A.,800052010000015772,2026-08-10,"Niple hg 1/2"" x 2""",1.0,124.78,124.78,003101354271-FC-00800052010000015772.PDF,2258,Niple / accesorio HG,Plomería,Material permanente,Unidad,Instalaciones hidrosanitarias,2,Alta,No,,
FERRETERIA EPA S.A.,800052010000015772,2026-08-10,"Union senc hg 1/2""",1.0,248.67,248.67,003101354271-FC-00800052010000015772.PDF,2259,Accesorio hidrosanitario (genérico),Plomería,Material permanente,Unidad,Instalaciones hidrosanitarias,2,Media,No,,
FERRETERIA EPA S.A.,800052010000015772,2026-08-10,Adapta m sch40 1/2,1.0,99.12,99.12,003101354271-FC-00800052010000015772.PDF,2260,Accesorio hidrosanitario (genérico),Plomería,Material permanente,Unidad,Instalaciones hidrosanitarias,2,Media,No,,
FERRETERIA EPA S.A.,400055010000075220,2026-08-11,Cortad ceram 24,1.0,23956.64,23956.64,003101354271-FC-00400055010000075220.PDF,2261,Herramienta eléctrica,Herramientas y equipo,Herramienta/equipo,Unidad,No incorporado,5,Alta,No,,
FERRETERIA EPA S.A.,400055010000075220,2026-08-11,Bases niveladoras,4.0,1185.84,4743.36,003101354271-FC-00400055010000075220.PDF,2262,Herramienta / equipo,Herramientas y equipo,Herramienta/equipo,Unidad,No incorporado,5,Alta,No,,
FERRETERIA EPA S.A.,400055010000075220,2026-08-11,"4-1 2"" continuo",1.0,3032.74,3032.74,003101354271-FC-00400055010000075220.PDF,2263,"4-1 2"" Continuo",Otros insumos,Otro registrado,Unidad,Otros,4,Baja,No,,
FERRETERIA EPA S.A.,400055010000075220,2026-08-11,Nivel aluminio 24,1.0,2573.45,2573.45,003101354271-FC-00400055010000075220.PDF,2264,Herramienta / equipo,Herramientas y equipo,Herramienta/equipo,Unidad,No incorporado,5,Alta,No,,
FERRETERIA EPA S.A.,400055010000075220,2026-08-11,Corn blanc prem,3.0,2745.13,8235.39,003101354271-FC-00400055010000075220.PDF,2265,Cornisa PVC,Acabados,Material permanente,Unidad,Cielos y divisiones|Acabados,4,Alta,No,,
FERRETERIA EPA S.A.,400055010000075220,2026-08-11,Rodapie pvc 15x400,2.0,8097.35,16194.7,003101354271-FC-00400055010000075220.PDF,2266,Rodapié,Pisos y enchapes,Material permanente,Unidad,Pisos y enchapes,2,Alta,No,,
FERRETERIA EPA S.A.,400055010000075200,2026-08-11,Lija agua 180 3m,10.0,386.73,3867.3,003101354271-FC-00400055010000075200.PDF,2267,Lija,Pintura y acabados,Consumible de obra,Unidad,Acabados,4,Alta,No,,
FERRETERIA EPA S.A.,400055010000075200,2026-08-11,Mazo hul ng 16oz m,1.0,2301.77,2301.77,003101354271-FC-00400055010000075200.PDF,2268,Mazo Hul Ng 16Oz M,Otros insumos,Otro registrado,Unidad,Otros,4,Baja,No,,
FERRETERIA EPA S.A.,400055010000075267,2026-08-12,Caja kit lavadora,1.0,11219.47,11219.47,003101354271-FC-00400055010000075267.PDF,2269,Accesorio lavadora / icemaker,Plomería,Material permanente,Unidad,Instalaciones hidrosanitarias,2,Alta,No,,
FERRETERIA EPA S.A.,400055010000075267,2026-08-12,Bondex plus 25 kg,10.0,4862.83,48628.3,003101354271-FC-00400055010000075267.PDF,2270,Bondex Plus 25 kg,Adhesivos cerámicos,Material permanente,Saco/bolsa 25 kg,Pisos y enchapes,2,Alta,No,25.0,194.5132
FERRETERIA EPA S.A.,400055010000075267,2026-08-12,Seal blk blnc mt 5,1.0,61017.7,61017.7,003101354271-FC-00400055010000075267.PDF,2271,Sellador concreto,Pintura,Material permanente,Unidad,Pintura,3,Alta,No,,
FERRETERIA EPA S.A.,400055010000075267,2026-08-12,Esq int alto cauda,1.0,3449.56,3449.56,003101354271-FC-00400055010000075267.PDF,2272,Esquina canoa alto caudal,Plomería pluvial,Material permanente,Unidad,Cubierta|Pluvial,4,Alta,No,,
FERRETERIA EPA S.A.,400055010000075267,2026-08-12,Esq ext can alto c,1.0,3428.32,3428.32,003101354271-FC-00400055010000075267.PDF,2273,Esq Ext Can Alto C,Otros insumos,Otro registrado,Unidad,Otros,4,Baja,No,,
FERRETERIA EPA S.A.,400055010000075267,2026-08-12,Repello grueso,1.0,3783.19,3783.19,003101354271-FC-00400055010000075267.PDF,2274,Mortero repello,Morteros,Material permanente,Unidad,Repello,2,Alta,No,,
FERRETERIA EPA S.A.,400055010000075267,2026-08-12,Cemento holcim 50,4.0,5862.83,23451.32,003101354271-FC-00400055010000075267.PDF,2275,Cemento gris 50 kg,Cemento y concretos,Material permanente,Saco 50 kg,Cimentación|Estructura|Mampostería|Contrapiso,1,Alta,Sí,50.0,117.2566
FERRETERIA EPA S.A.,400090010000025881,2026-08-12,MORTERO BONDEX PLUS CERAMICAPORCE 25 KG,10.0,4862.83,48628.3,003101354271-FC-00400090010000025881.PDF,2276,Bondex Plus 25 kg,Adhesivos cerámicos,Material permanente,Saco/bolsa 25 kg,Pisos y enchapes,2,Alta,No,25.0,194.5132
FERRETERIA EPA S.A.,800052010000015973,2026-08-13,Fino grafito 2kg,5.0,1541.59,7707.95,003101354271-FC-00800052010000015973.PDF,2277,Fragüa / grout fino,Pisos y enchapes,Material permanente,Saco/bolsa 2 kg,Pisos y enchapes,2,Alta,No,2.0,770.795
FERRETERIA EPA S.A.,800052010000015973,2026-08-13,Super coat deep sa,1.0,3823.89,3823.89,003101354271-FC-00800052010000015973.PDF,2278,Pintura / recubrimiento,Pintura,Material permanente,Unidad,Pintura,3,Alta,No,,
INVERSIONES BOZZA,100001010000002959,2025-04-04,"1151 PISO PORC. PURE CREAM JS6800, 60X60CM, 1.44M2, PRIMERA",95.04,3982.3,378477.792,INVERSIONES BOZZA/2025-07-04_FE00100001010000002959.PDF,2279,Porcelanato / piso,Pisos y enchapes,Material permanente,Caja 1.44 m²,Pisos y enchapes,2,Alta,No,,
INVERSIONES BOZZA,100001010000003531,2025-07-04,10099 MORTERO 20KG PEGA PORCELANATO NORQUI,50.0,3716.81,185840.5,INVERSIONES BOZZA/2025-07-04_FE00100001010000003531.PDF,2280,Adhesivo cerámico,Adhesivos cerámicos,Material permanente,Saco/bolsa 20 kg,Pisos y enchapes,2,Alta,No,20.0,185.8405
INVERSIONES BOZZA,100001010000003531,2025-07-04,10798 FRAGUA 3KG GRIS OSC FINA,9.0,2646.01,23814.090000000004,INVERSIONES BOZZA/2025-07-04_FE00100001010000003531.PDF,2281,Fragüa 3 kg,Pisos y enchapes,Material permanente,Saco/bolsa 3 kg,Pisos y enchapes,2,Alta,No,3.0,882.0033
INVERSIONES BOZZA,100001010000003588,2025-07-14,"10553 PISO PIZARRA SILVER, 29.2X58.5, 1.37M2, 8PZS",19.18,8672.56,166339.7008,INVERSIONES BOZZA/2025-07-14_FE00100001010000003588.PDF,2282,Porcelanato / piso,Pisos y enchapes,Material permanente,Caja 1.37 m²,Pisos y enchapes,2,Alta,No,,
INVERSIONES BOZZA,100001010000003588,2025-07-14,10797 FRAGUA 3KG GRIS CLARO FINA,10.0,2646.01,26460.100000000002,INVERSIONES BOZZA/2025-07-14_FE00100001010000003588.PDF,2283,Fragüa 3 kg,Pisos y enchapes,Material permanente,Saco/bolsa 3 kg,Pisos y enchapes,2,Alta,No,3.0,882.0033
INVERSIONES BOZZA,100001010000003629,2025-07-18,10983 PORC 58.5X58.5 ARDESIA ANTRACITA 1.71MTS 1A ESPAÑA,23.94,8141.59,194909.66460000002,INVERSIONES BOZZA/2025-07-18_FE00100001010000003629.PDF,2284,Porcelanato / piso,Pisos y enchapes,Material permanente,Unidad,Pisos y enchapes,2,Alta,No,,
INVERSIONES BOZZA,100001010000003652,2025-07-22,"10553 PISO PIZARRA SILVER, 29.2X58.5, 1.37M2, 8PZS",1.37,8672.56,11881.4072,INVERSIONES BOZZA/2025-07-22_FE00100001010000003652.PDF,2285,Porcelanato / piso,Pisos y enchapes,Material permanente,Caja 1.37 m²,Pisos y enchapes,2,Alta,No,,
INVERSIONES BOZZA,100001010000003670,2025-07-24,"10553 PISO PIZARRA SILVER, 29.2X58.5, 1.37M2, 8PZS",1.37,8672.56,11881.4072,INVERSIONES BOZZA/2025-07-24_FE00100001010000003670.PDF,2286,Porcelanato / piso,Pisos y enchapes,Material permanente,Caja 1.37 m²,Pisos y enchapes,2,Alta,No,,
INVERSIONES BOZZA,100001010000003885,2025-09-01,"9123 PORC. MADRID DARK GREY, PRIMERA, 60X60CM, 1.44M2, 4PZS",31.68,5132.74,162605.2032,INVERSIONES BOZZA/2025-09-01_FE00100001010000003885.PDF,2287,Porcelanato / piso,Pisos y enchapes,Material permanente,Caja 1.44 m²,Pisos y enchapes,2,Alta,No,,
INVERSIONES BOZZA,100001010000003885,2025-09-01,"10368 PORC. MADRID GREY, PRIMERA, 60X60CM, 1.44M2, 4PZS",30.24,5442.47,164580.2928,INVERSIONES BOZZA/2025-09-01_FE00100001010000003885.PDF,2288,Porcelanato / piso,Pisos y enchapes,Material permanente,Caja 1.44 m²,Pisos y enchapes,2,Alta,No,,
INVERSIONES BOZZA,100001010000003885,2025-09-01,"10700 PORCELANATO FD120213, PRIMERA, 20X120CM, 1.44M2, 6PZS",23.04,7035.4,162095.61599999998,INVERSIONES BOZZA/2025-09-01_FE00100001010000003885.PDF,2289,Porcelanato / piso,Pisos y enchapes,Material permanente,Caja 1.44 m²,Pisos y enchapes,2,Alta,No,,
INVERSIONES BOZZA,100001010000003885,2025-09-01,10209 FRAGUA 3KG PLATINUM FINA NORQUI,8.0,2646.01,21168.08,INVERSIONES BOZZA/2025-09-01_FE00100001010000003885.PDF,2290,Fragüa 3 kg,Pisos y enchapes,Material permanente,Saco/bolsa 3 kg,Pisos y enchapes,2,Alta,No,3.0,882.0033
INVERSIONES BOZZA,100001010000003885,2025-09-01,10099 MORTERO 20KG PEGA PORCELANATO NORQUI,25.0,4026.55,100663.75,INVERSIONES BOZZA/2025-09-01_FE00100001010000003885.PDF,2291,Adhesivo cerámico,Adhesivos cerámicos,Material permanente,Saco/bolsa 20 kg,Pisos y enchapes,2,Alta,No,20.0,201.3275
INVERSIONES BOZZA,100001010000003971,2025-09-16,10108 MORTERO 20KG PEGA PLUS NORQUI,10.0,3530.97,35309.7,INVERSIONES BOZZA/2025-09-16_FE00100001010000003971.PDF,2292,Mortero pega 20 kg,Adhesivos cerámicos,Material permanente,Saco/bolsa 20 kg,Pisos y enchapes,2,Alta,No,20.0,176.5485
INVERSIONES BOZZA,100001010000003993,2025-09-18,"9123 PORC. MADRID DARK GREY, PRIMERA, 60X60CM, 1.44M2, 4PZS",8.64,5132.74,44346.8736,INVERSIONES BOZZA/2025-09-18_FE00100001010000003993.PDF,2293,Porcelanato / piso,Pisos y enchapes,Material permanente,Caja 1.44 m²,Pisos y enchapes,2,Alta,No,,
INVERSIONES BOZZA,100001010000003993,2025-09-18,"10368 PORC. MADRID GREY, PRIMERA, 60X60CM, 1.44M2, 4PZS",10.08,5442.47,54860.0976,INVERSIONES BOZZA/2025-09-18_FE00100001010000003993.PDF,2294,Porcelanato / piso,Pisos y enchapes,Material permanente,Caja 1.44 m²,Pisos y enchapes,2,Alta,No,,
INVERSIONES BOZZA,100001010000003993,2025-09-18,10099 MORTERO 20KG PEGA PORCELANATO NORQUI,10.0,4026.55,40265.5,INVERSIONES BOZZA/2025-09-18_FE00100001010000003993.PDF,2295,Adhesivo cerámico,Adhesivos cerámicos,Material permanente,Saco/bolsa 20 kg,Pisos y enchapes,2,Alta,No,20.0,201.3275
INVERSIONES BOZZA,100001010000004019,2025-09-22,10099 MORTERO 20KG PEGA PORCELANATO NORQUI,15.0,4026.55,60398.25,INVERSIONES BOZZA/2025-09-22_FE00100001010000004019.PDF,2296,Adhesivo cerámico,Adhesivos cerámicos,Material permanente,Saco/bolsa 20 kg,Pisos y enchapes,2,Alta,No,20.0,201.3275
INVERSIONES BOZZA,100001010000004019,2025-09-22,"10549 PORC. MADRID GRAY SATIN, 60X60, 1ERA,1.44 M2,4PZ",2.88,5132.74,14782.2912,INVERSIONES BOZZA/2025-09-22_FE00100001010000004019.PDF,2297,Porcelanato / piso,Pisos y enchapes,Material permanente,Caja 1.44 m²,Pisos y enchapes,2,Alta,No,,
INVERSIONES BOZZA,100001010000004019,2025-09-22,9146 BASE PARA NIVELADORES TILEV 1.5 MM 100 PIEZAS,2.0,2212.4,4424.8,INVERSIONES BOZZA/2025-09-22_FE00100001010000004019.PDF,2298,Herramienta / equipo,Herramientas y equipo,Herramienta/equipo,Unidad,No incorporado,5,Alta,No,,
INVERSIONES BOZZA,100001010000004304,2025-10-30,"10553 PISO PIZARRA SILVER, 29.2X58.5, 1.37M2, 8PZS",0.16,8679.64,1388.7423999999999,INVERSIONES BOZZA/2025-10-30_FE00100001010000004304.PDF,2299,Porcelanato / piso,Pisos y enchapes,Material permanente,Caja 1.37 m²,Pisos y enchapes,2,Alta,No,,
INVERSIONES BOZZA,100001010000005691,2026-04-09,"PISO HD 1826, 58X58 CM, 2.32M2, 7PZ, 1A",23.2,3362.83,78017.656,INVERSIONES BOZZA/2026-04-09_FE00100001010000005691.PDF,2300,Porcelanato / piso,Pisos y enchapes,Material permanente,Caja 2.32 m²,Pisos y enchapes,2,Alta,No,,
INVERSIONES BOZZA,100001010000005743,2026-04-14,"PISO HD 1826, 58X58 CM, 2.32M2, 7PZ, 1A",4.64,3362.83,15603.5312,INVERSIONES BOZZA/2026-04-14_FE00100001010000005743.PDF,2301,Porcelanato / piso,Pisos y enchapes,Material permanente,Caja 2.32 m²,Pisos y enchapes,2,Alta,No,,
INVERSIONES BOZZA,100001010000006637,9999-12-31,"SYG25915-C - PORCELANATO SYG25915-C, 60X60, 1.44 M2, 4 PZS",86.4,5200.0,449280.00000000006,INVERSIONES BOZZA/2026-07-30_00100001010000006637.pdf,2302,Porcelanato / piso,Pisos y enchapes,Material permanente,Caja 1.44 m²,Pisos y enchapes,2,Alta,No,,
INVERSIONES BOZZA,100001010000006637,9999-12-31,10958 - MORTERO PEGAPORCELANATO NORQUI 20K,30.0,4026.55,120796.5,INVERSIONES BOZZA/2026-07-30_00100001010000006637.pdf,2303,Mortero pega porcelanato 20 kg,Adhesivos cerámicos,Material permanente,Unidad,Pisos y enchapes,2,Alta,No,,
INVERSIONES BOZZA,100001010000006637,9999-12-31,9146 - BASE PARA NIVELADORES TILEV 1.5 MM 100 PIEZAS,3.0,2212.4,6637.200000000001,INVERSIONES BOZZA/2026-07-30_00100001010000006637.pdf,2304,Herramienta / equipo,Herramientas y equipo,Herramienta/equipo,Unidad,No incorporado,5,Alta,No,,
INVERSIONES MERCASA AMERICANA S,100003010000242616,2025-01-03,PICO ZACHO C/CABO 5LBS TRUPER // 18647,2.0,9419.47,18838.94,Facturar.cr/2025-01-03_FE-50603012500310231559000100003010000242616102276484.pdf,2305,Pala / pico,Herramientas y equipo,Herramienta/equipo,Unidad,No incorporado,5,Alta,No,,
INVERSIONES MERCASA AMERICANA S,100004010000182894,2025-03-07,DUCHA LORENZ MAXI C/MANGUERA 127V 5500W,1.0,14476.99,14476.99,Facturar.cr/2025-03-07_FE-50607032500310231559000100004010000182894102292200.pdf,2306,Ducha,Sanitarios,Material permanente,Unidad,Aparatos sanitarios,3,Alta,No,,
INVERSIONES MERCASA AMERICANA S,100002010000103914,2025-03-11,CENTRO CARGA EMPOTRAR(FA) 24 ESPAC 125A CH,1.0,105500.88,105500.88,Facturar.cr/2025-03-11_FE-50611032500310231559000100002010000103914102293266.pdf,2307,Luminaria empotrable,Electricidad,Material permanente,Unidad,Iluminación,2,Alta,No,,
INVERSIONES MERCASA AMERICANA S,100002010000116216,2025-06-26,MEDIDOR P/AGUA 1/2’’ SELLADO AL VACIO,1.0,16088.5,16088.5,Facturar.cr/2025-06-26_FE-50626062500310231559000100002010000116216102318297.pdf,2308,Medidor de agua / caja,Plomería potable,Material permanente,Unidad,Agua potable,2,Alta,No,,
INVERSIONES MERCASA AMERICANA S,100002010000116216,2025-06-26,CAJA P/MEDIDOR DE AGUA C/TAPA 1/2’’,1.0,14015.93,14015.93,Facturar.cr/2025-06-26_FE-50626062500310231559000100002010000116216102318297.pdf,2309,Medidor de agua / caja,Plomería potable,Material permanente,Unidad,Agua potable,2,Alta,No,,
INVERSIONES MERCASA AMERICANA S,100002010000116216,2025-06-26,JGO ACCESORIOS P/MEDIDOR DE AGUA,1.0,8307.96,8307.96,Facturar.cr/2025-06-26_FE-50626062500310231559000100002010000116216102318297.pdf,2310,Medidor de agua / caja,Plomería potable,Material permanente,Unidad,Agua potable,2,Alta,No,,
INVERSIONES MERCASA AMERICANA S,100004010000191103,2025-08-23,EPOXIMIL LOCTITE 98 GRS // 201-J,1.0,2790.27,2790.27,Facturar.cr/2025-08-23_FE-50623082500310231559000100004010000191103102331766.pdf,2311,Epoximil Loctite 98 Grs // 201-J,Otros insumos,Otro registrado,Unidad,Otros,4,Baja,No,,
INVERSIONES MERCASA AMERICANA S,100004010000191340,2025-08-27,CAJA P/MEDIDOR DE AGUA C/TAPA 1/2’’,1.0,14015.93,14015.93,Facturar.cr/2025-08-27_FE-50627082500310231559000100004010000191340102332528.pdf,2312,Medidor de agua / caja,Plomería potable,Material permanente,Unidad,Agua potable,2,Alta,No,,
INVERSIONES MERCASA AMERICANA S,100004010000191340,2025-08-27,MEDIDOR P/AGUA 1/2’’ SELLADO AL VACIO,1.0,16088.5,16088.5,Facturar.cr/2025-08-27_FE-50627082500310231559000100004010000191340102332528.pdf,2313,Medidor de agua / caja,Plomería potable,Material permanente,Unidad,Agua potable,2,Alta,No,,
INVERSIONES MERCASA AMERICANA S,100003010000270331,2025-08-29,ALICATE ST PRESION RECTO 10’’ 84-371,1.0,6056.64,6056.64,Facturar.cr/2025-08-29_FE-50629082500310231559000100003010000270331102333022.pdf,2314,Herramienta / equipo,Herramientas y equipo,Herramienta/equipo,Unidad,No incorporado,5,Alta,No,,
INVERSIONES MERCASA AMERICANA S,100003010000270331,2025-08-29,CACHERA LAVAT KENNETH SATIN GG-294,1.0,22554.87,22554.87,Facturar.cr/2025-08-29_FE-50629082500310231559000100003010000270331102333022.pdf,2315,Grifería,Sanitarios,Material permanente,Unidad,Aparatos sanitarios,3,Alta,No,,
INVERSIONES MERCASA AMERICANA S,100003010000270331,2025-08-29,TAPON HEMBRA PVC C/R 12 MM ( 1/2’’ ),1.0,117.7,117.7,Facturar.cr/2025-08-29_FE-50629082500310231559000100003010000270331102333022.pdf,2316,Accesorio hidrosanitario (genérico),Plomería,Material permanente,Unidad,Instalaciones hidrosanitarias,2,Media,No,,
INVERSIONES MERCASA AMERICANA S,100003010000270331,2025-08-29,SILICON LOCTITE TRANSPARENTE 3ONZ,1.0,1992.92,1992.92,Facturar.cr/2025-08-29_FE-50629082500310231559000100003010000270331102333022.pdf,2317,Adhesivo / sellante,Ferretería,Consumible de obra,Unidad,Múltiples etapas,4,Alta,No,,
INVERSIONES MERCASA AMERICANA S,100003010000270325,2025-08-29,JGO ACCESORIOS P/MEDIDOR DE AGUA,1.0,8307.96,8307.96,Facturar.cr/2025-08-29_FE-50629082500310231559000100003010000270325102332981.pdf,2318,Medidor de agua / caja,Plomería potable,Material permanente,Unidad,Agua potable,2,Alta,No,,
INVERSIONES MERCASA AMERICANA S,100003010000270325,2025-08-29,LLAVE CANGREJO TR 12’’ LLAP-12 // 12874,1.0,3049.56,3049.56,Facturar.cr/2025-08-29_FE-50629082500310231559000100003010000270325102332981.pdf,2319,Accesorio hidrosanitario (genérico),Plomería,Material permanente,Unidad,Instalaciones hidrosanitarias,2,Media,No,,
INVERSIONES MERCASA AMERICANA S,100003010000290334,2026-06-11,"BROCA CONCRETO CORRIENTE 3/8"" X 12""",3.0,817.7,2453.1000000000004,Facturar.cr/2026-06-11_FE-50611062600310231559000100003010000290334102400324.pdf,2320,Herramienta / equipo,Herramientas y equipo,Herramienta/equipo,Unidad,No incorporado,5,Alta,No,,
INVERSIONES MERCASA AMERICANA S,100003010000290429,2026-06-12,"BROCA CONCRETO CORRIENTE 1/2"" X 12""",2.0,1182.3,2364.6,Facturar.cr/2026-06-12_FE-50612062600310231559000100003010000290429102400579.pdf,2321,Herramienta / equipo,Herramientas y equipo,Herramienta/equipo,Unidad,No incorporado,5,Alta,No,,
INVERSIONES MERCASA AMERICANA S,100004010000206912,2026-07-02,JGO ACCESORIOS P/MEDIDOR DE AGUA,1.0,8308.85,8308.85,Facturar.cr/2026-07-02_FE-50602072600310231559000100004010000206912102405214.pdf,2322,Medidor de agua / caja,Plomería potable,Material permanente,Unidad,Agua potable,2,Alta,No,,
INVERSIONES MERCASA AMERICANA S,100004010000206912,2026-07-02,"MEDIDOR P/AGUA 1/2"" SELLADO AL VACIO",1.0,14539.82,14539.82,Facturar.cr/2026-07-02_FE-50602072600310231559000100004010000206912102405214.pdf,2323,Medidor de agua / caja,Plomería potable,Material permanente,Unidad,Agua potable,2,Alta,No,,
INVERSIONES MERCASA AMERICANA S,100004010000206912,2026-07-02,"CAJA P/MEDIDOR DE AGUA C/TAPA 1/2""",1.0,14015.93,14015.93,Facturar.cr/2026-07-02_FE-50602072600310231559000100004010000206912102405214.pdf,2324,Medidor de agua / caja,Plomería potable,Material permanente,Unidad,Agua potable,2,Alta,No,,
INVERSIONES MERCASA AMERICANA S,100003010000293307,2026-07-22,"PERNO SPANDER 5/8X5"" P-5",2.0,9075.22,18150.44,Facturar.cr/2026-07-22_FE-50622072600310231559000100003010000293307102410263.pdf,2325,Tornillo / fijación,Ferretería,Consumible de obra,Unidad,Múltiples etapas,4,Alta,No,,
INVERSIONES MERCASA AMERICANA S,100003010000294163,2026-08-03,"PERNO SPANDER 5/8X5"" P-5",2.0,9075.22,18150.44,Facturar.cr/2026-08-03_FE-50603082600310231559000100003010000294163102413033.pdf,2326,Tornillo / fijación,Ferretería,Consumible de obra,Unidad,Múltiples etapas,4,Alta,No,,
INVERSIONES MERCASA AMERICANA S,100004010000210219,2026-08-17,"MEDIDOR P/AGUA 1/2"" SELLADO AL VACIO",2.0,14539.82,29079.64,Facturar.cr/2026-08-17_FE-50617082600310231559000100004010000210219102416204.pdf,2327,Medidor de agua / caja,Plomería potable,Material permanente,Unidad,Agua potable,2,Alta,No,,
INVERSIONES MERCASA AMERICANA S,100004010000210219,2026-08-17,"CAJA P/MEDIDOR DE AGUA C/TAPA 1/2""",2.0,14017.7,28035.4,Facturar.cr/2026-08-17_FE-50617082600310231559000100004010000210219102416204.pdf,2328,Medidor de agua / caja,Plomería potable,Material permanente,Unidad,Agua potable,2,Alta,No,,
INVERSIONES MERCASA AMERICANA S,100004010000210219,2026-08-17,SONDA P/ELECTRICIDAD 1/8X30 M TRUPER // 17752,1.0,11525.66,11525.66,Facturar.cr/2026-08-17_FE-50617082600310231559000100004010000210219102416204.pdf,2329,Sonda eléctrica,Electricidad,Herramienta/equipo,Unidad,Instalación eléctrica,2,Alta,No,,
INVERSIONES Y REPRESENTACIONES,100001010000007120,2026-03-11,PTA METAL TOSCANA CAFE S/MC 100X210,1.0,124934.93,124934.93,Inversiones y Representaciones Saymo Dos Mil Ocho S.A./2026-03-11_50611032600310155719200100001010000007120123151083.pdf,2330,Puerta,Puertas y cerraduras,Material permanente,Unidad,Puertas,3,Alta,No,,
INVERSIONES Y REPRESENTACIONES,100001010000007120,2026-03-11,MARCO METAL CAFE CH 40X80X2130,1.0,26548.68,26548.68,Inversiones y Representaciones Saymo Dos Mil Ocho S.A./2026-03-11_50611032600310155719200100001010000007120123151083.pdf,2331,Marco metálico puerta,Puertas y cerraduras,Material permanente,Unidad,Puertas,3,Alta,No,,
INVERSIONES Y REPRESENTACIONES,100001010000007491,2026-06-10,PTA METAL TOSCANA CAFE S/MC 100X210,1.0,124934.99,124934.99,Inversiones y Representaciones Saymo Dos Mil Ocho S.A./2026-06-10_50610062600310155719200100001010000007491159272334.pdf,2332,Puerta,Puertas y cerraduras,Material permanente,Unidad,Puertas,3,Alta,No,,
INVERSIONES Y REPRESENTACIONES,100001010000007491,2026-06-10,MARCO METAL CAFE CH 40X80X2130,1.0,26548.69,26548.69,Inversiones y Representaciones Saymo Dos Mil Ocho S.A./2026-06-10_50610062600310155719200100001010000007491159272334.pdf,2333,Marco metálico puerta,Puertas y cerraduras,Material permanente,Unidad,Puertas,3,Alta,No,,
MEZCLADORES VISAN S.A.,100001010000001410,2025-02-01,Alquiler de Puntales,25.0,1500.0,37500.0,Facturaelectronica/2025-02-01_FE-50601022500310151931000100001010000001410148988660.pdf,2334,Alquiler puntales,Servicios,Servicio,Unidad,Estructura,5,Alta,No,,
MEZCLADORES VISAN S.A.,100001010000001410,2025-02-01,Transporte,1.0,7000.0,7000.0,Facturaelectronica/2025-02-01_FE-50601022500310151931000100001010000001410148988660.pdf,2335,Flete / transporte,Servicios,Servicio,Unidad,Logística,5,Alta,No,,
PANAPLAST S.A.,100001010000285567,2025-08-13,LAM PC CELULAR GLANZE 8MM HUMO,3.0,41707.03,125121.09,Panaplast S.A./2025-08-13_00100001010000285567_A.pdf,2336,Policarbonato 8 mm,Cubierta y cerramientos,Material permanente,Unidad,Cubierta|Cerramientos,3,Alta,No,,
PANAPLAST S.A.,100001010000285567,2025-08-13,PERFIL H BASE Y TAPA POLICARB HUMO,2.0,9699.31,19398.62,Panaplast S.A./2025-08-13_00100001010000285567_A.pdf,2337,Perfil policarbonato,Cubierta y cerramientos,Material permanente,Unidad,Cubierta|Cerramientos,3,Alta,No,,
PANAPLAST S.A.,100001010000285567,2025-08-13,"TORNILLO TECHO PUNTA BROCA 1/4 X 11/2"""" BICROMATIZADO""",100.0,72.74,7273.999999999999,Panaplast S.A./2025-08-13_00100001010000285567_A.pdf,2338,Tornillo / fijación,Ferretería,Consumible de obra,Unidad,Múltiples etapas,4,Alta,No,,
PANAPLAST S.A.,100001010000285567,2025-08-13,ARANDELA EDPM 38MM GRANDE PARA POLICARBONATO,100.0,169.74,16974.0,Panaplast S.A./2025-08-13_00100001010000285567_A.pdf,2339,Tornillo / fijación,Ferretería,Consumible de obra,Unidad,Múltiples etapas,4,Alta,No,,
PANAPLAST S.A.,100001010000285567,2025-08-13,PERFIL U DE ALUMINIO 2.10Mts COLOR NEGRO,4.0,2352.08,9408.32,Panaplast S.A./2025-08-13_00100001010000285567_A.pdf,2340,Recubrimiento / pintura (genérico),Pintura,Material permanente,Pieza 2.10 m,Pintura,3,Media,No,,
PANAPLAST S.A.,100001010000285567,2025-08-13,CINTA ANTIDUST SOLIDA 25MM PARA PC 4-6-8MM,5.0,193.99,969.95,Panaplast S.A./2025-08-13_00100001010000285567_A.pdf,2341,Consumible / herramienta de obra,Ferretería,Consumible de obra,Unidad,Múltiples etapas,4,Media,No,,
PANAPLAST S.A.,100001010000285567,2025-08-13,CINTA ANTIDUST PERFORADA 25MM PARA PC 4-6-8MM,5.0,339.99,1699.95,Panaplast S.A./2025-08-13_00100001010000285567_A.pdf,2342,Consumible / herramienta de obra,Ferretería,Consumible de obra,Unidad,Múltiples etapas,4,Media,No,,
PANAPLAST S.A.,100001010000285567,2025-08-13,SILICON PARA POLICARBONATO & ACRILICO SIKA,1.0,4609.72,4609.72,Panaplast S.A./2025-08-13_00100001010000285567_A.pdf,2343,Adhesivo / sellante,Ferretería,Consumible de obra,Unidad,Múltiples etapas,4,Alta,No,,
PANAPLAST S.A.,100001010000286362,2025-08-22,LAM PC CELULAR GLANZE 8MM HUMO,1.0,41504.42,41504.42,Panaplast S.A./2025-08-22_00100001010000286362_A.pdf,2344,Policarbonato 8 mm,Cubierta y cerramientos,Material permanente,Unidad,Cubierta|Cerramientos,3,Alta,No,,
PANAPLAST S.A.,100001010000286362,2025-08-22,PERFIL H BASE Y TAPA POLICARB HUMO,1.0,9652.19,9652.19,Panaplast S.A./2025-08-22_00100001010000286362_A.pdf,2345,Perfil policarbonato,Cubierta y cerramientos,Material permanente,Unidad,Cubierta|Cerramientos,3,Alta,No,,
PANAPLAST S.A.,100001010000286362,2025-08-22,"TORNILLO TECHO PUNTA BROCA 1/4 X 11/2"""" BICROMATIZADO""",50.0,72.44,3622.0,Panaplast S.A./2025-08-22_00100001010000286362_A.pdf,2346,Tornillo / fijación,Ferretería,Consumible de obra,Unidad,Múltiples etapas,4,Alta,No,,
PANAPLAST S.A.,100001010000286362,2025-08-22,ARANDELA EDPM 29MM PARA POLICARBONATO,50.0,120.7,6035.0,Panaplast S.A./2025-08-22_00100001010000286362_A.pdf,2347,Tornillo / fijación,Ferretería,Consumible de obra,Unidad,Múltiples etapas,4,Alta,No,,
PANAPLAST S.A.,100001010000290580,2025-10-21,LAM PC CELULAR GLANZE 8MM HUMO,1.0,43713.8,43713.8,Panaplast S.A./2025-10-21_00100001010000290580_A.pdf,2348,Policarbonato 8 mm,Cubierta y cerramientos,Material permanente,Unidad,Cubierta|Cerramientos,3,Alta,No,,
PANAPLAST S.A.,100001010000290580,2025-10-21,"TORNILLO TECHO PUNTA BROCA 1/4 X 11/2"""" BICROMATIZADO""",50.0,76.25,3812.5,Panaplast S.A./2025-10-21_00100001010000290580_A.pdf,2349,Tornillo / fijación,Ferretería,Consumible de obra,Unidad,Múltiples etapas,4,Alta,No,,
PANAPLAST S.A.,100001010000290580,2025-10-21,ARANDELA EDPM 29MM PARA POLICARBONATO,50.0,127.08,6354.0,Panaplast S.A./2025-10-21_00100001010000290580_A.pdf,2350,Tornillo / fijación,Ferretería,Consumible de obra,Unidad,Múltiples etapas,4,Alta,No,,
PANAPLAST S.A.,100001010000310027,2026-06-29,LAM PC CELULAR POLYGAL 8MM HUMO,2.0,42645.5,85291.0,Panaplast S.A./2026-06-29_00100001010000310027_A.pdf,2351,Policarbonato 8 mm,Cubierta y cerramientos,Material permanente,Unidad,Cubierta|Cerramientos,3,Alta,No,,
PANAPLAST S.A.,100001010000310027,2026-06-29,PERFIL H BASE Y TAPA POLICARB HUMO,1.0,9500.0,9500.0,Panaplast S.A./2026-06-29_00100001010000310027_A.pdf,2352,Perfil policarbonato,Cubierta y cerramientos,Material permanente,Unidad,Cubierta|Cerramientos,3,Alta,No,,
PANAPLAST S.A.,100001010000310027,2026-06-29,PERFIL U DE ALUMINIO 2.10Mts COLOR NEGRO,2.0,2419.41,4838.82,Panaplast S.A./2026-06-29_00100001010000310027_A.pdf,2353,Recubrimiento / pintura (genérico),Pintura,Material permanente,Pieza 2.10 m,Pintura,3,Media,No,,
PANAPLAST S.A.,100001010000310027,2026-06-29,"TORNILLO TECHO PUNTA BROCA 1/4 X 11/2"""" BICROMATIZADO""",50.0,71.25,3562.5,Panaplast S.A./2026-06-29_00100001010000310027_A.pdf,2354,Tornillo / fijación,Ferretería,Consumible de obra,Unidad,Múltiples etapas,4,Alta,No,,
PANAPLAST S.A.,100001010000310027,2026-06-29,"ARANDELA DE NEOPRENO DE 1/4 X 1-3/16 PARA PC CELULAR""",50.0,118.75,5937.5,Panaplast S.A./2026-06-29_00100001010000310027_A.pdf,2355,Tornillo / fijación,Ferretería,Consumible de obra,Unidad,Múltiples etapas,4,Alta,No,,
PANAPLAST S.A.,100001010000310027,2026-06-29,CINTA ANTIDUST SOLIDA 25MM PARA PC 4-6-8MM,4.0,190.0,760.0,Panaplast S.A./2026-06-29_00100001010000310027_A.pdf,2356,Consumible / herramienta de obra,Ferretería,Consumible de obra,Unidad,Múltiples etapas,4,Media,No,,
PANAPLAST S.A.,100001010000310027,2026-06-29,CINTA ANTIDUST PERFORADA 25MM PARA PC 4-6-8MM,4.0,332.5,1330.0,Panaplast S.A./2026-06-29_00100001010000310027_A.pdf,2357,Consumible / herramienta de obra,Ferretería,Consumible de obra,Unidad,Múltiples etapas,4,Media,No,,
PANAPLAST S.A.,100001010000310027,2026-06-29,LAM PC COMPACTO MONOGAL 122 X 244CM X 3MM BLANCO 7003,0.5,32228.75,16114.375,Panaplast S.A./2026-06-29_00100001010000310027_A.pdf,2358,Lámina policarbonato,Cubierta y cerramientos,Material permanente,Unidad,Cubierta|Cerramientos,3,Alta,No,,
PANAPLAST S.A.,100001010000310027,2026-06-29,SERVICIO CORTE SIERRA HASTA 6MM,1.0,150.0,150.0,Panaplast S.A./2026-06-29_00100001010000310027_A.pdf,2359,Herramienta / equipo,Herramientas y equipo,Herramienta/equipo,Unidad,No incorporado,5,Alta,No,,
PIMMSA PINTURAS MACA Y MONTENEG,100002010000013819,2025-07-14,DRY COAT MATE DEEP CUB,1.0,96672.5664,96672.5664,"Pimmsa Pinturas Maca y Montenegro, S.A./2025-07-14_Factura de Ventas No. 00100002010000013819.pdf",2360,Pintura / recubrimiento,Pintura,Material permanente,Unidad,Pintura,3,Alta,No,,
PINTURAS NANDY,600006010000019334,2025-07-18,TINTE P/MADERA WENGUE GLN,1.0,29205.0,29205.0,Pinturasnandy/2025-07-18_50618072500310161455000600006010000019334199999999.pdf,2361,Tinte / sellador madera,Pintura madera,Material permanente,Unidad,Carpintería y acabados,4,Alta,No,,
RAMSTACK INT CORP S.A.,100001010000040265,2025-07-16,"PORC. JCR61124H - KT001 MATE, RECT, 1A. 60X60. T:J411",17.28,6110.0,105580.8,RAMSTACK INT CORP S.A./2025-07-16_FE-50616072500310135260000100001010000040265163873235.pdf,2362,Porcelanato / piso,Pisos y enchapes,Material permanente,Unidad,Pisos y enchapes,2,Alta,No,,
RAMSTACK INT CORP S.A.,100001010000041770,2025-11-03,"PORC. JCR61124H - KT001 MATE, RECT, 1A. 60X60. T:J411",1.44,9193.14,13238.121599999999,RAMSTACK INT CORP S.A./2025-11-03_50603112500310135260000100001010000041770115769554.pdf,2363,Porcelanato / piso,Pisos y enchapes,Material permanente,Unidad,Pisos y enchapes,2,Alta,No,,
RAMSTACK INT CORP S.A.,100001010000043300,2026-03-30,"ANCLA GRANDE VERDE NIVELACION 1,5MM PAQ 100 UNID",10.0,2050.0,20500.0,RAMSTACK INT CORP S.A./2026-03-30_50630032600310135260000100001010000043300107421420.pdf,2364,Herramienta / equipo,Herramientas y equipo,Herramienta/equipo,Unidad,No incorporado,5,Alta,No,,
RAMSTACK INT CORP S.A.,100001010000043300,2026-03-30,PISO RIVA FD BLANCO 60X60 T: 4D505,30.24,3995.0,120808.79999999999,RAMSTACK INT CORP S.A./2026-03-30_50630032600310135260000100001010000043300107421420.pdf,2365,Porcelanato / piso,Pisos y enchapes,Material permanente,Unidad,Pisos y enchapes,2,Alta,No,,
RAMSTACK INT CORP S.A.,100001010000043370,2026-04-09,PISO RIVA FD BLANCO 60X60 T: 4D505,15.84,3995.0,63280.8,RAMSTACK INT CORP S.A./2026-04-09_50609042600310135260000100001010000043370117952675.pdf,2366,Porcelanato / piso,Pisos y enchapes,Material permanente,Unidad,Pisos y enchapes,2,Alta,No,,
RAMSTACK INT CORP S.A.,100001010000043411,2026-04-14,PISO RIVA FD BLANCO 60X60 T: 4D505,2.88,3995.0,11505.6,RAMSTACK INT CORP S.A./2026-04-14_50614042600310135260000100001010000043411109043738.pdf,2367,Porcelanato / piso,Pisos y enchapes,Material permanente,Unidad,Pisos y enchapes,2,Alta,No,,
SUPERBLOQUE SOLUCIONES S.A.,100001010000008539,2025-01-06,Sistema Mixto Superblock,2.0,2063476.0,4126952.0,Ronny Martinez Vargas/2025-01-07_FE-50606012500310165183100100001010000008539115453121.pdf,2368,Sistema Superblock,Sistema constructivo,Material permanente,Unidad,Estructura|Mampostería,1,Alta,No,,
SUPERBLOQUE SOLUCIONES S.A.,100001010000008539,2025-01-06,Flete en Tandem,2.0,75000.0,150000.0,Ronny Martinez Vargas/2025-01-07_FE-50606012500310165183100100001010000008539115453121.pdf,2369,Transporte / flete,Servicios,Servicio,Unidad,Logística,5,Alta,No,,
SUPERBLOQUE SOLUCIONES S.A.,100001010000008680,2025-02-19,Sistema Superblock - Material Suelto,1.0,114184.07,114184.07,Ronny Martinez Vargas/2025-02-19_FE-50619022500310165183100100001010000008680119571117.pdf,2370,Sistema Superblock,Sistema constructivo,Material permanente,Unidad,Estructura|Mampostería,1,Alta,No,,
SUPERBLOQUE SOLUCIONES S.A.,100001010000008680,2025-02-19,Flete en Camión,1.0,33185.84,33185.84,Ronny Martinez Vargas/2025-02-19_FE-50619022500310165183100100001010000008680119571117.pdf,2371,Transporte / flete,Servicios,Servicio,Unidad,Logística,5,Alta,No,,
SUPERBLOQUE SOLUCIONES S.A.,100001010000008800,2025-03-25,Sistema Mixto Superblock,1.0,4825807.0,4825807.0,Ronny Martinez Vargas/2025-03-25_FE-50625032500310165183100100001010000008800155931247.pdf,2372,Sistema Superblock,Sistema constructivo,Material permanente,Unidad,Estructura|Mampostería,1,Alta,No,,
SUPERBLOQUE SOLUCIONES S.A.,100001010000008800,2025-03-25,Flete en Tandem,2.0,75000.0,150000.0,Ronny Martinez Vargas/2025-03-25_FE-50625032500310165183100100001010000008800155931247.pdf,2373,Transporte / flete,Servicios,Servicio,Unidad,Logística,5,Alta,No,,
SUPERBLOQUE SOLUCIONES S.A.,100001010000008800,2025-03-25,Flete Camión Peq,1.0,37500.0,37500.0,Ronny Martinez Vargas/2025-03-25_FE-50625032500310165183100100001010000008800155931247.pdf,2374,Transporte / flete,Servicios,Servicio,Unidad,Logística,5,Alta,No,,
SUPERBLOQUE SOLUCIONES S.A.,100001010000009422,2025-09-24,Sistema Mixto Superblock,1.0,2110071.0,2110071.0,Ronny Martinez Vargas/2025-09-24_FE-50624092500310165183100100001010000009422139417201.pdf,2375,Sistema Superblock,Sistema constructivo,Material permanente,Unidad,Estructura|Mampostería,1,Alta,No,,
SUPERBLOQUE SOLUCIONES S.A.,100001010000009422,2025-09-24,Flete en Tandem,1.0,75000.0,75000.0,Ronny Martinez Vargas/2025-09-24_FE-50624092500310165183100100001010000009422139417201.pdf,2376,Transporte / flete,Servicios,Servicio,Unidad,Logística,5,Alta,No,,
SUPERBLOQUE SOLUCIONES S.A.,100001010000009564,2025-11-18,Sistema Mixto Superblock,1.0,2110340.0,2110340.0,Ronny Martinez Vargas/2025-11-18_FE-50618112500310165183100100001010000009564142924947.pdf,2377,Sistema Superblock,Sistema constructivo,Material permanente,Unidad,Estructura|Mampostería,1,Alta,No,,
SUPERBLOQUE SOLUCIONES S.A.,100001010000009564,2025-11-18,Flete en Tandem,1.0,75000.0,75000.0,Ronny Martinez Vargas/2025-11-18_FE-50618112500310165183100100001010000009564142924947.pdf,2378,Transporte / flete,Servicios,Servicio,Unidad,Logística,5,Alta,No,,
SUPERBLOQUE SOLUCIONES S.A.,100001010000009593,2025-11-27,Sistema Mixto Superblock,1.0,134018.58,134018.58,Ronny Martinez Vargas/2025-11-27_FE-50627112500310165183100100001010000009593103266291.pdf,2379,Sistema Superblock,Sistema constructivo,Material permanente,Unidad,Estructura|Mampostería,1,Alta,No,,
SUPERBLOQUE SOLUCIONES S.A.,100001010000010406,2026-07-13,Viga corona,1.0,150846.78,150846.78,Ronny Martinez Vargas/2026-07-13_FE-50613072600310165183100100001010000010406178445778.pdf,2380,Viga corona prefabricada,Estructura,Material permanente,Unidad,Estructura,4,Alta,No,,
SUPERBLOQUE SOLUCIONES S.A.,100001010000010406,2026-07-13,Flete Camión Peq,1.0,46750.0,46750.0,Ronny Martinez Vargas/2026-07-13_FE-50613072600310165183100100001010000010406178445778.pdf,2381,Transporte / flete,Servicios,Servicio,Unidad,Logística,5,Alta,No,,
SUPERBLOQUE SOLUCIONES S.A.,100001010000010408,2026-07-13,Material suelto,1.0,160131.86,160131.86,Ronny Martinez Vargas/2026-07-13_FE-50613072600310165183100100001010000010408129555289.pdf,2382,Material suelto no desglosado,No desglosado,Material/servicio,Unidad,Sin etapa definida,4,Alta,No,,
SUR QUIMICA S.A.,400072011000013952,2025-08-06,1120070014 LACA INDUSTRIAL NEGRO,1.0,8402.87,8402.87,Gruposur/2025-08-06_50606082500310102243500400072011000013952199999999.pdf,2383,Pintura / laca / tinte,Pintura,Material permanente,Unidad,Pintura,3,Alta,No,,
SUR QUIMICA S.A.,400072011000013952,2025-08-06,0048090006 UNIPAR THINNER CORRIENTE,2.0,14952.3,29904.6,Gruposur/2025-08-06_50606082500310102243500400072011000013952199999999.pdf,2384,Thinner / diluyente,Pintura,Consumible de obra,Unidad,Pintura,3,Alta,No,,
TYM TORNILLOS Y MANGUERAS S.A.,100001010000017780,2026-02-20,JGO PUNTAS 40 PZ,1.0,19063.23,19063.23,TYM TORNILLOS Y MANGERAS S.A./2026-02-20_50620022600310190149900100001010000017780100000163.pdf,2385,Herramienta manual,Herramientas y equipo,Herramienta/equipo,Unidad,No incorporado,5,Alta,No,,
TYM TORNILLOS Y MANGUERAS S.A.,100001010000022632,2026-06-04,TORN ORIGINAL 6 X 20 BLANCO AU18807-U,2.0,438.83,877.66,TYM TORNILLOS Y MANGERAS S.A./2026-06-04_50604062600310190149900100001010000022632100000163.pdf,2386,Torn Original 6 X 20 Blanco Au18807-U,Otros insumos,Otro registrado,Unidad,Otros,4,Baja,No,,
TYM TORNILLOS Y MANGUERAS S.A.,100001010000022632,2026-06-04,CUBO 10 MM ESP 1/2 BERENT,1.0,1288.57,1288.57,TYM TORNILLOS Y MANGERAS S.A./2026-06-04_50604062600310190149900100001010000022632100000163.pdf,2387,Cubo 10 Mm Esp 1/2 Berent,Otros insumos,Otro registrado,Unidad,Otros,4,Baja,No,,
TYM TORNILLOS Y MANGUERAS S.A.,100001010000022632,2026-06-04,"GAZA SIN FIN INOX 5/8""",2.0,470.53,941.06,TYM TORNILLOS Y MANGERAS S.A./2026-06-04_50604062600310190149900100001010000022632100000163.pdf,2388,"Gaza Sin Fin Inox 5/8""",Otros insumos,Otro registrado,Unidad,Otros,4,Baja,No,,
TYM TORNILLOS Y MANGUERAS S.A.,100001010000022632,2026-06-04,"GAZA SIN FIN INOX 1""",1.0,619.47,619.47,TYM TORNILLOS Y MANGERAS S.A./2026-06-04_50604062600310190149900100001010000022632100000163.pdf,2389,"Gaza Sin Fin Inox 1""",Otros insumos,Otro registrado,Unidad,Otros,4,Baja,No,,
TYM TORNILLOS Y MANGUERAS S.A.,100001010000025878,2026-08-07,CUBO 16 MM ESP 1/2 BERENT,1.0,1415.93,1415.93,TYM TORNILLOS Y MANGERAS S.A./2026-08-07_50607082600310190149900100001010000025878100000163.pdf,2390,Cubo 16 Mm Esp 1/2 Berent,Otros insumos,Otro registrado,Unidad,Otros,4,Baja,No,,
TYM TORNILLOS Y MANGUERAS S.A.,100001010000025878,2026-08-07,CUBO 13MM ESP 1/2 BERENT,1.0,1327.43,1327.43,TYM TORNILLOS Y MANGERAS S.A./2026-08-07_50607082600310190149900100001010000025878100000163.pdf,2391,Cubo 13Mm Esp 1/2 Berent,Otros insumos,Otro registrado,Unidad,Otros,4,Baja,No,,
VIDRIOS ZUCAR S.A.,100001010000005368,2024-11-13,ANGULAR 1X1 NATURAL,1.0,15486.72,15486.72,Documento Electr#U00f3nico/2025-10-28_50628102500310138070200100001010000005368128102503.pdf,2392,Angular metálico,Estructura metálica,Material permanente,Unidad,Estructura|Carpintería metálica,2,Alta,No,,
